,年月,総計,北海道,青森県,岩手県,宮城県,秋田県,山形県,福島県,茨城県,栃木県,群馬県,埼玉県,千葉県,東京都,神奈川県,新潟県,富山県,石川県,福井県,山梨県,長野県,岐阜県,静岡県,愛知県,三重県,滋賀県,京都府,大阪府,兵庫県,奈良県,和歌山県,鳥取県,島根県,岡山県,広島県,山口県,徳島県,香川県,愛媛県,高知県,福岡県,佐賀県,長崎県,熊本県,大分県,宮崎県,鹿児島県,沖縄県,国外,北海道運輸局,東北運輸局,関東運輸局,北陸信越運輸局,中部運輸局,近畿運輸局,中国運輸局,四国運輸局,九州運輸局,沖縄総合事務局,年,月,ファイル名,シート名,施設所在地,経度,緯度
0,2024-12-01,18687.0,77.0,15.0,7.0,25.0,13.0,4.0,11.0,77.0,31.0,83.0,479.0,552.0,1892.0,502.0,10.0,13.0,26.0,2.0,42.0,33.0,17.0,104.0,328.0,46.0,50.0,184.0,320.0,198.0,91.0,43.0,47.0,34.0,113.0,193.0,295.0,54.0,59.0,80.0,108.0,4736.0,1979.0,1257.0,502.0,188.0,209.0,159.0,56.0,3043.0,77.0,75.0,3658.0,82.0,497.0,886.0,682.0,301.0,9030.0,56.0,2024,12,1867106,参考第2表(12月),佐賀県,133.3603,34.1375
1,2024-11-01,14589.0,153.0,14.0,20.0,23.0,16.0,25.0,6.0,85.0,28.0,133.0,423.0,496.0,1624.0,435.0,13.0,26.0,11.0,6.0,60.0,36.0,33.0,63.0,181.0,33.0,51.0,106.0,526.0,178.0,49.0,25.0,41.0,12.0,158.0,174.0,242.0,97.0,22.0,153.0,109.0,2720.0,1911.0,678.0,384.0,327.0,113.0,138.0,168.0,1941.0,153.0,104.0,3284.0,86.0,316.0,935.0,627.0,381.0,6271.0,168.0,2024,11,1860296,参考第2表(11月),佐賀県,133.8284,34.2544
2,2024-10-01,19033.0,195.0,26.0,86.0,59.0,105.0,79.0,128.0,228.0,308.0,255.0,664.0,416.0,1661.0,608.0,76.0,37.0,85.0,35.0,98.0,61.0,275.0,113.0,446.0,220.0,150.0,168.0,531.0,379.0,103.0,69.0,81.0,214.0,114.0,403.0,199.0,66.0,127.0,137.0,51.0,3110.0,2754.0,777.0,322.0,248.0,160.0,196.0,67.0,2050.0,195.0,483.0,4238.0,259.0,1089.0,1400.0,1011.0,381.0,7567.0,67.0,2024,10,1853929,参考第2表(10月),佐賀県,134.2798,34.5626
3,2024-09-01,13246.0,75.0,255.0,16.0,117.0,214.0,33.0,104.0,170.0,69.0,155.0,513.0,238.0,750.0,645.0,151.0,20.0,75.0,140.0,23.0,113.0,50.0,131.0,110.0,27.0,42.0,150.0,209.0,166.0,68.0,42.0,135.0,9.0,57.0,136.0,174.0,56.0,155.0,69.0,111.0,2562.0,1826.0,454.0,563.0,248.0,85.0,279.0,24.0,1165.0,75.0,739.0,2563.0,359.0,458.0,677.0,511.0,391.0,6017.0,24.0,2024,9,1845514,参考第2表(9月),佐賀県,134.0560,34.5961
4,2024-08-01,22113.0,93.0,12.0,9.0,9.0,11.0,10.0,5.0,91.0,39.0,43.0,328.0,715.0,1995.0,854.0,28.0,12.0,39.0,10.0,27.0,17.0,48.0,101.0,453.0,58.0,106.0,205.0,616.0,346.0,63.0,31.0,66.0,31.0,93.0,369.0,424.0,71.0,140.0,81.0,109.0,7063.0,2122.0,1168.0,841.0,320.0,164.0,144.0,101.0,2055.0,93.0,56.0,4092.0,96.0,670.0,1367.0,983.0,401.0,11822.0,101.0,2024,8,1840259,参考第2表(8月),佐賀県,133.1484,34.0960
5,2024-07-01,14543.0,92.0,3.0,0.0,9.0,11.0,23.0,15.0,60.0,22.0,28.0,215.0,252.0,1353.0,393.0,10.0,11.0,12.0,17.0,18.0,94.0,66.0,91.0,129.0,19.0,50.0,94.0,445.0,201.0,29.0,43.0,7.0,22.0,71.0,142.0,118.0,6.0,93.0,19.0,4.0,4551.0,1760.0,710.0,545.0,212.0,142.0,136.0,75.0,1903.0,92.0,61.0,2341.0,127.0,322.0,862.0,360.0,122.0,8056.0,75.0,2024,7,1765039,参考第2表(7月),佐賀県,132.9305,34.0463
6,2024-06-01,11848.0,99.0,9.0,18.0,25.0,8.0,12.0,32.0,39.0,43.0,18.0,211.0,443.0,723.0,542.0,3.0,15.0,3.0,21.0,18.0,24.0,25.0,59.0,143.0,14.0,17.0,84.0,283.0,110.0,23.0,26.0,32.0,10.0,31.0,123.0,284.0,8.0,198.0,60.0,49.0,2740.0,1362.0,754.0,300.0,172.0,137.0,165.0,39.0,2114.0,99.0,104.0,2037.0,45.0,262.0,543.0,480.0,315.0,5630.0,39.0,2024,6,1760851,参考第2表(6月),佐賀県,133.2534,34.1354
7,2024-05-01,17989.0,104.0,48.0,24.0,31.0,19.0,29.0,59.0,187.0,34.0,41.0,558.0,411.0,1680.0,801.0,26.0,24.0,18.0,11.0,33.0,36.0,32.0,97.0,315.0,30.0,38.0,127.0,787.0,239.0,68.0,50.0,32.0,77.0,70.0,258.0,396.0,104.0,144.0,131.0,74.0,3856.0,1807.0,801.0,464.0,336.0,201.0,262.0,28.0,2724.0,104.0,210.0,3745.0,104.0,485.0,1309.0,833.0,453.0,7727.0,28.0,2024,5,1757460,参考第2表(5月),佐賀県,133.8205,34.3051
8,2024-04-01,16774.0,94.0,20.0,14.0,34.0,14.0,12.0,12.0,79.0,49.0,78.0,547.0,380.0,1693.0,472.0,18.0,17.0,20.0,6.0,28.0,31.0,32.0,68.0,233.0,33.0,65.0,112.0,599.0,249.0,62.0,29.0,32.0,27.0,51.0,209.0,310.0,78.0,165.0,106.0,20.0,3530.0,1857.0,985.0,373.0,257.0,104.0,187.0,98.0,3017.0,94.0,106.0,3326.0,86.0,372.0,1116.0,629.0,369.0,7293.0,98.0,2024,4,1750677,参考第2表(4月),佐賀県,133.5980,34.2066
9,2024-03-01,13945.0,117.0,4.0,5.0,180.0,9.0,7.0,11.0,29.0,38.0,66.0,197.0,287.0,1327.0,680.0,14.0,26.0,13.0,9.0,24.0,27.0,24.0,127.0,275.0,42.0,35.0,166.0,395.0,134.0,65.0,54.0,14.0,33.0,41.0,187.0,247.0,30.0,105.0,45.0,57.0,3181.0,1699.0,713.0,329.0,229.0,167.0,113.0,55.0,1957.0,117.0,216.0,2648.0,80.0,477.0,849.0,522.0,237.0,6431.0,55.0,2024,3,1745072,参考第2表(3月),佐賀県,133.6055,34.2569
10,2024-02-01,15327.0,106.0,9.0,10.0,15.0,1.0,11.0,9.0,66.0,37.0,194.0,376.0,231.0,1779.0,702.0,29.0,12.0,8.0,14.0,7.0,23.0,28.0,69.0,293.0,33.0,102.0,117.0,296.0,181.0,42.0,32.0,10.0,52.0,45.0,169.0,157.0,86.0,35.0,40.0,52.0,3062.0,1496.0,787.0,371.0,171.0,81.0,104.0,62.0,3455.0,106.0,55.0,3392.0,72.0,437.0,770.0,433.0,213.0,6072.0,62.0,2024,2,1740006,参考第2表(2月),佐賀県,133.9500,34.3249
11,2024-01-01,24704.0,92.0,5.0,6.0,16.0,6.0,5.0,36.0,88.0,67.0,97.0,300.0,258.0,3704.0,505.0,18.0,95.0,11.0,5.0,31.0,38.0,29.0,52.0,223.0,36.0,51.0,132.0,479.0,267.0,87.0,26.0,8.0,14.0,77.0,250.0,333.0,107.0,80.0,59.0,35.0,5224.0,2200.0,1518.0,726.0,471.0,136.0,139.0,117.0,5667.0,92.0,74.0,5050.0,162.0,345.0,1042.0,682.0,281.0,10414.0,117.0,2024,1,1732631,参考第2表(1月),佐賀県,133.5933,34.1792
12,2023-12-01,21919.0,110.0,8.0,26.0,31.0,10.0,8.0,11.0,86.0,77.0,99.0,376.0,466.0,3249.0,770.0,36.0,17.0,115.0,11.0,19.0,55.0,18.0,68.0,273.0,46.0,49.0,74.0,474.0,346.0,73.0,29.0,11.0,12.0,40.0,275.0,396.0,47.0,66.0,81.0,35.0,4391.0,2393.0,1245.0,484.0,262.0,126.0,250.0,68.0,3909.0,110.0,94.0,5142.0,223.0,416.0,1045.0,734.0,229.0,9151.0,68.0,2023,12,1725251,参考第2表(12月),佐賀県,133.8974,34.2905
13,2023-11-01,12252.0,168.0,11.0,8.0,25.0,47.0,7.0,13.0,128.0,90.0,94.0,341.0,565.0,1146.0,462.0,19.0,15.0,48.0,3.0,16.0,63.0,62.0,55.0,482.0,62.0,36.0,126.0,347.0,184.0,79.0,13.0,72.0,22.0,47.0,120.0,386.0,68.0,57.0,39.0,73.0,2334.0,1555.0,689.0,316.0,210.0,85.0,121.0,34.0,1299.0,168.0,111.0,2842.0,145.0,664.0,785.0,647.0,237.0,5310.0,34.0,2023,11,810002999,参考第2表(11月),佐賀県,134.0685,34.4412
14,2023-10-01,16216.0,149.0,2.0,10.0,35.0,4.0,16.0,34.0,83.0,67.0,108.0,386.0,657.0,1286.0,441.0,16.0,13.0,10.0,57.0,18.0,121.0,48.0,72.0,514.0,39.0,59.0,172.0,721.0,163.0,75.0,21.0,23.0,65.0,123.0,326.0,221.0,68.0,129.0,82.0,128.0,3215.0,1880.0,758.0,426.0,250.0,119.0,138.0,188.0,2398.0,149.0,101.0,3046.0,160.0,730.0,1211.0,758.0,407.0,6786.0,188.0,2023,10,810003002,参考第2表(10月),佐賀県,133.7270,34.2394
15,2023-09-01,10537.0,154.0,0.0,11.0,13.0,7.0,7.0,9.0,41.0,40.0,169.0,352.0,280.0,903.0,402.0,3.0,3.0,13.0,2.0,10.0,12.0,28.0,83.0,286.0,17.0,57.0,85.0,253.0,151.0,37.0,55.0,20.0,73.0,102.0,194.0,174.0,20.0,31.0,35.0,52.0,2618.0,1275.0,440.0,247.0,194.0,117.0,100.0,39.0,998.0,154.0,47.0,2197.0,31.0,416.0,638.0,563.0,138.0,4991.0,39.0,2023,9,810003005,参考第2表(9月),佐賀県,133.6502,34.3243
16,2023-08-01,14972.0,28.0,24.0,0.0,0.0,21.0,2.0,10.0,19.0,15.0,19.0,856.0,131.0,1343.0,486.0,3.0,11.0,17.0,6.0,9.0,32.0,20.0,76.0,129.0,12.0,44.0,117.0,366.0,189.0,20.0,37.0,1.0,21.0,55.0,159.0,304.0,10.0,101.0,174.0,52.0,4991.0,1969.0,724.0,543.0,270.0,92.0,153.0,16.0,773.0,28.0,57.0,2878.0,63.0,243.0,773.0,540.0,337.0,8742.0,16.0,2023,8,810003007,参考第2表(8月),佐賀県,132.9581,34.0574
17,2023-07-01,16457.0,45.0,2.0,4.0,19.0,2.0,6.0,11.0,84.0,37.0,88.0,270.0,288.0,1077.0,725.0,9.0,10.0,14.0,34.0,27.0,21.0,26.0,48.0,164.0,25.0,26.0,99.0,349.0,209.0,67.0,23.0,5.0,93.0,58.0,177.0,228.0,162.0,58.0,48.0,78.0,5044.0,2033.0,1145.0,533.0,178.0,160.0,150.0,21.0,2264.0,45.0,44.0,2596.0,54.0,297.0,773.0,561.0,346.0,9243.0,21.0,2023,7,810003009,参考第2表(7月),佐賀県,132.7523,33.9830
18,2023-06-01,14700.0,71.0,22.0,7.0,13.0,12.0,14.0,16.0,94.0,24.0,32.0,524.0,364.0,1259.0,262.0,14.0,31.0,10.0,20.0,7.0,24.0,27.0,41.0,195.0,10.0,47.0,99.0,428.0,147.0,55.0,12.0,117.0,43.0,35.0,289.0,135.0,14.0,58.0,138.0,87.0,3891.0,2384.0,979.0,439.0,304.0,137.0,141.0,39.0,1328.0,71.0,84.0,2566.0,79.0,293.0,788.0,619.0,297.0,8275.0,39.0,2023,6,810003011,参考第2表(6月),佐賀県,132.9678,34.0610
19,2023-05-01,17686.0,109.0,11.0,20.0,26.0,17.0,35.0,18.0,70.0,52.0,118.0,670.0,735.0,1834.0,699.0,18.0,22.0,27.0,15.0,26.0,54.0,29.0,72.0,556.0,26.0,56.0,125.0,628.0,341.0,105.0,11.0,29.0,34.0,80.0,328.0,528.0,32.0,105.0,137.0,73.0,3947.0,1974.0,1074.0,405.0,210.0,194.0,270.0,47.0,1277.0,109.0,127.0,4204.0,121.0,698.0,1266.0,999.0,347.0,8074.0,47.0,2023,5,810003013,参考第2表(5月),佐賀県,133.8606,34.2966
20,2023-04-01,14974.0,123.0,14.0,10.0,27.0,7.0,13.0,27.0,57.0,86.0,218.0,366.0,479.0,1463.0,649.0,27.0,17.0,11.0,10.0,22.0,27.0,40.0,43.0,204.0,24.0,37.0,138.0,527.0,170.0,49.0,14.0,56.0,58.0,96.0,228.0,279.0,84.0,56.0,242.0,26.0,3369.0,1455.0,1022.0,374.0,208.0,130.0,150.0,32.0,1907.0,123.0,98.0,3340.0,82.0,321.0,935.0,717.0,408.0,6708.0,32.0,2023,4,1616669,参考第2表(4月),佐賀県,133.7431,34.3000
21,2023-03-01,18601.0,137.0,14.0,11.0,70.0,28.0,15.0,23.0,66.0,87.0,104.0,492.0,690.0,1639.0,694.0,69.0,10.0,23.0,13.0,17.0,18.0,59.0,117.0,328.0,104.0,66.0,210.0,551.0,279.0,47.0,37.0,15.0,44.0,74.0,265.0,414.0,43.0,107.0,140.0,46.0,4700.0,2191.0,1085.0,481.0,339.0,113.0,155.0,88.0,1851.0,137.0,161.0,3789.0,120.0,621.0,1190.0,812.0,336.0,9064.0,88.0,2023,3,1611685,参考第2表(3月),佐賀県,133.5229,34.2307
22,2023-02-01,14274.0,67.0,12.0,4.0,10.0,0.0,6.0,22.0,94.0,23.0,85.0,392.0,409.0,1308.0,585.0,50.0,66.0,64.0,36.0,28.0,48.0,29.0,48.0,368.0,89.0,37.0,103.0,403.0,175.0,99.0,38.0,7.0,18.0,53.0,242.0,211.0,17.0,24.0,10.0,22.0,3690.0,1378.0,960.0,337.0,195.0,114.0,123.0,73.0,1525.0,67.0,54.0,2924.0,228.0,570.0,855.0,531.0,73.0,6797.0,73.0,2023,2,1602931,参考第2表(2月),佐賀県,133.5647,34.2162
23,2023-01-01,14730.0,156.0,7.0,14.0,15.0,12.0,5.0,8.0,65.0,88.0,124.0,228.0,356.0,1232.0,340.0,17.0,28.0,25.0,14.0,31.0,31.0,61.0,38.0,211.0,26.0,37.0,139.0,318.0,173.0,39.0,25.0,17.0,44.0,56.0,204.0,200.0,15.0,15.0,37.0,29.0,4375.0,1722.0,1366.0,428.0,184.0,93.0,95.0,70.0,1667.0,156.0,61.0,2464.0,101.0,350.0,731.0,521.0,96.0,8263.0,70.0,2023,1,1596098,参考第2表(1月),佐賀県,132.9020,34.0904
24,2022-12-01,18130.0,80.0,23.0,9.0,17.0,11.0,3.0,20.0,124.0,86.0,92.0,424.0,326.0,1094.0,508.0,19.0,11.0,26.0,15.0,25.0,14.0,37.0,149.0,154.0,48.0,53.0,138.0,276.0,145.0,87.0,50.0,24.0,25.0,89.0,130.0,112.0,3.0,20.0,13.0,28.0,3414.0,1937.0,878.0,312.0,142.0,82.0,96.0,64.0,1322.0,80.0,83.0,2679.0,70.0,403.0,749.0,380.0,64.0,6861.0,64.0,2022,12,1588919,参考第2表(12月),佐賀県,133.3608,34.1700
25,2022-11-01,18466.0,155.0,7.0,16.0,48.0,10.0,24.0,32.0,59.0,40.0,47.0,640.0,843.0,1929.0,755.0,31.0,46.0,54.0,12.0,29.0,67.0,77.0,85.0,542.0,64.0,132.0,203.0,730.0,389.0,153.0,67.0,38.0,27.0,79.0,284.0,339.0,35.0,31.0,55.0,53.0,4350.0,2150.0,1315.0,493.0,250.0,190.0,214.0,67.0,723.0,155.0,137.0,4342.0,198.0,780.0,1674.0,767.0,174.0,8962.0,67.0,2022,11,1583855,参考第2表(11月),佐賀県,133.8463,34.2970
26,2022-10-01,14808.0,104.0,2.0,23.0,27.0,16.0,28.0,3.0,94.0,74.0,67.0,245.0,229.0,1772.0,563.0,50.0,37.0,33.0,1.0,42.0,36.0,46.0,100.0,593.0,99.0,72.0,160.0,483.0,241.0,106.0,180.0,35.0,31.0,96.0,214.0,209.0,17.0,27.0,24.0,37.0,3961.0,1752.0,1030.0,465.0,281.0,119.0,192.0,97.0,303.0,104.0,99.0,3086.0,156.0,839.0,1242.0,585.0,105.0,7800.0,97.0,2022,10,1578856,参考第2表(10月),佐賀県,133.5425,34.1998
27,2022-09-01,11810.0,48.0,0.0,1.0,19.0,0.0,10.0,1.0,26.0,28.0,26.0,125.0,177.0,1341.0,352.0,9.0,15.0,16.0,8.0,22.0,23.0,17.0,43.0,163.0,24.0,26.0,95.0,502.0,133.0,69.0,16.0,7.0,3.0,35.0,129.0,75.0,7.0,19.0,33.0,10.0,3611.0,2433.0,1057.0,378.0,182.0,101.0,140.0,52.0,18.0,48.0,31.0,2097.0,63.0,255.0,841.0,249.0,69.0,7902.0,52.0,2022,9,1572819,参考第2表(9月),佐賀県,132.6881,33.9267
28,2022-08-01,16561.0,36.0,1.0,0.0,19.0,1.0,11.0,9.0,51.0,46.0,58.0,178.0,191.0,1463.0,467.0,4.0,15.0,11.0,7.0,38.0,31.0,17.0,93.0,260.0,23.0,45.0,179.0,417.0,186.0,72.0,13.0,17.0,10.0,42.0,205.0,191.0,8.0,24.0,23.0,7.0,6552.0,2477.0,1258.0,657.0,258.0,160.0,189.0,50.0,22.0,36.0,41.0,2492.0,61.0,400.0,912.0,465.0,62.0,11551.0,50.0,2022,8,1518809,参考第2表(8月),佐賀県,132.3916,33.8780
29,2022-07-01,20209.0,48.0,3.0,2.0,27.0,2.0,4.0,12.0,31.0,40.0,14.0,152.0,302.0,1274.0,441.0,13.0,24.0,18.0,22.0,29.0,19.0,28.0,86.0,191.0,31.0,56.0,117.0,535.0,362.0,77.0,40.0,16.0,20.0,54.0,195.0,116.0,3.0,49.0,44.0,11.0,6308.0,3024.0,1093.0,661.0,314.0,182.0,238.0,48.0,79.0,48.0,50.0,2283.0,74.0,358.0,1187.0,401.0,107.0,11820.0,48.0,2022,7,1513787,参考第2表(7月),佐賀県,132.3370,33.8568
30,2022-06-01,18717.0,25.0,2.0,3.0,8.0,2.0,0.0,8.0,55.0,46.0,13.0,159.0,199.0,2021.0,385.0,19.0,15.0,14.0,109.0,11.0,57.0,23.0,121.0,212.0,16.0,17.0,74.0,638.0,748.0,28.0,12.0,13.0,7.0,45.0,176.0,103.0,14.0,57.0,21.0,10.0,5540.0,2757.0,1254.0,1109.0,267.0,174.0,205.0,62.0,17.0,25.0,23.0,2889.0,105.0,481.0,1517.0,344.0,102.0,11306.0,62.0,2022,6,1498879,参考第2表(6月),佐賀県,132.7242,33.9214
31,2022-05-01,10015.0,56.0,4.0,3.0,11.0,2.0,11.0,2.0,63.0,26.0,34.0,127.0,248.0,1167.0,421.0,16.0,13.0,13.0,18.0,12.0,29.0,20.0,46.0,169.0,42.0,31.0,240.0,396.0,368.0,45.0,19.0,20.0,27.0,36.0,156.0,72.0,16.0,22.0,26.0,16.0,3141.0,1629.0,594.0,259.0,140.0,61.0,60.0,59.0,29.0,56.0,33.0,2098.0,71.0,295.0,1099.0,311.0,80.0,5884.0,59.0,2022,5,1492188,参考第2表(5月),佐賀県,133.2777,34.1394
32,2022-04-01,11063.0,57.0,4.0,5.0,29.0,0.0,0.0,2.0,24.0,36.0,27.0,189.0,122.0,931.0,358.0,8.0,5.0,2.0,10.0,9.0,13.0,24.0,27.0,223.0,21.0,29.0,83.0,438.0,389.0,44.0,15.0,19.0,16.0,35.0,204.0,126.0,8.0,8.0,14.0,7.0,3853.0,2080.0,804.0,370.0,168.0,82.0,121.0,17.0,7.0,57.0,40.0,1696.0,28.0,305.0,998.0,400.0,37.0,7478.0,17.0,2022,4,1488455,参考第2表(4月),佐賀県,132.5963,33.9684
33,2022-03-01,16509.0,47.0,2.0,4.0,47.0,8.0,0.0,5.0,107.0,53.0,22.0,167.0,267.0,1428.0,402.0,10.0,13.0,10.0,10.0,20.0,18.0,29.0,103.0,382.0,22.0,63.0,144.0,1266.0,2167.0,58.0,43.0,14.0,22.0,121.0,232.0,101.0,9.0,410.0,19.0,23.0,4472.0,2821.0,655.0,332.0,176.0,83.0,58.0,40.0,4.0,47.0,66.0,2466.0,51.0,546.0,3741.0,490.0,461.0,8597.0,40.0,2022,3,1593741,参考第2表(3月),佐賀県,133.3461,34.1726
34,2022-02-01,4281.0,34.0,1.0,0.0,10.0,2.0,2.0,4.0,12.0,18.0,7.0,80.0,79.0,542.0,182.0,0.0,4.0,4.0,4.0,4.0,6.0,7.0,27.0,89.0,9.0,45.0,37.0,160.0,134.0,12.0,4.0,2.0,4.0,5.0,42.0,47.0,3.0,9.0,0.0,12.0,1332.0,840.0,215.0,84.0,73.0,33.0,49.0,10.0,2.0,34.0,19.0,924.0,14.0,136.0,392.0,100.0,24.0,2626.0,10.0,2022,2,1479844,参考第2表(2月),佐賀県,133.2401,34.1451
35,2022-01-01,14893.0,54.0,0.0,4.0,14.0,1.0,0.0,13.0,55.0,21.0,31.0,138.0,186.0,1227.0,256.0,9.0,0.0,8.0,6.0,4.0,11.0,11.0,57.0,193.0,14.0,26.0,107.0,352.0,389.0,55.0,19.0,11.0,15.0,37.0,113.0,80.0,12.0,10.0,26.0,23.0,5598.0,2309.0,1250.0,269.0,122.0,57.0,59.0,36.0,0.0,54.0,32.0,1918.0,28.0,281.0,948.0,256.0,71.0,9664.0,36.0,2022,1,1473828,参考第2表(1月),佐賀県,132.3038,33.8972
36,2021-12-01,14131.0,40.0,7.0,6.0,11.0,5.0,12.0,10.0,139.0,77.0,67.0,192.0,202.0,1039.0,354.0,74.0,9.0,11.0,3.0,3.0,1.0,20.0,60.0,232.0,22.0,28.0,167.0,352.0,248.0,45.0,13.0,2.0,4.0,39.0,271.0,261.0,19.0,25.0,21.0,27.0,3629.0,4517.0,850.0,285.0,153.0,213.0,298.0,63.0,5.0,40.0,51.0,2073.0,95.0,337.0,853.0,577.0,92.0,9945.0,63.0,2021,12,1465508,参考第2表(12月),佐賀県,132.3759,33.8441
37,2021-11-01,12724.0,99.0,3.0,7.0,19.0,4.0,331.0,6.0,102.0,91.0,76.0,320.0,246.0,1131.0,418.0,29.0,17.0,39.0,16.0,21.0,30.0,29.0,50.0,206.0,30.0,84.0,306.0,406.0,255.0,99.0,44.0,27.0,26.0,56.0,221.0,138.0,13.0,32.0,18.0,18.0,2780.0,3612.0,583.0,255.0,167.0,103.0,113.0,46.0,2.0,99.0,370.0,2405.0,115.0,331.0,1194.0,468.0,81.0,7613.0,46.0,2021,11,1461319,参考第2表(11月),佐賀県,133.2683,34.2161
38,2021-10-01,16979.0,50.0,4.0,0.0,32.0,80.0,0.0,0.0,36.0,44.0,20.0,194.0,190.0,1301.0,279.0,13.0,8.0,7.0,0.0,9.0,13.0,23.0,35.0,877.0,27.0,19.0,79.0,450.0,220.0,57.0,17.0,10.0,11.0,35.0,211.0,122.0,11.0,535.0,28.0,3.0,2700.0,4680.0,503.0,300.0,131.0,130.0,66.0,56.0,9.0,50.0,116.0,2073.0,41.0,962.0,842.0,389.0,577.0,8510.0,56.0,2021,10,1446517,参考第2表(10月),佐賀県,132.8692,34.0186
39,2021-09-01,6360.0,33.0,0.0,1.0,3.0,0.0,1.0,0.0,7.0,0.0,3.0,66.0,58.0,606.0,221.0,5.0,2.0,7.0,2.0,4.0,3.0,15.0,7.0,53.0,8.0,9.0,49.0,188.0,125.0,21.0,4.0,5.0,5.0,31.0,33.0,45.0,9.0,4.0,26.0,2.0,2222.0,1769.0,343.0,195.0,99.0,25.0,35.0,4.0,7.0,33.0,5.0,965.0,17.0,85.0,396.0,119.0,41.0,4688.0,4.0,2021,9,1443179,参考第2表(9月),佐賀県,132.2996,33.8890
40,2021-08-01,15668.0,22.0,6.0,1.0,4.0,5.0,1.0,6.0,28.0,36.0,20.0,75.0,99.0,700.0,219.0,2.0,2.0,14.0,14.0,0.0,8.0,22.0,20.0,176.0,31.0,55.0,55.0,246.0,136.0,52.0,4.0,2.0,7.0,49.0,144.0,69.0,2.0,11.0,24.0,2.0,4298.0,3757.0,367.0,341.0,142.0,45.0,62.0,9.0,399.0,22.0,23.0,1177.0,26.0,263.0,548.0,271.0,39.0,9012.0,9.0,2021,8,1429247,参考第2表(8月),佐賀県,131.8302,33.7736
41,2021-07-01,11801.0,48.0,2.0,0.0,9.0,0.0,0.0,2.0,23.0,16.0,14.0,88.0,74.0,539.0,155.0,15.0,8.0,5.0,5.0,12.0,38.0,9.0,11.0,66.0,6.0,10.0,57.0,190.0,94.0,19.0,12.0,7.0,5.0,28.0,76.0,67.0,9.0,17.0,14.0,13.0,3800.0,3570.0,404.0,374.0,134.0,42.0,81.0,57.0,1576.0,48.0,13.0,921.0,66.0,97.0,382.0,183.0,53.0,8405.0,57.0,2021,7,1425770,参考第2表(7月),佐賀県,131.5937,33.6834
42,2021-06-01,6391.0,15.0,0.0,0.0,5.0,7.0,1.0,2.0,15.0,7.0,9.0,38.0,79.0,953.0,111.0,6.0,0.0,4.0,0.0,2.0,16.0,7.0,16.0,120.0,13.0,13.0,20.0,275.0,57.0,18.0,4.0,4.0,3.0,23.0,53.0,37.0,6.0,13.0,0.0,2.0,1998.0,1761.0,213.0,330.0,57.0,32.0,46.0,0.0,0.0,15.0,15.0,1214.0,26.0,156.0,387.0,120.0,21.0,4437.0,0.0,2021,6,1420780,参考第2表(6月),佐賀県,132.7213,33.9756
43,2021-05-01,8061.0,35.0,0.0,3.0,2.0,0.0,0.0,6.0,10.0,21.0,14.0,80.0,114.0,749.0,176.0,9.0,0.0,11.0,0.0,5.0,13.0,10.0,12.0,325.0,19.0,40.0,30.0,159.0,86.0,14.0,15.0,2.0,4.0,27.0,115.0,60.0,10.0,14.0,4.0,1.0,2530.0,2557.0,318.0,277.0,94.0,29.0,48.0,13.0,0.0,35.0,11.0,1169.0,33.0,366.0,344.0,208.0,29.0,5853.0,13.0,2021,5,1416262,参考第2表(5月),佐賀県,132.3575,33.9007
44,2021-04-01,6962.0,20.0,0.0,0.0,1.0,8.0,3.0,5.0,23.0,9.0,11.0,75.0,99.0,725.0,201.0,27.0,6.0,7.0,4.0,26.0,9.0,14.0,16.0,234.0,15.0,11.0,36.0,142.0,67.0,21.0,13.0,11.0,19.0,20.0,85.0,39.0,2.0,17.0,5.0,6.0,1661.0,1197.0,248.0,181.0,99.0,45.0,62.0,20.0,6.0,20.0,17.0,1169.0,49.0,283.0,290.0,174.0,30.0,3493.0,20.0,2021,4,1411542,参考第2表(4月),佐賀県,133.1272,34.0847
45,2021-03-01,11819.0,373.0,0.0,0.0,0.0,0.0,4.0,1.0,31.0,33.0,39.0,103.0,126.0,598.0,198.0,8.0,4.0,9.0,7.0,6.0,12.0,12.0,25.0,134.0,17.0,41.0,73.0,302.0,156.0,63.0,36.0,6.0,11.0,24.0,145.0,65.0,6.0,14.0,18.0,6.0,2782.0,2750.0,619.0,325.0,117.0,97.0,108.0,32.0,4.0,373.0,5.0,1134.0,33.0,195.0,671.0,251.0,44.0,6798.0,32.0,2021,3,1406192,参考第2表(3月),佐賀県,132.4240,34.1193
46,2021-02-01,4822.0,5.0,4.0,0.0,3.0,1.0,5.0,0.0,8.0,4.0,4.0,56.0,58.0,285.0,63.0,0.0,5.0,2.0,0.0,0.0,12.0,6.0,13.0,62.0,19.0,5.0,19.0,87.0,80.0,10.0,14.0,15.0,11.0,11.0,49.0,27.0,0.0,7.0,3.0,12.0,1286.0,901.0,205.0,122.0,58.0,66.0,45.0,29.0,4.0,5.0,13.0,478.0,19.0,100.0,215.0,113.0,22.0,2683.0,29.0,2021,2,1402241,参考第2表(2月),佐賀県,132.2049,33.7802
47,2021-01-01,7221.0,22.0,7.0,1.0,0.0,0.0,3.0,7.0,19.0,9.0,7.0,19.0,52.0,420.0,81.0,6.0,0.0,0.0,1.0,6.0,0.0,1.0,10.0,48.0,17.0,0.0,20.0,127.0,80.0,24.0,4.0,4.0,9.0,3.0,46.0,59.0,3.0,6.0,8.0,12.0,2314.0,1231.0,379.0,140.0,84.0,42.0,31.0,13.0,2.0,22.0,18.0,613.0,6.0,77.0,255.0,121.0,29.0,4221.0,13.0,2021,1,1395039,参考第2表(1月),佐賀県,131.8824,33.7874
48,2020-12-01,21975.0,23.0,1.0,1.0,35.0,0.0,3.0,4.0,62.0,44.0,24.0,228.0,252.0,2949.0,300.0,105.0,6.0,12.0,3.0,2.0,11.0,38.0,520.0,514.0,24.0,93.0,124.0,1172.0,294.0,72.0,36.0,14.0,16.0,61.0,126.0,154.0,7.0,8.0,25.0,14.0,6269.0,3053.0,1400.0,516.0,254.0,79.0,104.0,70.0,7.0,23.0,44.0,3861.0,134.0,1099.0,1791.0,371.0,54.0,11675.0,70.0,2020,12,1387590,参考第2表(12月),佐賀県,133.2360,34.0936
49,2020-11-01,23380.0,52.0,45.0,0.0,65.0,3.0,6.0,2.0,40.0,29.0,29.0,192.0,245.0,3474.0,356.0,178.0,20.0,31.0,15.0,18.0,61.0,55.0,47.0,755.0,58.0,60.0,133.0,1231.0,303.0,92.0,47.0,20.0,14.0,53.0,206.0,118.0,15.0,196.0,38.0,7.0,4896.0,2819.0,870.0,557.0,346.0,271.0,232.0,110.0,2.0,52.0,121.0,4383.0,290.0,930.0,1866.0,411.0,256.0,9991.0,110.0,2020,11,1384547,参考第2表(11月),佐賀県,133.7228,34.2227
50,2020-10-01,15870.0,47.0,6.0,2.0,5.0,3.0,0.0,5.0,51.0,28.0,40.0,159.0,248.0,1084.0,312.0,9.0,19.0,8.0,0.0,17.0,7.0,27.0,41.0,516.0,35.0,55.0,325.0,670.0,544.0,52.0,38.0,15.0,28.0,54.0,185.0,155.0,11.0,14.0,26.0,8.0,5905.0,2994.0,1178.0,477.0,202.0,109.0,92.0,46.0,18.0,47.0,21.0,1939.0,43.0,619.0,1684.0,437.0,59.0,10957.0,46.0,2020,10,1379354,参考第2表(10月),佐賀県,132.4030,33.9083
51,2020-09-01,13807.0,17.0,0.0,0.0,23.0,0.0,1.0,3.0,7.0,20.0,13.0,128.0,125.0,794.0,214.0,111.0,8.0,4.0,0.0,4.0,0.0,11.0,28.0,494.0,7.0,52.0,77.0,374.0,263.0,33.0,41.0,10.0,8.0,18.0,90.0,56.0,5.0,7.0,8.0,0.0,4763.0,4502.0,731.0,400.0,196.0,39.0,110.0,12.0,0.0,17.0,27.0,1305.0,123.0,540.0,840.0,182.0,20.0,10741.0,12.0,2020,9,1374114,参考第2表(9月),佐賀県,131.9251,33.7829
52,2020-08-01,12492.0,42.0,4.0,2.0,5.0,0.0,0.0,0.0,16.0,18.0,8.0,86.0,144.0,546.0,188.0,11.0,0.0,4.0,2.0,0.0,5.0,8.0,25.0,113.0,11.0,36.0,74.0,211.0,94.0,21.0,0.0,17.0,14.0,38.0,154.0,124.0,6.0,9.0,11.0,8.0,6307.0,2781.0,722.0,326.0,122.0,44.0,109.0,24.0,2.0,42.0,11.0,1006.0,20.0,159.0,436.0,347.0,34.0,10411.0,24.0,2020,8,1369459,参考第2表(8月),佐賀県,131.4882,33.7087
53,2020-07-01,7102.0,17.0,0.0,2.0,2.0,4.0,0.0,0.0,18.0,10.0,7.0,49.0,84.0,417.0,145.0,1.0,9.0,9.0,0.0,6.0,6.0,5.0,11.0,76.0,13.0,10.0,40.0,159.0,36.0,11.0,5.0,4.0,4.0,29.0,62.0,72.0,0.0,2.0,2.0,7.0,3204.0,1556.0,432.0,319.0,142.0,40.0,70.0,5.0,0.0,17.0,8.0,736.0,25.0,105.0,261.0,171.0,11.0,5763.0,5.0,2020,7,1364794,参考第2表(7月),佐賀県,131.7342,33.7352
54,2020-06-01,3668.0,1.0,0.0,0.0,1.0,0.0,0.0,1.0,9.0,2.0,0.0,19.0,36.0,192.0,87.0,2.0,1.0,11.0,4.0,4.0,2.0,8.0,4.0,43.0,2.0,0.0,9.0,133.0,38.0,16.0,0.0,0.0,1.0,11.0,63.0,30.0,0.0,2.0,0.0,0.0,1448.0,1139.0,143.0,104.0,44.0,22.0,36.0,0.0,0.0,1.0,2.0,349.0,16.0,61.0,196.0,105.0,2.0,2936.0,0.0,2020,6,1360468,参考第2表(6月),佐賀県,131.7230,33.7258
55,2020-05-01,867.0,2.0,0.0,4.0,0.0,0.0,0.0,0.0,0.0,0.0,0.0,4.0,0.0,49.0,18.0,0.0,0.0,0.0,1.0,0.0,0.0,6.0,5.0,2.0,2.0,2.0,5.0,16.0,6.0,0.0,0.0,0.0,0.0,7.0,15.0,3.0,0.0,0.0,0.0,0.0,352.0,272.0,22.0,50.0,10.0,2.0,5.0,7.0,0.0,2.0,4.0,71.0,0.0,16.0,29.0,25.0,0.0,713.0,7.0,2020,5,1355869,参考第2表(5月),佐賀県,131.5449,33.6545
56,2020-04-01,2226.0,11.0,0.0,0.0,2.0,0.0,0.0,0.0,0.0,0.0,6.0,30.0,36.0,151.0,33.0,2.0,0.0,0.0,0.0,0.0,1.0,0.0,9.0,21.0,0.0,8.0,10.0,82.0,13.0,1.0,3.0,0.0,2.0,4.0,106.0,28.0,0.0,10.0,11.0,0.0,752.0,385.0,138.0,83.0,24.0,11.0,15.0,7.0,1.0,11.0,2.0,256.0,3.0,30.0,117.0,140.0,21.0,1408.0,7.0,2020,4,1350481,参考第2表(4月),佐賀県,132.1865,33.8657
57,2020-03-01,7122.0,31.0,1.0,0.0,4.0,1.0,2.0,9.0,29.0,26.0,31.0,87.0,116.0,719.0,181.0,8.0,6.0,16.0,7.0,2.0,16.0,8.0,27.0,100.0,18.0,19.0,48.0,344.0,84.0,23.0,24.0,12.0,8.0,31.0,95.0,99.0,9.0,20.0,9.0,4.0,2609.0,976.0,704.0,179.0,159.0,72.0,66.0,36.0,47.0,31.0,17.0,1191.0,46.0,160.0,542.0,245.0,42.0,4765.0,36.0,2020,3,1345427,参考第2表(3月),佐賀県,132.6440,33.9475
58,2020-02-01,14304.0,64.0,30.0,5.0,10.0,13.0,6.0,4.0,29.0,30.0,38.0,281.0,225.0,1948.0,342.0,13.0,68.0,23.0,4.0,27.0,21.0,38.0,46.0,185.0,44.0,37.0,92.0,679.0,195.0,56.0,31.0,34.0,34.0,85.0,264.0,299.0,24.0,14.0,33.0,7.0,3754.0,1741.0,1027.0,422.0,228.0,119.0,376.0,110.0,1149.0,64.0,68.0,2920.0,125.0,317.0,1090.0,716.0,78.0,7667.0,110.0,2020,2,1342341,参考第2表(2月),佐賀県,133.2591,34.0718
59,2020-01-01,23828.0,69.0,8.0,7.0,24.0,9.0,7.0,7.0,61.0,55.0,30.0,335.0,233.0,2766.0,349.0,18.0,3.0,11.0,31.0,31.0,54.0,35.0,107.0,907.0,49.0,26.0,94.0,950.0,135.0,71.0,24.0,26.0,50.0,43.0,220.0,166.0,24.0,68.0,34.0,27.0,5319.0,3844.0,1884.0,491.0,205.0,104.0,143.0,60.0,4614.0,69.0,62.0,3860.0,86.0,1129.0,1300.0,505.0,153.0,11990.0,60.0,2020,1,1335949,参考第2表(1月),佐賀県,133.0902,34.0601
60,2019-12-01,24742.0,106.0,4.0,3.0,26.0,10.0,56.0,6.0,58.0,12.0,20.0,243.0,200.0,2467.0,280.0,7.0,6.0,160.0,0.0,9.0,6.0,237.0,302.0,444.0,31.0,52.0,86.0,579.0,120.0,31.0,27.0,23.0,15.0,41.0,440.0,167.0,34.0,32.0,26.0,10.0,6833.0,2790.0,1891.0,737.0,289.0,139.0,128.0,481.0,5078.0,106.0,105.0,3289.0,179.0,1014.0,895.0,686.0,102.0,12807.0,481.0,2019,12,1330002,参考第2表(12月),佐賀県,132.6582,33.8468
61,2019-11-01,29101.0,434.0,8.0,15.0,51.0,7.0,488.0,270.0,91.0,122.0,42.0,222.0,665.0,3704.0,596.0,25.0,41.0,34.0,5.0,36.0,44.0,564.0,233.0,1431.0,80.0,55.0,156.0,1586.0,191.0,81.0,19.0,27.0,18.0,82.0,1044.0,423.0,35.0,35.0,84.0,22.0,4966.0,2700.0,886.0,725.0,400.0,1473.0,436.0,95.0,4354.0,434.0,839.0,5478.0,144.0,2313.0,2088.0,1594.0,176.0,11586.0,95.0,2019,11,1325397,参考第2表(11月),佐賀県,134.2182,34.4377
62,2019-10-01,25897.0,533.0,59.0,53.0,56.0,29.0,26.0,56.0,97.0,53.0,50.0,210.0,1618.0,2667.0,397.0,432.0,38.0,38.0,685.0,14.0,119.0,1161.0,234.0,1952.0,50.0,25.0,73.0,608.0,223.0,165.0,13.0,31.0,38.0,193.0,426.0,419.0,31.0,63.0,47.0,28.0,4544.0,2690.0,1010.0,362.0,256.0,696.0,372.0,69.0,2888.0,533.0,279.0,5106.0,627.0,4082.0,1107.0,1107.0,169.0,9930.0,69.0,2019,10,1321280,参考第2表(10月),佐賀県,134.5368,34.6650
63,2019-09-01,19458.0,56.0,10.0,4.0,27.0,8.0,16.0,24.0,55.0,86.0,17.0,226.0,217.0,2694.0,325.0,25.0,11.0,4.0,15.0,19.0,65.0,49.0,364.0,241.0,52.0,25.0,129.0,1492.0,318.0,62.0,28.0,20.0,10.0,284.0,244.0,233.0,35.0,36.0,93.0,14.0,4036.0,2962.0,900.0,570.0,616.0,339.0,175.0,246.0,1981.0,56.0,89.0,3639.0,105.0,721.0,2054.0,791.0,178.0,9598.0,246.0,2019,9,1317978,参考第2表(9月),佐賀県,133.4454,34.0507
64,2019-08-01,31657.0,20.0,8.0,7.0,38.0,2.0,6.0,14.0,129.0,60.0,35.0,309.0,275.0,2710.0,493.0,34.0,8.0,33.0,16.0,12.0,39.0,46.0,75.0,368.0,71.0,62.0,188.0,1086.0,275.0,91.0,19.0,31.0,37.0,96.0,397.0,291.0,27.0,74.0,94.0,37.0,13175.0,2936.0,1242.0,1050.0,618.0,536.0,765.0,1103.0,2619.0,20.0,75.0,4023.0,114.0,576.0,1721.0,852.0,232.0,20322.0,1103.0,2019,8,1314286,参考第2表(8月),佐賀県,132.1563,33.5786
65,2019-07-01,24291.0,64.0,106.0,28.0,56.0,23.0,13.0,67.0,335.0,179.0,108.0,241.0,283.0,2394.0,495.0,68.0,126.0,51.0,142.0,36.0,133.0,92.0,86.0,456.0,53.0,141.0,111.0,703.0,243.0,130.0,76.0,104.0,158.0,202.0,551.0,128.0,185.0,184.0,226.0,65.0,4307.0,2844.0,1063.0,567.0,451.0,387.0,337.0,147.0,5346.0,64.0,293.0,4071.0,378.0,829.0,1404.0,1143.0,660.0,9956.0,147.0,2019,7,1309596,参考第2表(7月),佐賀県,133.6183,34.2302
66,2019-06-01,7953.0,33.0,6.0,11.0,10.0,4.0,17.0,13.0,27.0,25.0,15.0,153.0,178.0,967.0,234.0,15.0,18.0,7.0,10.0,4.0,8.0,18.0,32.0,107.0,33.0,20.0,39.0,249.0,99.0,25.0,9.0,17.0,16.0,30.0,213.0,57.0,76.0,68.0,70.0,67.0,1659.0,1452.0,383.0,123.0,127.0,62.0,66.0,12.0,1069.0,33.0,61.0,1603.0,48.0,200.0,441.0,333.0,281.0,3872.0,12.0,2019,6,1304386,参考第2表(6月),佐賀県,133.4588,34.1880
67,2019-05-01,27868.0,192.0,5.0,49.0,140.0,50.0,81.0,28.0,106.0,111.0,42.0,457.0,369.0,3330.0,705.0,25.0,35.0,27.0,69.0,32.0,132.0,71.0,109.0,1897.0,106.0,68.0,275.0,1650.0,645.0,242.0,100.0,16.0,40.0,445.0,917.0,425.0,68.0,37.0,154.0,10.0,4581.0,2827.0,828.0,489.0,423.0,246.0,549.0,79.0,4586.0,192.0,353.0,5152.0,219.0,2252.0,2980.0,1843.0,269.0,9943.0,79.0,2019,5,1300946,参考第2表(5月),佐賀県,134.2199,34.4303
68,2019-04-01,26708.0,261.0,18.0,21.0,65.0,14.0,39.0,53.0,55.0,34.0,32.0,281.0,374.0,3673.0,367.0,33.0,20.0,116.0,12.0,15.0,60.0,38.0,66.0,818.0,48.0,123.0,97.0,1060.0,803.0,124.0,40.0,64.0,28.0,82.0,403.0,274.0,2.0,168.0,32.0,62.0,4723.0,3251.0,742.0,397.0,307.0,125.0,189.0,85.0,7014.0,261.0,210.0,4831.0,229.0,982.0,2247.0,851.0,264.0,9734.0,85.0,2019,4,1295994,参考第2表(4月),佐賀県,133.9828,34.4059
69,2019-03-01,20074.0,116.0,6.0,7.0,12.0,3.0,19.0,16.0,56.0,37.0,32.0,149.0,166.0,2122.0,290.0,21.0,15.0,184.0,7.0,11.0,34.0,37.0,58.0,227.0,39.0,49.0,131.0,2775.0,474.0,75.0,28.0,11.0,21.0,192.0,357.0,179.0,14.0,8.0,85.0,18.0,3709.0,2627.0,646.0,399.0,215.0,138.0,89.0,82.0,4088.0,116.0,63.0,2863.0,254.0,368.0,3532.0,760.0,125.0,7823.0,82.0,2019,3,1291373,参考第2表(3月),佐賀県,133.6354,34.2561
70,2019-02-01,22563.0,150.0,16.0,33.0,46.0,9.0,38.0,34.0,42.0,19.0,25.0,214.0,282.0,3543.0,200.0,32.0,27.0,2.0,3.0,12.0,3.0,44.0,72.0,213.0,32.0,38.0,49.0,1237.0,146.0,26.0,10.0,7.0,23.0,86.0,941.0,445.0,41.0,5.0,19.0,6.0,3450.0,1985.0,1153.0,645.0,226.0,93.0,111.0,57.0,6673.0,150.0,176.0,4337.0,64.0,364.0,1506.0,1502.0,71.0,7663.0,57.0,2019,2,1287456,参考第2表(2月),佐賀県,133.9393,34.3545
71,2019-01-01,17434.0,70.0,96.0,0.0,4.0,2.0,2.0,7.0,35.0,13.0,35.0,166.0,204.0,1188.0,329.0,12.0,6.0,7.0,3.0,11.0,27.0,23.0,32.0,209.0,32.0,38.0,78.0,372.0,62.0,46.0,7.0,49.0,16.0,58.0,749.0,156.0,17.0,28.0,15.0,8.0,4034.0,2197.0,1815.0,298.0,145.0,62.0,102.0,41.0,4528.0,70.0,111.0,1981.0,52.0,299.0,603.0,1028.0,68.0,8653.0,41.0,2019,1,1282241,参考第2表(1月),佐賀県,132.4687,33.9553
72,2018-12-01,16926.0,53.0,5.0,4.0,43.0,5.0,1.0,2.0,42.0,5.0,7.0,106.0,177.0,2662.0,326.0,70.0,3.0,16.0,609.0,3.0,10.0,29.0,100.0,188.0,27.0,24.0,69.0,496.0,100.0,28.0,22.0,8.0,8.0,43.0,263.0,55.0,24.0,16.0,23.0,6.0,4840.0,2133.0,809.0,483.0,194.0,119.0,123.0,503.0,2044.0,53.0,60.0,3328.0,99.0,953.0,739.0,377.0,69.0,8701.0,503.0,2018,12,1274859,参考第2表(12月),佐賀県,133.1763,33.9537
73,2018-11-01,28085.0,189.0,47.0,7.0,174.0,9.0,13.0,18.0,160.0,52.0,24.0,209.0,646.0,3556.0,399.0,267.0,10.0,9.0,12.0,19.0,31.0,699.0,153.0,1183.0,73.0,58.0,135.0,1739.0,273.0,93.0,12.0,38.0,83.0,245.0,2095.0,271.0,36.0,64.0,164.0,112.0,4576.0,2904.0,1293.0,535.0,387.0,139.0,285.0,74.0,4515.0,189.0,268.0,5065.0,317.0,2120.0,2310.0,2732.0,376.0,10119.0,74.0,2018,11,1270912,参考第2表(11月),佐賀県,134.0443,34.4278
74,2018-10-01,18098.0,44.0,5.0,2.0,5.0,6.0,27.0,20.0,31.0,41.0,25.0,134.0,145.0,3352.0,387.0,158.0,21.0,4.0,0.0,5.0,78.0,33.0,28.0,413.0,56.0,22.0,68.0,703.0,589.0,43.0,8.0,11.0,12.0,54.0,724.0,81.0,4.0,45.0,33.0,14.0,3328.0,2354.0,658.0,408.0,305.0,165.0,214.0,37.0,3198.0,44.0,65.0,4120.0,261.0,530.0,1433.0,882.0,96.0,7432.0,37.0,2018,10,1267081,参考第2表(10月),佐賀県,133.9971,34.3182
75,2018-09-01,21664.0,360.0,8.0,2.0,9.0,3.0,41.0,1.0,44.0,193.0,19.0,122.0,126.0,2419.0,247.0,86.0,14.0,30.0,6.0,2.0,56.0,33.0,206.0,271.0,24.0,36.0,62.0,693.0,186.0,156.0,22.0,92.0,6.0,95.0,508.0,466.0,7.0,55.0,34.0,14.0,3501.0,2571.0,726.0,434.0,277.0,235.0,173.0,83.0,4071.0,360.0,64.0,3172.0,186.0,540.0,1155.0,1167.0,110.0,7917.0,83.0,2018,9,1263226,参考第2表(9月),佐賀県,133.5706,34.3450
76,2018-08-01,32079.0,32.0,4.0,0.0,32.0,0.0,2.0,4.0,45.0,150.0,18.0,768.0,186.0,2190.0,395.0,28.0,8.0,14.0,7.0,7.0,12.0,32.0,53.0,451.0,29.0,42.0,118.0,1295.0,267.0,92.0,29.0,11.0,14.0,194.0,840.0,326.0,28.0,34.0,42.0,89.0,9956.0,2823.0,1125.0,533.0,386.0,159.0,222.0,545.0,3429.0,32.0,42.0,3759.0,62.0,572.0,1843.0,1385.0,193.0,15204.0,545.0,2018,8,1258931,参考第2表(8月),佐賀県,132.5327,33.8398
77,2018-07-01,21940.0,52.0,0.0,28.0,14.0,2.0,16.0,29.0,56.0,18.0,17.0,161.0,196.0,1928.0,381.0,43.0,5.0,208.0,15.0,8.0,26.0,22.0,38.0,285.0,68.0,58.0,62.0,495.0,176.0,1095.0,34.0,6.0,5.0,28.0,338.0,283.0,84.0,5.0,21.0,5.0,4673.0,3724.0,1046.0,678.0,264.0,229.0,314.0,31.0,4670.0,52.0,89.0,2765.0,282.0,428.0,1920.0,660.0,115.0,10928.0,31.0,2018,7,1255551,参考第2表(7月),佐賀県,132.8748,33.9955
78,2018-06-01,20414.0,58.0,11.0,17.0,42.0,0.0,26.0,16.0,83.0,29.0,14.0,563.0,230.0,3003.0,275.0,105.0,20.0,127.0,7.0,5.0,58.0,88.0,44.0,1399.0,41.0,159.0,131.0,942.0,160.0,48.0,13.0,6.0,11.0,100.0,780.0,297.0,17.0,10.0,22.0,4.0,2870.0,2008.0,800.0,546.0,207.0,115.0,186.0,32.0,4689.0,58.0,112.0,4202.0,310.0,1579.0,1453.0,1194.0,53.0,6732.0,32.0,2018,6,1251331,参考第2表(6月),佐賀県,134.3764,34.4576
79,2018-05-01,18367.0,112.0,35.0,12.0,52.0,19.0,21.0,14.0,179.0,54.0,25.0,179.0,155.0,2575.0,317.0,80.0,25.0,61.0,4.0,8.0,220.0,43.0,50.0,584.0,95.0,50.0,325.0,1017.0,221.0,49.0,30.0,11.0,0.0,65.0,941.0,202.0,15.0,15.0,41.0,27.0,2518.0,2315.0,479.0,496.0,267.0,168.0,219.0,33.0,3944.0,112.0,153.0,3492.0,386.0,776.0,1692.0,1219.0,98.0,6462.0,33.0,2018,5,1247508,参考第2表(5月),佐賀県,134.1523,34.4348
80,2018-04-01,26519.0,162.0,5.0,3.0,35.0,4.0,23.0,15.0,75.0,43.0,83.0,146.0,199.0,2336.0,310.0,123.0,10.0,213.0,4.0,17.0,30.0,81.0,101.0,1145.0,43.0,89.0,161.0,1269.0,176.0,42.0,132.0,23.0,7.0,224.0,967.0,317.0,50.0,295.0,45.0,14.0,4547.0,2976.0,907.0,413.0,219.0,119.0,201.0,79.0,8041.0,162.0,85.0,3209.0,376.0,1374.0,1869.0,1538.0,404.0,9382.0,79.0,2018,4,1240838,参考第2表(4月),佐賀県,133.4895,34.2673
81,2018-03-01,28898.0,116.0,5.0,30.0,37.0,17.0,78.0,4.0,44.0,31.0,17.0,202.0,271.0,2945.0,337.0,97.0,24.0,334.0,11.0,8.0,444.0,339.0,63.0,521.0,40.0,69.0,121.0,1273.0,195.0,69.0,25.0,26.0,25.0,1027.0,1706.0,487.0,22.0,42.0,52.0,13.0,4223.0,2239.0,1185.0,652.0,247.0,158.0,135.0,176.0,8716.0,116.0,171.0,3855.0,899.0,974.0,1752.0,3271.0,129.0,8839.0,176.0,2018,3,1264411,参考第2表(3月),佐賀県,133.7354,34.3469
82,2018-02-01,15454.0,72.0,49.0,23.0,37.0,9.0,9.0,214.0,52.0,15.0,14.0,171.0,167.0,1173.0,221.0,46.0,11.0,94.0,3.0,6.0,108.0,412.0,29.0,245.0,31.0,27.0,82.0,379.0,174.0,32.0,10.0,0.0,13.0,47.0,322.0,165.0,4.0,15.0,49.0,7.0,2273.0,1566.0,1034.0,290.0,163.0,90.0,150.0,69.0,5282.0,72.0,341.0,1819.0,259.0,720.0,704.0,547.0,75.0,5566.0,69.0,2018,2,1264410,参考第2表(2月),佐賀県,133.4919,34.2662
83,2018-01-01,17187.0,142.0,11.0,3.0,47.0,6.0,0.0,26.0,32.0,6.0,8.0,126.0,163.0,1172.0,275.0,17.0,2.0,19.0,3.0,8.0,29.0,20.0,44.0,208.0,26.0,25.0,51.0,381.0,52.0,13.0,42.0,10.0,18.0,52.0,417.0,186.0,12.0,29.0,24.0,12.0,3712.0,1733.0,1768.0,294.0,119.0,113.0,78.0,40.0,5613.0,142.0,93.0,1790.0,67.0,301.0,564.0,683.0,77.0,7817.0,40.0,2018,1,1264409,参考第2表(1月),佐賀県,132.5361,33.9794
84,2017-12-01,26416.0,143.0,4.0,6.0,180.0,7.0,6.0,19.0,82.0,18.0,9.0,199.0,202.0,2788.0,315.0,9.0,10.0,137.0,7.0,5.0,86.0,410.0,295.0,519.0,36.0,18.0,69.0,447.0,129.0,37.0,11.0,14.0,179.0,34.0,1431.0,173.0,27.0,23.0,48.0,13.0,5523.0,2868.0,1874.0,636.0,135.0,78.0,165.0,402.0,6590.0,143.0,222.0,3618.0,242.0,1267.0,711.0,1831.0,111.0,11279.0,402.0,2017,12,1264407,参考第2表(12月),佐賀県,133.0503,34.0366
85,2017-11-01,18766.0,100.0,10.0,22.0,76.0,1.0,17.0,17.0,98.0,18.0,41.0,237.0,360.0,2227.0,466.0,389.0,35.0,68.0,23.0,8.0,65.0,351.0,130.0,1142.0,23.0,44.0,74.0,963.0,160.0,23.0,34.0,25.0,262.0,87.0,273.0,155.0,27.0,42.0,55.0,35.0,3988.0,2341.0,747.0,295.0,198.0,75.0,148.0,75.0,2716.0,100.0,143.0,3455.0,557.0,1669.0,1298.0,802.0,159.0,7792.0,75.0,2017,11,1264406,参考第2表(11月),佐賀県,134.0111,34.4393
86,2017-10-01,26997.0,1174.0,8.0,8.0,85.0,4.0,27.0,7.0,97.0,57.0,59.0,375.0,286.0,4051.0,361.0,20.0,39.0,51.0,10.0,17.0,54.0,744.0,89.0,2696.0,75.0,27.0,94.0,636.0,200.0,62.0,19.0,9.0,20.0,67.0,612.0,178.0,25.0,51.0,84.0,21.0,3075.0,2499.0,943.0,357.0,440.0,196.0,307.0,197.0,6484.0,1174.0,139.0,5303.0,164.0,3614.0,1038.0,886.0,181.0,7817.0,197.0,2017,10,1264404,参考第2表(10月),佐賀県,134.9636,34.9043
87,2017-09-01,23504.0,240.0,38.0,3.0,219.0,14.0,4.0,17.0,174.0,36.0,54.0,166.0,203.0,4510.0,290.0,61.0,10.0,97.0,7.0,14.0,73.0,58.0,312.0,856.0,50.0,17.0,99.0,451.0,185.0,56.0,9.0,26.0,60.0,246.0,1078.0,221.0,31.0,449.0,71.0,10.0,3158.0,2658.0,826.0,650.0,204.0,122.0,118.0,71.0,5182.0,240.0,295.0,5447.0,241.0,1283.0,817.0,1631.0,561.0,7736.0,71.0,2017,9,1264403,参考第2表(9月),佐賀県,134.5050,34.5576
88,2017-08-01,33251.0,55.0,11.0,0.0,82.0,8.0,8.0,36.0,69.0,46.0,30.0,290.0,240.0,3761.0,456.0,76.0,31.0,19.0,22.0,24.0,49.0,68.0,104.0,589.0,40.0,69.0,196.0,1848.0,302.0,78.0,13.0,8.0,10.0,162.0,754.0,184.0,50.0,27.0,44.0,7.0,11217.0,3898.0,1286.0,921.0,482.0,148.0,399.0,240.0,4794.0,55.0,145.0,4916.0,175.0,823.0,2506.0,1118.0,128.0,18351.0,240.0,2017,8,1264401,参考第2表(8月),佐賀県,132.8079,33.9889
89,2017-07-01,23244.0,39.0,9.0,23.0,43.0,4.0,2.0,25.0,56.0,30.0,44.0,139.0,191.0,4663.0,327.0,36.0,0.0,50.0,73.0,24.0,95.0,28.0,39.0,681.0,72.0,6.0,87.0,822.0,101.0,92.0,16.0,4.0,25.0,61.0,767.0,196.0,42.0,463.0,94.0,24.0,3868.0,2516.0,1126.0,352.0,263.0,126.0,184.0,35.0,5281.0,39.0,106.0,5474.0,181.0,893.0,1124.0,1053.0,623.0,8435.0,35.0,2017,7,1264400,参考第2表(7月),佐賀県,134.2009,34.3705
90,2017-06-01,22510.0,26.0,8.0,13.0,93.0,6.0,7.0,5.0,103.0,14.0,17.0,179.0,198.0,4735.0,331.0,9.0,3.0,40.0,112.0,33.0,120.0,38.0,62.0,1505.0,31.0,27.0,82.0,658.0,481.0,27.0,9.0,6.0,195.0,116.0,228.0,126.0,7.0,64.0,99.0,52.0,2854.0,1846.0,749.0,472.0,257.0,217.0,229.0,88.0,4467.0,26.0,132.0,5610.0,172.0,1748.0,1284.0,671.0,222.0,6624.0,88.0,2017,6,1264399,参考第2表(6月),佐賀県,134.8729,34.5086
91,2017-05-01,30422.0,106.0,3.0,3.0,127.0,30.0,19.0,15.0,258.0,28.0,27.0,213.0,325.0,7244.0,585.0,47.0,21.0,53.0,3.0,36.0,235.0,426.0,174.0,1664.0,56.0,57.0,350.0,1792.0,353.0,283.0,39.0,7.0,246.0,555.0,564.0,382.0,25.0,109.0,126.0,23.0,3822.0,2779.0,1128.0,580.0,353.0,339.0,871.0,91.0,3850.0,106.0,197.0,8716.0,356.0,2323.0,2874.0,1754.0,283.0,9872.0,91.0,2017,5,1264398,参考第2表(5月),佐賀県,134.9422,34.5287
92,2017-04-01,28463.0,118.0,22.0,9.0,171.0,16.0,9.0,7.0,186.0,46.0,15.0,203.0,249.0,5314.0,385.0,55.0,23.0,173.0,4.0,21.0,114.0,68.0,83.0,1184.0,112.0,36.0,104.0,1304.0,254.0,86.0,9.0,78.0,87.0,541.0,416.0,296.0,15.0,180.0,106.0,11.0,4597.0,2447.0,1084.0,396.0,258.0,178.0,442.0,172.0,6779.0,118.0,234.0,6419.0,365.0,1451.0,1793.0,1418.0,312.0,9402.0,172.0,2017,4,1264397,参考第2表(4月),佐賀県,134.4363,34.4360
93,2017-03-01,30362.0,216.0,17.0,7.0,45.0,9.0,86.0,37.0,301.0,60.0,24.0,229.0,265.0,4054.0,377.0,16.0,6.0,152.0,22.0,11.0,508.0,325.0,74.0,1261.0,28.0,43.0,127.0,1923.0,297.0,92.0,68.0,19.0,54.0,458.0,579.0,402.0,71.0,216.0,153.0,17.0,4537.0,2606.0,1103.0,607.0,277.0,292.0,374.0,106.0,7811.0,216.0,201.0,5321.0,682.0,1710.0,2550.0,1512.0,457.0,9796.0,106.0,2017,3,1264396,参考第2表(3月),佐賀県,134.2472,34.4463
94,2017-02-01,23789.0,79.0,19.0,2.0,16.0,14.0,57.0,7.0,102.0,21.0,25.0,179.0,205.0,3390.0,302.0,27.0,12.0,21.0,2.0,4.0,145.0,335.0,35.0,493.0,49.0,23.0,55.0,555.0,124.0,30.0,7.0,9.0,9.0,200.0,797.0,165.0,42.0,94.0,193.0,35.0,4214.0,2498.0,1245.0,535.0,246.0,89.0,229.0,88.0,6766.0,79.0,115.0,4228.0,205.0,914.0,794.0,1180.0,364.0,9056.0,88.0,2017,2,1264395,参考第2表(2月),佐賀県,133.6396,34.2271
95,2017-01-01,24283.0,70.0,12.0,8.0,53.0,0.0,4.0,9.0,128.0,37.0,127.0,139.0,132.0,2891.0,265.0,16.0,3.0,21.0,8.0,31.0,36.0,43.0,21.0,389.0,52.0,12.0,116.0,1013.0,103.0,58.0,44.0,23.0,25.0,55.0,375.0,183.0,188.0,27.0,76.0,6.0,5408.0,2417.0,1796.0,611.0,167.0,114.0,164.0,87.0,6720.0,70.0,86.0,3750.0,76.0,513.0,1346.0,661.0,297.0,10677.0,87.0,2017,1,1264394,参考第2表(1月),佐賀県,133.1308,34.0692
96,2016-12-01,28380.0,153.0,15.0,14.0,89.0,5.0,7.0,12.0,117.0,12.0,228.0,153.0,193.0,5226.0,300.0,26.0,17.0,10.0,12.0,9.0,190.0,379.0,319.0,437.0,15.0,52.0,122.0,937.0,157.0,20.0,11.0,2.0,15.0,60.0,314.0,158.0,35.0,25.0,35.0,5.0,7104.0,3535.0,1627.0,967.0,263.0,181.0,145.0,39.0,4633.0,153.0,142.0,6238.0,243.0,1162.0,1299.0,549.0,100.0,13822.0,39.0,2016,12,1264393,参考第2表(12月),佐賀県,133.6500,34.2577
97,2016-11-01,30248.0,364.0,39.0,30.0,57.0,49.0,66.0,15.0,241.0,30.0,86.0,313.0,604.0,4226.0,375.0,75.0,44.0,5.0,11.0,60.0,172.0,830.0,108.0,1143.0,107.0,61.0,294.0,2435.0,263.0,56.0,75.0,37.0,13.0,161.0,957.0,404.0,33.0,34.0,89.0,47.0,5816.0,3072.0,1167.0,556.0,537.0,228.0,471.0,99.0,4293.0,364.0,256.0,5935.0,296.0,2199.0,3184.0,1572.0,203.0,11847.0,99.0,2016,11,1264392,参考第2表(11月),佐賀県,134.1386,34.4515
98,2016-10-01,19751.0,216.0,8.0,23.0,50.0,29.0,17.0,59.0,46.0,28.0,47.0,159.0,346.0,2522.0,234.0,73.0,23.0,16.0,8.0,19.0,80.0,747.0,223.0,1346.0,275.0,29.0,67.0,638.0,159.0,176.0,39.0,10.0,6.0,149.0,686.0,205.0,25.0,203.0,40.0,40.0,4224.0,2006.0,764.0,442.0,227.0,157.0,151.0,73.0,2641.0,216.0,186.0,3401.0,192.0,2599.0,1108.0,1056.0,308.0,7971.0,73.0,2016,10,1264391,参考第2表(10月),佐賀県,134.0385,34.4332
99,2016-09-01,24856.0,368.0,7.0,9.0,161.0,15.0,26.0,20.0,217.0,18.0,23.0,444.0,182.0,3726.0,358.0,80.0,21.0,32.0,11.0,104.0,494.0,35.0,404.0,539.0,40.0,34.0,135.0,1916.0,230.0,53.0,8.0,118.0,111.0,491.0,770.0,239.0,22.0,274.0,106.0,69.0,4646.0,2487.0,909.0,391.0,265.0,266.0,488.0,182.0,3312.0,368.0,238.0,5072.0,627.0,1029.0,2376.0,1729.0,471.0,9452.0,182.0,2016,9,1264390,参考第2表(9月),佐賀県,134.2054,34.4677
100,2016-08-01,34451.0,47.0,3.0,0.0,59.0,12.0,14.0,8.0,106.0,22.0,30.0,249.0,245.0,2699.0,451.0,38.0,19.0,8.0,1.0,6.0,30.0,23.0,51.0,411.0,36.0,46.0,106.0,2802.0,293.0,41.0,38.0,15.0,27.0,150.0,381.0,283.0,22.0,281.0,29.0,23.0,13913.0,3608.0,1485.0,1093.0,439.0,369.0,800.0,1194.0,2445.0,47.0,96.0,3808.0,95.0,522.0,3326.0,856.0,355.0,21707.0,1194.0,2016,8,1264389,参考第2表(8月),佐賀県,132.1770,33.6017
101,2016-07-01,21667.0,36.0,6.0,2.0,16.0,40.0,11.0,12.0,85.0,25.0,7.0,138.0,166.0,1978.0,277.0,39.0,5.0,33.0,23.0,2.0,85.0,181.0,18.0,255.0,21.0,12.0,72.0,905.0,257.0,38.0,17.0,35.0,12.0,57.0,195.0,643.0,10.0,202.0,95.0,11.0,6699.0,3071.0,1108.0,1026.0,331.0,190.0,328.0,82.0,2810.0,36.0,87.0,2678.0,162.0,498.0,1301.0,942.0,318.0,12753.0,82.0,2016,7,1264388,参考第2表(7月),佐賀県,132.4669,33.8960
102,2016-06-01,20622.0,298.0,2.0,0.0,46.0,25.0,9.0,38.0,77.0,4.0,27.0,155.0,180.0,3080.0,756.0,150.0,22.0,20.0,4.0,9.0,15.0,99.0,44.0,845.0,54.0,13.0,68.0,1218.0,482.0,16.0,12.0,45.0,41.0,100.0,139.0,272.0,16.0,7.0,19.0,30.0,3820.0,2425.0,1110.0,328.0,287.0,162.0,299.0,72.0,3682.0,298.0,120.0,4288.0,207.0,1046.0,1809.0,597.0,72.0,8431.0,72.0,2016,6,1264387,参考第2表(6月),佐賀県,134.0587,34.4096
103,2016-05-01,23322.0,143.0,2.0,2.0,135.0,15.0,48.0,18.0,151.0,31.0,73.0,206.0,197.0,4914.0,535.0,83.0,56.0,29.0,13.0,12.0,73.0,46.0,131.0,446.0,31.0,41.0,130.0,1162.0,475.0,41.0,18.0,5.0,36.0,91.0,480.0,307.0,19.0,21.0,84.0,55.0,4872.0,2476.0,1506.0,618.0,402.0,107.0,244.0,190.0,2552.0,143.0,220.0,6119.0,241.0,667.0,1867.0,919.0,179.0,10225.0,190.0,2016,5,1264386,参考第2表(5月),佐賀県,134.0989,34.3288
104,2016-04-01,22503.0,171.0,0.0,3.0,162.0,7.0,10.0,34.0,67.0,24.0,16.0,169.0,172.0,3759.0,231.0,36.0,9.0,156.0,48.0,10.0,74.0,38.0,68.0,463.0,37.0,58.0,86.0,1570.0,184.0,61.0,12.0,5.0,26.0,208.0,379.0,237.0,6.0,21.0,46.0,28.0,4253.0,2683.0,972.0,560.0,147.0,52.0,52.0,77.0,3361.0,171.0,216.0,4448.0,275.0,654.0,1971.0,855.0,101.0,8719.0,77.0,2016,4,1264385,参考第2表(4月),佐賀県,133.9671,34.3893
105,2016-03-01,28084.0,117.0,27.0,16.0,118.0,7.0,21.0,154.0,84.0,171.0,20.0,220.0,248.0,4024.0,475.0,104.0,37.0,237.0,12.0,11.0,426.0,279.0,169.0,1015.0,37.0,51.0,106.0,2302.0,380.0,78.0,37.0,6.0,61.0,572.0,673.0,303.0,29.0,28.0,82.0,17.0,5713.0,2776.0,1207.0,436.0,373.0,193.0,227.0,128.0,4277.0,117.0,343.0,5253.0,804.0,1512.0,2954.0,1615.0,156.0,10925.0,128.0,2016,3,1156998,参考第2表(3月),佐賀県,134.0706,34.4134
106,2016-02-01,23621.0,320.0,108.0,6.0,48.0,13.0,12.0,7.0,64.0,106.0,16.0,124.0,215.0,3509.0,264.0,73.0,60.0,62.0,160.0,13.0,104.0,29.0,59.0,254.0,50.0,50.0,79.0,1844.0,194.0,40.0,25.0,0.0,15.0,123.0,412.0,212.0,15.0,12.0,34.0,8.0,4140.0,2218.0,1376.0,457.0,194.0,96.0,190.0,254.0,5957.0,320.0,194.0,4311.0,299.0,552.0,2232.0,762.0,69.0,8671.0,254.0,2016,2,1129643,参考第2表(2月),佐賀県,133.9202,34.3710
107,2016-01-01,23156.0,132.0,16.0,4.0,26.0,0.0,8.0,5.0,54.0,89.0,12.0,169.0,197.0,3506.0,213.0,62.0,9.0,30.0,8.0,6.0,60.0,81.0,37.0,123.0,35.0,26.0,48.0,811.0,156.0,79.0,36.0,0.0,5.0,69.0,388.0,244.0,24.0,14.0,42.0,6.0,5219.0,3243.0,2113.0,541.0,187.0,132.0,135.0,118.0,4638.0,132.0,59.0,4246.0,161.0,284.0,1156.0,706.0,86.0,11570.0,118.0,2016,1,1125093,参考第2表(1月),佐賀県,133.0987,34.0641
108,2015-12-01,28768.0,26.0,21.0,3.0,28.0,6.0,4.0,7.0,28.0,232.0,10.0,96.0,173.0,6193.0,250.0,40.0,41.0,2.0,2.0,4.0,134.0,14.0,56.0,153.0,13.0,22.0,60.0,798.0,221.0,18.0,10.0,17.0,91.0,498.0,285.0,59.0,16.0,36.0,27.0,7.0,4499.0,2530.0,958.0,261.0,182.0,212.0,169.0,33.0,2782.0,26.0,69.0,6986.0,217.0,238.0,1129.0,950.0,86.0,8811.0,33.0,2015,12,1121052,参考第2表(12月),佐賀県,134.5350,34.4553
109,2015-11-01,30021.0,293.0,28.0,42.0,63.0,7.0,34.0,57.0,89.0,104.0,80.0,465.0,599.0,4243.0,365.0,33.0,21.0,35.0,137.0,37.0,34.0,28.0,455.0,1252.0,91.0,49.0,189.0,2291.0,303.0,68.0,53.0,57.0,114.0,211.0,1088.0,256.0,81.0,97.0,283.0,89.0,5846.0,2645.0,1052.0,392.0,378.0,264.0,319.0,116.0,3442.0,293.0,231.0,5982.0,123.0,1963.0,2953.0,1726.0,550.0,10896.0,116.0,2015,11,1117488,参考第2表(11月),佐賀県,134.2034,34.4427
110,2015-10-01,30037.0,412.0,7.0,7.0,28.0,41.0,23.0,33.0,31.0,610.0,37.0,197.0,198.0,4598.0,260.0,78.0,18.0,32.0,11.0,9.0,63.0,50.0,233.0,294.0,13.0,45.0,96.0,1487.0,112.0,42.0,28.0,42.0,19.0,80.0,771.0,282.0,55.0,138.0,48.0,16.0,3738.0,3058.0,457.0,835.0,256.0,203.0,337.0,140.0,1390.0,412.0,139.0,5940.0,191.0,601.0,1810.0,1194.0,257.0,8884.0,140.0,2015,10,1114691,参考第2表(10月),佐賀県,134.3870,34.5203
111,2015-09-01,27151.0,119.0,2.0,19.0,30.0,5.0,11.0,65.0,66.0,501.0,23.0,219.0,225.0,5691.0,347.0,126.0,2.0,443.0,12.0,15.0,51.0,35.0,327.0,549.0,38.0,40.0,81.0,2123.0,266.0,61.0,30.0,22.0,11.0,246.0,814.0,325.0,23.0,200.0,118.0,13.0,5352.0,3205.0,1291.0,614.0,381.0,242.0,406.0,107.0,2259.0,119.0,132.0,7087.0,622.0,961.0,2601.0,1418.0,354.0,11491.0,107.0,2015,9,1111766,参考第2表(9月),佐賀県,134.2292,34.3964
112,2015-08-01,34373.0,49.0,0.0,0.0,49.0,6.0,1.0,9.0,132.0,271.0,25.0,403.0,226.0,4704.0,440.0,59.0,69.0,25.0,13.0,39.0,19.0,49.0,57.0,542.0,44.0,10.0,139.0,2122.0,244.0,103.0,43.0,32.0,21.0,168.0,540.0,315.0,28.0,251.0,258.0,17.0,12666.0,3469.0,1288.0,967.0,384.0,436.0,1239.0,449.0,1953.0,49.0,65.0,6240.0,172.0,705.0,2661.0,1076.0,554.0,20449.0,449.0,2015,8,1108117,参考第2表(8月),佐賀県,132.8824,33.9127
113,2015-07-01,29319.0,48.0,13.0,0.0,61.0,6.0,33.0,15.0,63.0,413.0,15.0,345.0,263.0,4004.0,574.0,47.0,33.0,17.0,2.0,21.0,11.0,23.0,77.0,569.0,55.0,21.0,156.0,3286.0,322.0,63.0,28.0,28.0,60.0,159.0,314.0,184.0,32.0,4.0,43.0,4.0,5612.0,5234.0,910.0,660.0,288.0,142.0,691.0,176.0,4194.0,48.0,128.0,5698.0,108.0,726.0,3876.0,745.0,83.0,13537.0,176.0,2015,7,1105264,参考第2表(7月),佐賀県,133.5974,34.1421
114,2015-06-01,26188.0,58.0,110.0,15.0,69.0,6.0,6.0,48.0,46.0,16.0,14.0,175.0,155.0,1457.0,257.0,202.0,0.0,45.0,43.0,5.0,16.0,190.0,70.0,558.0,21.0,69.0,65.0,708.0,107.0,39.0,5.0,8.0,7.0,143.0,276.0,182.0,4.0,14.0,25.0,6.0,4014.0,2290.0,949.0,313.0,255.0,198.0,123.0,41.0,9128.0,58.0,254.0,2125.0,263.0,882.0,993.0,616.0,49.0,8142.0,41.0,2015,6,1101807,参考第2表(6月),佐賀県,133.1269,34.1809
115,2015-05-01,32154.0,93.0,11.0,3.0,24.0,9.0,14.0,22.0,64.0,36.0,27.0,256.0,234.0,6858.0,569.0,141.0,18.0,10.0,3.0,3.0,89.0,396.0,111.0,1179.0,56.0,65.0,168.0,4326.0,304.0,80.0,18.0,9.0,61.0,417.0,402.0,261.0,8.0,475.0,121.0,22.0,6124.0,2234.0,1190.0,496.0,323.0,176.0,370.0,85.0,4193.0,93.0,83.0,8047.0,258.0,1745.0,4961.0,1150.0,626.0,10913.0,85.0,2015,5,1098944,参考第2表(5月),佐賀県,134.6509,34.4866
116,2015-04-01,28279.0,225.0,21.0,8.0,15.0,3.0,0.0,7.0,35.0,99.0,57.0,200.0,165.0,1538.0,317.0,18.0,34.0,22.0,4.0,27.0,175.0,17.0,38.0,171.0,15.0,26.0,63.0,912.0,200.0,53.0,9.0,14.0,19.0,69.0,357.0,190.0,15.0,5.0,63.0,19.0,4434.0,1940.0,949.0,498.0,187.0,101.0,291.0,127.0,3727.0,225.0,54.0,2438.0,249.0,245.0,1263.0,649.0,102.0,8400.0,127.0,2015,4,1094679,参考第2表(4月),佐賀県,133.0110,34.1176
117,2015-03-01,28947.0,318.0,0.0,57.0,81.0,10.0,9.0,14.0,52.0,18.0,36.0,299.0,176.0,1687.0,374.0,83.0,64.0,15.0,6.0,12.0,367.0,336.0,82.0,306.0,58.0,23.0,140.0,850.0,200.0,57.0,26.0,11.0,11.0,143.0,609.0,285.0,8.0,17.0,40.0,39.0,4869.0,2682.0,1324.0,375.0,195.0,137.0,119.0,58.0,2869.0,318.0,171.0,2654.0,529.0,788.0,1296.0,1059.0,104.0,9701.0,58.0,2015,3,1094678,参考第2表(3月),佐賀県,133.1963,34.2877
118,2015-02-01,22985.0,68.0,19.0,3.0,6.0,5.0,7.0,28.0,83.0,28.0,17.0,140.0,341.0,1251.0,249.0,93.0,12.0,13.0,37.0,4.0,68.0,22.0,30.0,219.0,24.0,4.0,142.0,350.0,117.0,53.0,14.0,2.0,4.0,93.0,288.0,163.0,8.0,26.0,91.0,34.0,4519.0,2476.0,1643.0,533.0,235.0,156.0,135.0,86.0,2846.0,68.0,68.0,2113.0,186.0,332.0,680.0,550.0,159.0,9697.0,86.0,2015,2,1094678,参考第2表(2月),佐賀県,132.4528,33.8876
119,2015-01-01,23459.0,43.0,10.0,25.0,26.0,2.0,11.0,2.0,62.0,26.0,19.0,231.0,138.0,1011.0,273.0,20.0,35.0,16.0,9.0,7.0,61.0,22.0,24.0,157.0,26.0,38.0,99.0,473.0,150.0,43.0,6.0,10.0,40.0,39.0,241.0,271.0,17.0,11.0,18.0,12.0,5783.0,2701.0,2108.0,509.0,240.0,59.0,83.0,80.0,2372.0,43.0,76.0,1767.0,132.0,238.0,809.0,601.0,58.0,11483.0,80.0,2015,1,1094678,参考第2表(1月),佐賀県,131.9763,33.7781
120,2014-12-01,17882.0,97.0,22.0,12.0,94.0,19.0,1.0,7.0,48.0,34.0,21.0,299.0,178.0,1160.0,352.0,69.0,4.0,17.0,1.0,20.0,53.0,413.0,25.0,197.0,22.0,35.0,76.0,377.0,134.0,38.0,14.0,18.0,22.0,39.0,339.0,238.0,2.0,166.0,52.0,33.0,6586.0,2290.0,1743.0,420.0,138.0,152.0,114.0,83.0,1608.0,97.0,155.0,2112.0,143.0,658.0,674.0,656.0,253.0,11443.0,83.0,2014,12,1084376,参考第2表(12月),佐賀県,132.3430,33.9380
121,2014-11-01,22298.0,651.0,9.0,4.0,269.0,23.0,85.0,23.0,40.0,24.0,48.0,327.0,230.0,1995.0,362.0,42.0,37.0,43.0,39.0,21.0,48.0,63.0,135.0,772.0,67.0,223.0,105.0,1256.0,368.0,84.0,59.0,21.0,11.0,257.0,483.0,403.0,26.0,55.0,48.0,29.0,7028.0,2066.0,1001.0,304.0,463.0,1317.0,226.0,117.0,991.0,651.0,413.0,3047.0,170.0,1076.0,2095.0,1175.0,158.0,12405.0,117.0,2014,11,1084376,参考第2表(11月),佐賀県,133.2751,34.2887
122,2014-10-01,19148.0,260.0,37.0,123.0,144.0,11.0,22.0,48.0,52.0,25.0,19.0,232.0,723.0,1496.0,351.0,117.0,9.0,81.0,68.0,12.0,122.0,350.0,97.0,278.0,36.0,15.0,79.0,770.0,382.0,46.0,33.0,120.0,29.0,46.0,810.0,302.0,45.0,26.0,34.0,38.0,5270.0,2056.0,968.0,383.0,386.0,567.0,302.0,58.0,1670.0,260.0,385.0,2910.0,329.0,829.0,1325.0,1307.0,143.0,9932.0,58.0,2014,10,1084376,参考第2表(10月),佐賀県,133.3316,34.2758
123,2014-09-01,10431.0,140.0,41.0,20.0,17.0,42.0,7.0,6.0,64.0,13.0,21.0,148.0,275.0,927.0,215.0,5.0,11.0,30.0,62.0,4.0,14.0,20.0,23.0,103.0,25.0,10.0,81.0,1521.0,101.0,32.0,8.0,20.0,5.0,94.0,188.0,129.0,19.0,10.0,8.0,11.0,3116.0,1312.0,459.0,323.0,166.0,146.0,166.0,38.0,235.0,140.0,133.0,1667.0,60.0,233.0,1753.0,436.0,48.0,5688.0,38.0,2014,9,1064055,参考第2表(9月),佐賀県,133.3368,34.2415
124,2014-08-01,14836.0,61.0,2.0,10.0,10.0,4.0,4.0,7.0,14.0,16.0,13.0,150.0,241.0,1347.0,379.0,32.0,26.0,24.0,11.0,43.0,42.0,4.0,19.0,77.0,8.0,23.0,90.0,474.0,153.0,42.0,30.0,20.0,26.0,80.0,252.0,126.0,53.0,40.0,31.0,0.0,7410.0,1728.0,625.0,433.0,172.0,113.0,208.0,30.0,133.0,61.0,37.0,2203.0,124.0,119.0,812.0,504.0,124.0,10689.0,30.0,2014,8,1064055,参考第2表(8月),佐賀県,132.3292,33.9403
125,2014-07-01,10360.0,23.0,7.0,0.0,24.0,2.0,4.0,34.0,9.0,21.0,9.0,124.0,189.0,897.0,191.0,24.0,22.0,0.0,0.0,4.0,11.0,9.0,19.0,75.0,15.0,9.0,70.0,514.0,76.0,12.0,6.0,5.0,2.0,22.0,170.0,41.0,53.0,3.0,11.0,5.0,5089.0,1338.0,439.0,305.0,88.0,52.0,92.0,20.0,225.0,23.0,71.0,1444.0,57.0,118.0,687.0,240.0,72.0,7403.0,20.0,2014,7,1064055,参考第2表(7月),佐賀県,132.3245,33.9379
126,2014-06-01,8574.0,21.0,15.0,30.0,24.0,32.0,20.0,18.0,7.0,9.0,14.0,109.0,60.0,753.0,78.0,55.0,39.0,5.0,0.0,1.0,24.0,7.0,8.0,70.0,16.0,28.0,47.0,600.0,44.0,20.0,0.0,2.0,10.0,15.0,141.0,59.0,52.0,0.0,18.0,12.0,3489.0,1234.0,540.0,220.0,97.0,36.0,42.0,88.0,365.0,21.0,139.0,1031.0,123.0,101.0,739.0,227.0,82.0,5658.0,88.0,2014,6,1055475,参考第2表(6月),佐賀県,132.4248,33.9528
127,2014-05-01,11553.0,143.0,7.0,13.0,38.0,9.0,48.0,22.0,36.0,28.0,69.0,154.0,131.0,809.0,266.0,38.0,80.0,58.0,9.0,14.0,60.0,16.0,80.0,100.0,16.0,57.0,102.0,674.0,120.0,58.0,32.0,17.0,29.0,85.0,252.0,124.0,29.0,13.0,28.0,10.0,4277.0,1582.0,510.0,266.0,284.0,81.0,124.0,26.0,529.0,143.0,137.0,1507.0,236.0,221.0,1043.0,507.0,80.0,7124.0,26.0,2014,5,1055475,参考第2表(5月),佐賀県,132.7952,34.1552
128,2014-04-01,9406.0,247.0,9.0,20.0,14.0,2.0,9.0,12.0,26.0,16.0,13.0,154.0,101.0,1081.0,245.0,40.0,17.0,12.0,20.0,10.0,13.0,11.0,37.0,111.0,8.0,11.0,50.0,300.0,55.0,20.0,8.0,14.0,21.0,40.0,206.0,71.0,18.0,21.0,19.0,0.0,4072.0,923.0,493.0,196.0,100.0,68.0,121.0,35.0,316.0,247.0,66.0,1646.0,82.0,187.0,444.0,352.0,58.0,5973.0,35.0,2014,4,1055475,参考第2表(4月),佐賀県,132.9361,34.2651
129,2014-03-01,11136.0,108.0,0.0,5.0,4.0,6.0,8.0,24.0,19.0,7.0,15.0,214.0,122.0,1002.0,204.0,11.0,29.0,68.0,16.0,4.0,52.0,13.0,17.0,171.0,18.0,12.0,43.0,481.0,56.0,10.0,4.0,12.0,17.0,57.0,299.0,88.0,21.0,14.0,12.0,10.0,4656.0,1377.0,609.0,218.0,228.0,102.0,259.0,20.0,394.0,108.0,47.0,1587.0,160.0,235.0,606.0,473.0,57.0,7449.0,20.0,2014,3,1046407,参考第2表(3月),佐賀県,132.5323,34.0158
130,2014-02-01,9611.0,433.0,30.0,3.0,8.0,0.0,0.0,0.0,20.0,8.0,9.0,166.0,93.0,704.0,138.0,16.0,39.0,3.0,0.0,7.0,105.0,23.0,16.0,133.0,12.0,1.0,24.0,239.0,76.0,21.0,5.0,2.0,0.0,20.0,174.0,74.0,10.0,22.0,47.0,10.0,3346.0,1403.0,864.0,496.0,174.0,59.0,113.0,27.0,438.0,433.0,41.0,1145.0,163.0,184.0,366.0,270.0,89.0,6455.0,27.0,2014,2,1046407,参考第2表(2月),佐賀県,132.5743,34.2568
131,2014-01-01,10164.0,76.0,10.0,7.0,18.0,3.0,0.0,4.0,41.0,7.0,8.0,96.0,48.0,764.0,135.0,5.0,21.0,15.0,28.0,9.0,18.0,26.0,17.0,103.0,18.0,2.0,29.0,531.0,74.0,17.0,2.0,21.0,17.0,49.0,118.0,90.0,21.0,15.0,39.0,6.0,4059.0,1595.0,1085.0,223.0,162.0,49.0,116.0,24.0,343.0,76.0,42.0,1108.0,59.0,192.0,655.0,295.0,81.0,7289.0,24.0,2014,1,1046407,参考第2表(1月),佐賀県,132.0963,33.8673
132,2013-12-01,16237.0,54.0,24.0,6.0,17.0,0.0,0.0,167.0,43.0,17.0,14.0,123.0,77.0,797.0,217.0,3.0,8.0,16.0,4.0,36.0,144.0,14.0,13.0,114.0,12.0,24.0,65.0,1868.0,68.0,23.0,8.0,3.0,9.0,34.0,151.0,69.0,17.0,14.0,44.0,9.0,5977.0,1879.0,1414.0,227.0,178.0,91.0,114.0,50.0,1981.0,54.0,214.0,1324.0,171.0,157.0,2056.0,266.0,84.0,9880.0,50.0,2013,12,1030332,参考第2表(12月),佐賀県,132.3321,33.9315
133,2013-11-01,19584.0,180.0,3.0,14.0,9.0,19.0,23.0,19.0,3.0,19.0,12.0,366.0,176.0,1507.0,274.0,13.0,128.0,11.0,4.0,26.0,69.0,4.0,37.0,239.0,22.0,77.0,100.0,6078.0,307.0,36.0,16.0,3.0,12.0,178.0,366.0,130.0,54.0,44.0,38.0,4.0,4327.0,1866.0,646.0,428.0,327.0,245.0,80.0,58.0,987.0,180.0,87.0,2383.0,221.0,306.0,6614.0,689.0,140.0,7919.0,58.0,2013,11,1030332,参考第2表(11月),佐賀県,133.8332,34.3286
134,2013-10-01,16541.0,91.0,6.0,3.0,8.0,43.0,1.0,9.0,23.0,42.0,22.0,201.0,193.0,2030.0,273.0,23.0,75.0,4.0,12.0,9.0,172.0,380.0,84.0,166.0,23.0,25.0,44.0,511.0,125.0,32.0,6.0,0.0,4.0,86.0,262.0,89.0,53.0,67.0,35.0,1.0,5972.0,2648.0,503.0,274.0,558.0,139.0,177.0,65.0,972.0,91.0,70.0,2793.0,274.0,665.0,743.0,441.0,156.0,10271.0,65.0,2013,10,1030332,参考第2表(10月),佐賀県,132.9010,34.0852
135,2013-09-01,16065.0,74.0,6.0,0.0,24.0,2.0,15.0,0.0,25.0,8.0,235.0,99.0,334.0,1374.0,297.0,53.0,0.0,5.0,5.0,18.0,20.0,11.0,66.0,688.0,14.0,79.0,75.0,807.0,166.0,53.0,0.0,16.0,17.0,292.0,225.0,68.0,2.0,39.0,34.0,2.0,6002.0,2778.0,642.0,306.0,163.0,93.0,137.0,34.0,662.0,74.0,47.0,2390.0,78.0,784.0,1180.0,618.0,77.0,10121.0,34.0,2013,9,1021874,参考第2表(9月),佐賀県,132.7602,34.0578
136,2013-08-01,25124.0,30.0,0.0,15.0,37.0,3.0,19.0,14.0,29.0,7.0,19.0,237.0,238.0,1939.0,249.0,24.0,11.0,7.0,0.0,29.0,11.0,16.0,65.0,312.0,42.0,7.0,203.0,3089.0,272.0,35.0,59.0,5.0,27.0,122.0,640.0,162.0,2.0,71.0,39.0,47.0,9814.0,3130.0,905.0,628.0,993.0,250.0,287.0,168.0,361.0,30.0,88.0,2747.0,53.0,435.0,3665.0,956.0,159.0,16007.0,168.0,2013,8,1021874,参考第2表(8月),佐賀県,132.5025,33.8987
137,2013-07-01,17414.0,9.0,2.0,3.0,5.0,2.0,2.0,32.0,86.0,4.0,18.0,121.0,105.0,1356.0,209.0,28.0,23.0,7.0,9.0,16.0,6.0,45.0,13.0,146.0,56.0,8.0,228.0,1808.0,251.0,27.0,11.0,31.0,4.0,12.0,273.0,69.0,3.0,64.0,19.0,7.0,6295.0,3502.0,469.0,258.0,175.0,126.0,106.0,37.0,1328.0,9.0,46.0,1915.0,64.0,269.0,2333.0,389.0,93.0,10931.0,37.0,2013,7,1021874,参考第2表(7月),佐賀県,132.4492,33.9366
138,2013-06-01,13991.0,26.0,55.0,23.0,19.0,22.0,1.0,2.0,33.0,81.0,26.0,109.0,134.0,1069.0,271.0,4.0,16.0,22.0,6.0,7.0,10.0,19.0,38.0,494.0,46.0,18.0,147.0,382.0,74.0,31.0,5.0,48.0,28.0,51.0,360.0,204.0,2.0,52.0,63.0,12.0,4896.0,2528.0,819.0,313.0,284.0,155.0,148.0,63.0,775.0,26.0,122.0,1730.0,52.0,603.0,657.0,691.0,129.0,9143.0,63.0,2013,6,1011736,参考第2表(6月),佐賀県,132.3988,33.9233
139,2013-05-01,24821.0,184.0,4.0,30.0,60.0,4.0,20.0,21.0,35.0,30.0,11.0,158.0,235.0,2191.0,555.0,66.0,24.0,6.0,19.0,3.0,74.0,47.0,142.0,4418.0,71.0,38.0,174.0,2048.0,297.0,293.0,40.0,10.0,46.0,437.0,580.0,301.0,25.0,66.0,113.0,31.0,5024.0,2390.0,1340.0,557.0,486.0,273.0,612.0,158.0,1074.0,184.0,139.0,3218.0,170.0,4697.0,2890.0,1374.0,235.0,10682.0,158.0,2013,5,1011736,参考第2表(5月),佐賀県,133.8890,34.2788
140,2013-04-01,18828.0,338.0,2.0,18.0,111.0,8.0,10.0,8.0,71.0,9.0,36.0,199.0,199.0,1559.0,383.0,22.0,17.0,11.0,5.0,24.0,5.0,69.0,59.0,1516.0,72.0,34.0,143.0,797.0,213.0,75.0,29.0,12.0,276.0,36.0,526.0,277.0,18.0,253.0,68.0,18.0,5977.0,2541.0,878.0,392.0,312.0,213.0,285.0,70.0,621.0,338.0,157.0,2480.0,55.0,1721.0,1291.0,1127.0,357.0,10598.0,70.0,2013,4,1011736,参考第2表(4月),佐賀県,133.0956,34.2253
141,2013-03-01,20864.0,105.0,4.0,4.0,25.0,7.0,20.0,5.0,30.0,21.0,14.0,179.0,201.0,1750.0,260.0,68.0,126.0,429.0,18.0,3.0,403.0,41.0,52.0,1498.0,25.0,19.0,114.0,1467.0,561.0,124.0,17.0,6.0,22.0,41.0,428.0,1040.0,8.0,48.0,80.0,47.0,5942.0,2166.0,1302.0,288.0,625.0,210.0,165.0,71.0,785.0,105.0,65.0,2458.0,1026.0,1634.0,2302.0,1537.0,183.0,10698.0,71.0,2013,3,1001820,参考第2表(3月),佐賀県,133.1989,34.2163
142,2013-02-01,19417.0,110.0,9.0,25.0,18.0,9.0,4.0,122.0,28.0,62.0,24.0,102.0,89.0,1449.0,227.0,26.0,4.0,141.0,23.0,15.0,29.0,10.0,35.0,2251.0,58.0,70.0,82.0,470.0,116.0,25.0,14.0,4.0,8.0,89.0,297.0,247.0,5.0,3.0,35.0,13.0,6122.0,2487.0,1496.0,424.0,356.0,130.0,1225.0,82.0,747.0,110.0,187.0,1996.0,200.0,2377.0,777.0,645.0,56.0,12240.0,82.0,2013,2,1001820,参考第2表(2月),佐賀県,132.6843,33.9222
143,2013-01-01,19414.0,109.0,11.0,20.0,52.0,1.0,1.0,8.0,32.0,7.0,15.0,140.0,129.0,1358.0,240.0,5.0,8.0,19.0,14.0,0.0,45.0,49.0,53.0,277.0,74.0,27.0,105.0,745.0,157.0,49.0,8.0,17.0,5.0,616.0,481.0,275.0,21.0,11.0,29.0,6.0,6908.0,2807.0,2416.0,378.0,250.0,71.0,395.0,83.0,887.0,109.0,93.0,1921.0,77.0,467.0,1091.0,1394.0,67.0,13225.0,83.0,2013,1,1001820,参考第2表(1月),佐賀県,132.0814,33.8183
144,2012-12-01,23786.0,40.0,7.0,24.0,10.0,4.0,20.0,30.0,34.0,5.0,5.0,110.0,162.0,1306.0,261.0,13.0,27.0,25.0,7.0,2.0,12.0,20.0,42.0,193.0,34.0,115.0,176.0,1200.0,221.0,69.0,45.0,10.0,7.0,78.0,996.0,286.0,11.0,26.0,41.0,18.0,9966.0,3233.0,1737.0,509.0,658.0,140.0,129.0,138.0,1584.0,40.0,95.0,1885.0,77.0,296.0,1826.0,1377.0,96.0,16372.0,138.0,2012,12,990267,参考第2表(12月),佐賀県,131.8787,33.7771
145,2012-11-01,28073.0,222.0,49.0,24.0,287.0,19.0,12.0,16.0,56.0,22.0,20.0,402.0,484.0,2299.0,462.0,101.0,28.0,20.0,9.0,42.0,71.0,41.0,125.0,579.0,47.0,58.0,114.0,4326.0,315.0,49.0,20.0,28.0,51.0,269.0,1273.0,337.0,47.0,66.0,82.0,192.0,6116.0,3365.0,1418.0,519.0,968.0,686.0,736.0,148.0,1453.0,222.0,407.0,3787.0,220.0,801.0,4882.0,1958.0,387.0,13808.0,148.0,2012,11,990267,参考第2表(11月),佐賀県,133.3589,34.1380
146,2012-10-01,25012.0,94.0,40.0,38.0,44.0,124.0,13.0,31.0,51.0,20.0,17.0,335.0,628.0,1485.0,384.0,25.0,48.0,12.0,15.0,16.0,28.0,429.0,241.0,447.0,41.0,43.0,142.0,652.0,254.0,102.0,14.0,38.0,33.0,167.0,864.0,294.0,46.0,93.0,82.0,27.0,7801.0,4507.0,1351.0,1284.0,688.0,244.0,496.0,182.0,1002.0,94.0,290.0,2936.0,113.0,1173.0,1207.0,1396.0,248.0,16371.0,182.0,2012,10,990267,参考第2表(10月),佐賀県,132.4408,33.8853
147,2012-09-01,18243.0,143.0,6.0,12.0,12.0,20.0,25.0,195.0,7.0,13.0,63.0,53.0,169.0,1123.0,361.0,8.0,3.0,20.0,3.0,1.0,6.0,19.0,121.0,1151.0,27.0,528.0,50.0,681.0,1013.0,121.0,7.0,5.0,44.0,5.0,170.0,221.0,8.0,5.0,100.0,4.0,2193.0,2937.0,748.0,766.0,229.0,168.0,202.0,46.0,563.0,143.0,270.0,1790.0,37.0,1321.0,2400.0,445.0,117.0,7243.0,46.0,2012,9,233100,参考第2表(9月),佐賀県,133.4656,34.1978
148,2012-08-01,29744.0,27.0,0.0,1.0,46.0,2.0,7.0,0.0,79.0,11.0,15.0,211.0,185.0,1300.0,445.0,56.0,8.0,17.0,7.0,13.0,4.0,44.0,161.0,378.0,43.0,35.0,119.0,2027.0,338.0,87.0,67.0,0.0,18.0,120.0,415.0,459.0,5.0,28.0,107.0,42.0,8360.0,2197.0,761.0,882.0,461.0,310.0,289.0,445.0,554.0,27.0,56.0,2259.0,85.0,633.0,2673.0,1012.0,182.0,13260.0,445.0,2012,8,233100,参考第2表(8月),佐賀県,132.4138,33.7747
149,2012-07-01,19281.0,48.0,4.0,0.0,12.0,5.0,5.0,39.0,148.0,28.0,14.0,124.0,127.0,1864.0,252.0,2.0,62.0,11.0,3.0,10.0,10.0,33.0,28.0,107.0,25.0,20.0,216.0,1327.0,458.0,210.0,42.0,24.0,19.0,81.0,209.0,280.0,33.0,164.0,49.0,4.0,4474.0,3208.0,930.0,514.0,408.0,157.0,117.0,73.0,1040.0,48.0,65.0,2567.0,85.0,196.0,2273.0,613.0,250.0,9808.0,73.0,2012,7,233100,参考第2表(7月),佐賀県,132.8933,34.0035
150,2012-06-01,18222.0,60.0,1.0,4.0,143.0,4.0,4.0,72.0,38.0,2.0,10.0,132.0,132.0,2157.0,296.0,26.0,6.0,14.0,2.0,26.0,69.0,14.0,58.0,1657.0,18.0,11.0,218.0,873.0,335.0,53.0,16.0,5.0,45.0,114.0,283.0,386.0,14.0,29.0,19.0,9.0,4944.0,3013.0,1061.0,318.0,608.0,201.0,181.0,119.0,422.0,60.0,228.0,2793.0,115.0,1749.0,1506.0,833.0,71.0,10326.0,119.0,2012,6,223996,参考第2表(6月),佐賀県,133.1984,34.1035
151,2012-05-01,24568.0,424.0,5.0,6.0,9.0,0.0,0.0,131.0,115.0,103.0,11.0,268.0,338.0,1875.0,386.0,30.0,8.0,27.0,45.0,6.0,38.0,210.0,186.0,4019.0,91.0,18.0,80.0,611.0,738.0,107.0,19.0,7.0,52.0,422.0,358.0,384.0,5.0,190.0,80.0,120.0,5577.0,3538.0,1158.0,505.0,568.0,157.0,723.0,153.0,667.0,424.0,151.0,3102.0,103.0,4551.0,1573.0,1223.0,395.0,12226.0,153.0,2012,5,223996,参考第2表(5月),佐賀県,133.5812,34.2730
152,2012-04-01,23539.0,110.0,28.0,4.0,142.0,2.0,46.0,2.0,64.0,15.0,11.0,190.0,202.0,1336.0,390.0,115.0,18.0,21.0,161.0,1.0,7.0,31.0,105.0,1236.0,55.0,38.0,95.0,721.0,331.0,54.0,12.0,6.0,24.0,65.0,300.0,291.0,18.0,12.0,94.0,23.0,10726.0,3143.0,1197.0,455.0,286.0,127.0,205.0,95.0,929.0,110.0,224.0,2209.0,161.0,1588.0,1251.0,686.0,147.0,16139.0,95.0,2012,4,223996,参考第2表(4月),佐賀県,132.2774,33.9594
153,2012-03-01,17432.0,131.0,0.0,2.0,10.0,5.0,1.0,0.0,1.0,2.0,3.0,50.0,81.0,1119.0,82.0,5.0,7.0,252.0,0.0,0.0,74.0,17.0,42.0,1605.0,18.0,22.0,160.0,1243.0,698.0,88.0,21.0,1.0,12.0,24.0,295.0,212.0,14.0,57.0,118.0,5.0,2428.0,1647.0,1003.0,246.0,439.0,148.0,131.0,33.0,553.0,131.0,18.0,1338.0,338.0,1682.0,2232.0,544.0,194.0,6042.0,33.0,2012,3,223964,参考第2表(3月),佐賀県,133.5463,34.2546
154,2012-02-01,16512.0,76.0,0.0,0.0,10.0,0.0,2.0,135.0,12.0,21.0,1.0,46.0,58.0,971.0,74.0,7.0,6.0,206.0,2.0,57.0,12.0,26.0,94.0,2186.0,19.0,4.0,67.0,535.0,123.0,21.0,2.0,4.0,5.0,4.0,124.0,169.0,3.0,5.0,34.0,7.0,2482.0,1663.0,924.0,137.0,251.0,89.0,1098.0,51.0,393.0,76.0,147.0,1240.0,231.0,2327.0,752.0,306.0,49.0,6644.0,51.0,2012,2,223964,参考第2表(2月),佐賀県,133.2901,34.0269
155,2012-01-01,14652.0,47.0,4.0,25.0,51.0,0.0,0.0,1.0,15.0,1.0,8.0,41.0,40.0,727.0,123.0,0.0,0.0,35.0,4.0,6.0,9.0,11.0,18.0,121.0,29.0,6.0,165.0,428.0,97.0,37.0,2.0,8.0,0.0,23.0,982.0,161.0,18.0,13.0,18.0,8.0,5293.0,2164.0,1405.0,499.0,517.0,112.0,538.0,65.0,777.0,47.0,81.0,961.0,44.0,183.0,735.0,1174.0,57.0,10528.0,65.0,2012,1,223964,参考第2表(1月),佐賀県,131.6670,33.6572
156,2011-12-01,16357.0,74.0,9.0,4.0,20.0,48.0,28.0,22.0,14.0,0.0,23.0,127.0,474.0,977.0,121.0,9.0,11.0,22.0,0.0,0.0,20.0,10.0,28.0,221.0,21.0,102.0,83.0,557.0,109.0,17.0,9.0,0.0,12.0,35.0,526.0,323.0,0.0,11.0,14.0,8.0,4503.0,3085.0,1852.0,297.0,299.0,175.0,257.0,20.0,304.0,74.0,131.0,1736.0,62.0,280.0,877.0,896.0,33.0,10468.0,20.0,2011,12,193873,参考第2表(12月),佐賀県,132.1628,33.8316
157,2011-11-01,24157.0,256.0,18.0,9.0,43.0,0.0,55.0,5.0,18.0,271.0,66.0,1371.0,280.0,3413.0,262.0,7.0,0.0,71.0,0.0,76.0,155.0,701.0,269.0,616.0,98.0,61.0,87.0,1607.0,957.0,132.0,106.0,45.0,21.0,253.0,863.0,136.0,9.0,50.0,205.0,70.0,6017.0,4001.0,884.0,580.0,420.0,840.0,152.0,29.0,1222.0,256.0,130.0,5757.0,233.0,1684.0,2950.0,1318.0,334.0,12894.0,29.0,2011,11,193873,参考第2表(11月),佐賀県,133.8606,34.3330
158,2011-10-01,19997.0,33.0,5.0,4.0,14.0,130.0,14.0,30.0,52.0,50.0,76.0,250.0,889.0,1639.0,182.0,16.0,8.0,28.0,34.0,37.0,18.0,69.0,308.0,240.0,71.0,20.0,233.0,561.0,450.0,97.0,39.0,47.0,132.0,103.0,627.0,326.0,10.0,44.0,38.0,187.0,3688.0,5347.0,1571.0,547.0,476.0,210.0,232.0,150.0,572.0,33.0,197.0,3175.0,70.0,722.0,1400.0,1235.0,279.0,12071.0,150.0,2011,10,193873,参考第2表(10月),佐賀県,132.8067,33.9342
159,2011-09-01,23272.0,168.0,2.0,3.0,129.0,8.0,6.0,42.0,40.0,83.0,319.0,299.0,325.0,2094.0,569.0,50.0,7.0,31.0,44.0,30.0,40.0,44.0,49.0,385.0,290.0,410.0,244.0,1614.0,379.0,216.0,20.0,48.0,40.0,324.0,617.0,284.0,16.0,54.0,420.0,7.0,6364.0,5346.0,1248.0,593.0,265.0,177.0,297.0,162.0,449.0,168.0,190.0,3759.0,128.0,812.0,2883.0,1313.0,497.0,14290.0,162.0,2011,9,184889,参考第2表(9月),佐賀県,132.9597,34.0653
160,2011-08-01,32685.0,41.0,18.0,22.0,67.0,10.0,58.0,40.0,121.0,58.0,42.0,279.0,386.0,2419.0,657.0,36.0,11.0,33.0,36.0,119.0,6.0,91.0,291.0,490.0,53.0,61.0,334.0,3882.0,658.0,132.0,123.0,79.0,35.0,278.0,654.0,543.0,15.0,98.0,190.0,55.0,12851.0,4951.0,2035.0,1083.0,1680.0,747.0,507.0,754.0,340.0,41.0,215.0,4081.0,86.0,961.0,5190.0,1589.0,358.0,23854.0,754.0,2011,8,184889,参考第2表(8月),佐賀県,132.4712,33.7683
161,2011-07-01,22115.0,31.0,0.0,0.0,18.0,0.0,3.0,48.0,120.0,26.0,10.0,169.0,174.0,1624.0,330.0,9.0,26.0,25.0,4.0,15.0,9.0,36.0,65.0,163.0,13.0,49.0,284.0,3598.0,368.0,31.0,93.0,100.0,33.0,201.0,143.0,188.0,28.0,60.0,267.0,16.0,5442.0,4680.0,957.0,723.0,440.0,346.0,369.0,169.0,2969.0,31.0,69.0,2468.0,69.0,281.0,4423.0,665.0,371.0,12957.0,169.0,2011,7,184889,参考第2表(7月),佐賀県,132.7596,33.8968
162,2011-06-01,16808.0,23.0,0.0,2.0,3.0,3.0,2.0,2.0,33.0,7.0,4.0,62.0,41.0,1450.0,110.0,41.0,0.0,4.0,2.0,1.0,18.0,12.0,14.0,114.0,3.0,17.0,52.0,371.0,94.0,24.0,8.0,5.0,8.0,22.0,13.0,47.0,12.0,20.0,16.0,16.0,1288.0,1604.0,179.0,134.0,203.0,155.0,47.0,29.0,1910.0,23.0,12.0,1708.0,63.0,145.0,566.0,95.0,64.0,3610.0,29.0,2011,6,170420,参考第2表(6月),佐賀県,133.6964,34.1725
163,2011-05-01,22613.0,36.0,0.0,2.0,11.0,8.0,2.0,40.0,18.0,34.0,3.0,58.0,102.0,2721.0,184.0,11.0,3.0,10.0,0.0,1.0,18.0,22.0,59.0,1759.0,30.0,29.0,44.0,660.0,127.0,23.0,1.0,14.0,26.0,35.0,98.0,49.0,12.0,28.0,22.0,45.0,2153.0,2560.0,251.0,320.0,179.0,185.0,287.0,53.0,379.0,36.0,63.0,3121.0,42.0,1870.0,884.0,222.0,107.0,5935.0,53.0,2011,5,170420,参考第2表(5月),佐賀県,134.2386,34.3094
164,2011-04-01,17486.0,17.0,10.0,0.0,4.0,2.0,2.0,15.0,27.0,18.0,0.0,61.0,100.0,1338.0,182.0,16.0,3.0,0.0,11.0,0.0,15.0,28.0,37.0,780.0,24.0,31.0,27.0,309.0,82.0,12.0,3.0,10.0,12.0,28.0,81.0,35.0,11.0,14.0,17.0,2.0,4794.0,1715.0,166.0,268.0,148.0,120.0,246.0,48.0,68.0,17.0,33.0,1726.0,34.0,880.0,464.0,166.0,44.0,7457.0,48.0,2011,4,170420,参考第2表(4月),佐賀県,132.7156,33.9773
165,2011-03-01,23024.0,166.0,0.0,1.0,23.0,13.0,7.0,21.0,17.0,26.0,31.0,158.0,203.0,3414.0,298.0,36.0,16.0,9.0,29.0,5.0,34.0,26.0,217.0,788.0,41.0,39.0,163.0,1255.0,340.0,120.0,28.0,37.0,32.0,962.0,1536.0,273.0,41.0,53.0,98.0,36.0,4429.0,4087.0,1515.0,437.0,746.0,333.0,214.0,101.0,812.0,166.0,65.0,4152.0,95.0,1101.0,1945.0,2840.0,228.0,11761.0,101.0,2011,3,170419,参考第2表(3月),佐賀県,133.3325,34.1486
166,2011-02-01,22820.0,262.0,17.0,5.0,47.0,0.0,2.0,284.0,26.0,58.0,31.0,250.0,172.0,3042.0,315.0,13.0,25.0,14.0,6.0,0.0,46.0,22.0,221.0,7293.0,32.0,23.0,148.0,825.0,373.0,39.0,28.0,40.0,32.0,366.0,598.0,262.0,20.0,110.0,133.0,25.0,5628.0,3555.0,1829.0,614.0,411.0,264.0,285.0,138.0,1851.0,262.0,355.0,3894.0,98.0,7574.0,1436.0,1298.0,288.0,12586.0,138.0,2011,2,170419,参考第2表(2月),佐賀県,134.0534,34.3833
167,2011-01-01,22512.0,145.0,3.0,3.0,89.0,2.0,2.0,1.0,36.0,14.0,61.0,180.0,116.0,2035.0,177.0,11.0,3.0,2.0,24.0,4.0,42.0,31.0,89.0,879.0,26.0,39.0,111.0,472.0,224.0,41.0,16.0,43.0,27.0,53.0,2273.0,255.0,36.0,38.0,78.0,34.0,6975.0,4727.0,2523.0,480.0,287.0,216.0,234.0,54.0,1735.0,145.0,100.0,2623.0,58.0,1049.0,903.0,2651.0,186.0,15442.0,54.0,2011,1,170419,参考第2表(1月),佐賀県,132.2479,33.9008
168,2010-12-01,23073.0,275.0,17.0,5.0,48.0,1.0,12.0,27.0,35.0,38.0,25.0,176.0,722.0,1452.0,341.0,19.0,21.0,16.0,14.0,2.0,15.0,27.0,139.0,128.0,11.0,38.0,69.0,744.0,440.0,54.0,13.0,10.0,284.0,217.0,343.0,206.0,17.0,19.0,40.0,15.0,7060.0,4467.0,2128.0,494.0,290.0,282.0,232.0,83.0,1303.0,275.0,110.0,2791.0,71.0,319.0,1358.0,1060.0,91.0,14953.0,83.0,2010,12,136761,参考第2表(12月),佐賀県,132.3334,33.9311
169,2010-11-01,29308.0,123.0,35.0,5.0,62.0,8.0,32.0,6.0,67.0,66.0,28.0,361.0,298.0,2641.0,410.0,54.0,36.0,149.0,43.0,38.0,154.0,52.0,132.0,695.0,33.0,47.0,170.0,2103.0,298.0,108.0,125.0,71.0,550.0,276.0,908.0,469.0,40.0,50.0,73.0,29.0,6988.0,4889.0,1337.0,899.0,762.0,408.0,349.0,136.0,1219.0,123.0,148.0,3909.0,393.0,955.0,2851.0,2274.0,192.0,15632.0,136.0,2010,11,136761,参考第2表(11月),佐賀県,132.9424,34.0654
170,2010-10-01,27621.0,697.0,31.0,12.0,29.0,55.0,46.0,28.0,63.0,59.0,76.0,269.0,285.0,3041.0,393.0,32.0,25.0,35.0,44.0,32.0,59.0,554.0,250.0,424.0,66.0,20.0,116.0,1087.0,200.0,55.0,34.0,21.0,81.0,417.0,452.0,411.0,14.0,29.0,141.0,28.0,6166.0,5958.0,1218.0,878.0,599.0,453.0,390.0,194.0,1277.0,697.0,201.0,4218.0,151.0,1338.0,1512.0,1382.0,212.0,15662.0,194.0,2010,10,136761,参考第2表(10月),佐賀県,133.0733,34.1958
171,2010-09-01,22218.0,29.0,57.0,21.0,59.0,3.0,2.0,11.0,22.0,30.0,11.0,275.0,154.0,1134.0,231.0,5.0,8.0,18.0,3.0,11.0,6.0,25.0,69.0,529.0,28.0,20.0,77.0,2401.0,318.0,36.0,22.0,8.0,10.0,38.0,234.0,146.0,10.0,62.0,154.0,4.0,4312.0,3073.0,978.0,1063.0,395.0,227.0,527.0,61.0,1017.0,29.0,153.0,1868.0,37.0,654.0,2874.0,436.0,230.0,10575.0,61.0,2010,9,130260,参考第2表(9月),佐賀県,132.7359,33.8962
172,2010-08-01,31496.0,9.0,7.0,0.0,40.0,5.0,4.0,1.0,37.0,14.0,32.0,166.0,141.0,1168.0,340.0,24.0,32.0,10.0,4.0,7.0,25.0,27.0,78.0,267.0,45.0,34.0,58.0,1260.0,281.0,72.0,23.0,1.0,7.0,110.0,377.0,352.0,4.0,48.0,79.0,23.0,10772.0,3706.0,1065.0,1338.0,995.0,277.0,458.0,426.0,793.0,9.0,57.0,1905.0,91.0,421.0,1728.0,847.0,154.0,18611.0,426.0,2010,8,130260,参考第2表(8月),佐賀県,131.7232,33.5900
173,2010-07-01,23033.0,144.0,2.0,1.0,9.0,3.0,2.0,11.0,44.0,18.0,12.0,135.0,106.0,1336.0,212.0,5.0,4.0,28.0,10.0,8.0,22.0,18.0,34.0,369.0,24.0,41.0,73.0,2337.0,131.0,28.0,5.0,21.0,14.0,74.0,241.0,169.0,12.0,20.0,48.0,11.0,6472.0,3112.0,1032.0,789.0,286.0,148.0,312.0,183.0,1111.0,144.0,28.0,1871.0,59.0,455.0,2615.0,519.0,91.0,12151.0,183.0,2010,7,130260,参考第2表(7月),佐賀県,132.3964,33.8626
174,2010-06-01,14360.0,29.0,4.0,0.0,11.0,1.0,5.0,9.0,40.0,9.0,57.0,84.0,82.0,1076.0,120.0,3.0,5.0,1.0,2.0,2.0,6.0,5.0,10.0,42.0,2.0,18.0,29.0,1304.0,104.0,17.0,0.0,5.0,59.0,9.0,20.0,13.0,2.0,8.0,3.0,2.0,1749.0,2110.0,243.0,349.0,155.0,85.0,209.0,90.0,24.0,29.0,30.0,1470.0,15.0,61.0,1472.0,106.0,15.0,4900.0,90.0,2010,6,124967,参考第2表(6月),佐賀県,133.0984,33.9612
175,2010-05-01,19992.0,47.0,2.0,0.0,21.0,2.0,0.0,20.0,20.0,16.0,29.0,70.0,178.0,1248.0,129.0,15.0,1.0,0.0,4.0,2.0,2.0,8.0,25.0,363.0,15.0,35.0,104.0,970.0,154.0,105.0,22.0,2.0,9.0,44.0,62.0,106.0,7.0,24.0,23.0,5.0,2819.0,2499.0,270.0,383.0,199.0,207.0,764.0,36.0,244.0,47.0,45.0,1692.0,18.0,415.0,1390.0,223.0,59.0,7141.0,36.0,2010,5,124967,参考第2表(5月),佐賀県,132.8487,33.8740
176,2010-04-01,18338.0,56.0,2.0,5.0,25.0,1.0,3.0,12.0,7.0,2.0,1.0,69.0,88.0,1491.0,160.0,3.0,2.0,7.0,7.0,2.0,4.0,17.0,26.0,339.0,6.0,33.0,36.0,328.0,137.0,15.0,13.0,14.0,2.0,7.0,48.0,33.0,1.0,6.0,7.0,65.0,6347.0,2258.0,126.0,306.0,225.0,30.0,98.0,23.0,89.0,56.0,48.0,1820.0,16.0,395.0,562.0,104.0,79.0,9390.0,23.0,2010,4,124967,参考第2表(4月),佐賀県,132.3002,33.9469
177,2010-03-01,22780.0,253.0,5.0,6.0,14.0,11.0,10.0,21.0,16.0,46.0,67.0,149.0,141.0,3176.0,279.0,37.0,15.0,52.0,0.0,7.0,36.0,5.0,69.0,788.0,46.0,11.0,62.0,846.0,288.0,89.0,8.0,5.0,10.0,95.0,588.0,298.0,77.0,111.0,203.0,124.0,3732.0,2799.0,1085.0,640.0,517.0,200.0,201.0,41.0,765.0,253.0,67.0,3881.0,140.0,908.0,1304.0,996.0,515.0,9174.0,41.0,2010,3,117733,参考第1表(3月),佐賀県,133.6262,34.2653
178,2010-02-01,21471.0,254.0,4.0,0.0,0.0,7.0,3.0,33.0,18.0,4.0,7.0,99.0,168.0,4641.0,243.0,20.0,33.0,16.0,14.0,5.0,8.0,84.0,133.0,3336.0,49.0,107.0,68.0,672.0,164.0,21.0,2.0,0.0,4.0,105.0,251.0,136.0,3.0,90.0,140.0,524.0,3737.0,2890.0,928.0,607.0,193.0,139.0,236.0,76.0,1208.0,254.0,47.0,5185.0,77.0,3616.0,1034.0,496.0,757.0,8730.0,76.0,2010,2,117733,参考第1表(2月),佐賀県,134.4852,34.4594
179,2010-01-01,20391.0,83.0,16.0,5.0,25.0,8.0,1.0,5.0,27.0,18.0,4.0,181.0,92.0,1803.0,272.0,2.0,16.0,17.0,3.0,0.0,27.0,20.0,45.0,885.0,15.0,18.0,47.0,1019.0,123.0,39.0,28.0,4.0,21.0,28.0,400.0,158.0,32.0,49.0,16.0,6.0,5047.0,2988.0,1378.0,415.0,204.0,248.0,230.0,49.0,1609.0,83.0,60.0,2397.0,62.0,968.0,1274.0,611.0,103.0,10510.0,49.0,2010,1,117733,参考第1表(1月),佐賀県,132.7259,33.9677
180,2009-12-01,22027.0,98.0,3.0,22.0,53.0,2.0,8.0,25.0,29.0,32.0,24.0,144.0,448.0,1079.0,226.0,21.0,14.0,2.0,3.0,26.0,5.0,16.0,31.0,584.0,43.0,8.0,68.0,559.0,135.0,122.0,8.0,14.0,93.0,123.0,680.0,343.0,19.0,43.0,18.0,21.0,6942.0,4079.0,1677.0,944.0,910.0,189.0,82.0,81.0,1659.0,98.0,113.0,2008.0,42.0,677.0,900.0,1253.0,101.0,14823.0,81.0,2009,12,59523,参考第1表（12月）,佐賀県,132.0285,33.7994
181,2009-11-01,27587.0,183.0,14.0,56.0,54.0,9.0,17.0,35.0,47.0,62.0,12.0,196.0,381.0,2304.0,452.0,11.0,4.0,87.0,4.0,39.0,87.0,37.0,152.0,649.0,45.0,36.0,137.0,1784.0,186.0,75.0,84.0,35.0,142.0,220.0,955.0,274.0,25.0,80.0,191.0,34.0,6603.0,5192.0,1291.0,1278.0,411.0,348.0,481.0,290.0,1514.0,183.0,185.0,3493.0,189.0,887.0,2302.0,1626.0,330.0,15604.0,290.0,2009,11,59523,参考第1表（11月）,佐賀県,132.7207,33.9304
182,2009-10-01,24280.0,191.0,78.0,3.0,55.0,3.0,3.0,25.0,33.0,36.0,175.0,182.0,793.0,2007.0,340.0,36.0,82.0,49.0,14.0,40.0,158.0,294.0,470.0,1030.0,36.0,110.0,267.0,989.0,321.0,65.0,43.0,27.0,49.0,169.0,673.0,388.0,44.0,113.0,115.0,22.0,5322.0,4380.0,1087.0,554.0,660.0,251.0,521.0,83.0,981.0,191.0,167.0,3606.0,325.0,1844.0,1795.0,1306.0,294.0,12775.0,83.0,2009,10,59523,参考第1表（10月）,佐賀県,133.2671,34.1516
183,2009-09-01,21630.0,83.0,23.0,5.0,47.0,2.0,2.0,23.0,17.0,40.0,35.0,175.0,195.0,1608.0,290.0,71.0,23.0,14.0,15.0,9.0,32.0,22.0,78.0,952.0,24.0,49.0,100.0,1238.0,564.0,427.0,23.0,31.0,52.0,143.0,575.0,257.0,24.0,83.0,85.0,28.0,5718.0,3638.0,1376.0,625.0,512.0,286.0,401.0,93.0,343.0,83.0,102.0,2369.0,140.0,1091.0,2401.0,1058.0,220.0,12556.0,93.0,2009,9,59524,参考第1表（9月）,佐賀県,132.7134,33.9522
184,2009-08-01,30132.0,40.0,11.0,4.0,67.0,21.0,19.0,15.0,70.0,52.0,49.0,227.0,214.0,1737.0,447.0,18.0,20.0,20.0,7.0,8.0,18.0,40.0,112.0,321.0,63.0,35.0,122.0,1763.0,431.0,90.0,15.0,12.0,25.0,187.0,319.0,377.0,4.0,90.0,87.0,13.0,10527.0,4953.0,1698.0,970.0,965.0,249.0,315.0,565.0,1273.0,40.0,137.0,2804.0,76.0,543.0,2456.0,920.0,194.0,19677.0,565.0,2009,8,59524,参考第1表（8月）,佐賀県,132.0430,33.6769
185,2009-07-01,20372.0,45.0,1.0,7.0,19.0,12.0,0.0,2.0,82.0,36.0,49.0,196.0,162.0,1423.0,353.0,5.0,11.0,42.0,13.0,15.0,33.0,54.0,134.0,473.0,42.0,66.0,103.0,1002.0,236.0,59.0,16.0,19.0,30.0,232.0,342.0,223.0,6.0,82.0,54.0,14.0,5343.0,4160.0,1233.0,577.0,287.0,275.0,305.0,133.0,981.0,45.0,41.0,2316.0,91.0,716.0,1482.0,846.0,156.0,12180.0,133.0,2009,7,59524,参考第1表（7月）,佐賀県,132.4374,33.8384
186,2009-06-01,17705.0,35.0,9.0,4.0,32.0,5.0,25.0,19.0,27.0,46.0,39.0,153.0,149.0,1219.0,259.0,29.0,19.0,15.0,47.0,6.0,80.0,71.0,320.0,610.0,43.0,73.0,108.0,2300.0,264.0,138.0,22.0,29.0,56.0,129.0,210.0,316.0,42.0,55.0,73.0,22.0,4108.0,3644.0,1310.0,532.0,250.0,202.0,243.0,84.0,234.0,35.0,94.0,1898.0,143.0,1091.0,2905.0,740.0,192.0,10289.0,84.0,2009,6,59525,参考第1表（6月）,佐賀県,132.8811,33.9752
187,2009-05-01,23997.0,120.0,8.0,7.0,56.0,5.0,26.0,4.0,81.0,64.0,74.0,224.0,315.0,2070.0,506.0,85.0,19.0,47.0,33.0,63.0,39.0,104.0,124.0,802.0,19.0,135.0,280.0,2109.0,610.0,181.0,147.0,93.0,89.0,207.0,621.0,475.0,27.0,74.0,56.0,56.0,5711.0,3933.0,1638.0,587.0,419.0,306.0,642.0,91.0,611.0,120.0,106.0,3397.0,190.0,1082.0,3462.0,1485.0,213.0,13236.0,91.0,2009,5,59525,参考第1表（5月）,佐賀県,133.0794,34.0538
188,2009-04-01,18516.0,142.0,5.0,6.0,8.0,7.0,2.0,3.0,93.0,73.0,85.0,213.0,192.0,1875.0,284.0,9.0,45.0,36.0,27.0,5.0,50.0,13.0,88.0,823.0,34.0,10.0,94.0,1448.0,181.0,86.0,51.0,17.0,85.0,70.0,205.0,438.0,15.0,390.0,92.0,16.0,4374.0,3929.0,1086.0,365.0,253.0,156.0,391.0,118.0,527.0,142.0,31.0,2820.0,140.0,985.0,1870.0,815.0,513.0,10554.0,118.0,2009,4,59525,参考第1表（4月）,佐賀県,133.0054,34.0441
189,2009-03-01,22776.0,72.0,2.0,7.0,82.0,20.0,66.0,37.0,56.0,45.0,48.0,257.0,312.0,2187.0,442.0,39.0,20.0,10.0,10.0,10.0,65.0,10.0,43.0,613.0,26.0,31.0,69.0,2088.0,235.0,63.0,82.0,87.0,44.0,84.0,447.0,468.0,10.0,201.0,48.0,27.0,5597.0,4050.0,1644.0,974.0,393.0,225.0,159.0,59.0,383.0,72.0,214.0,3357.0,134.0,702.0,2568.0,1130.0,286.0,13042.0,59.0,2009,3,59526,参考第1表（3月）,佐賀県,132.9420,34.0340
190,2009-02-01,18240.0,38.0,4.0,0.0,63.0,14.0,36.0,10.0,10.0,22.0,10.0,129.0,181.0,2144.0,224.0,21.0,7.0,42.0,6.0,0.0,41.0,52.0,55.0,1725.0,26.0,20.0,67.0,1565.0,93.0,24.0,23.0,20.0,14.0,97.0,310.0,284.0,9.0,21.0,24.0,5.0,3586.0,3966.0,1422.0,469.0,235.0,94.0,175.0,33.0,214.0,38.0,127.0,2720.0,111.0,1864.0,1792.0,725.0,59.0,9947.0,33.0,2009,2,59526,参考第1表（2月）,佐賀県,133.2321,34.1006
191,2009-01-01,15323.0,259.0,5.0,4.0,28.0,4.0,0.0,25.0,36.0,33.0,42.0,161.0,126.0,1535.0,171.0,13.0,25.0,45.0,0.0,7.0,15.0,23.0,34.0,880.0,15.0,10.0,64.0,510.0,110.0,63.0,29.0,48.0,109.0,64.0,200.0,247.0,4.0,18.0,42.0,6.0,4270.0,3071.0,1330.0,349.0,266.0,104.0,195.0,30.0,547.0,259.0,66.0,2111.0,98.0,952.0,786.0,668.0,70.0,9585.0,30.0,2009,1,59526,参考第1表（1月）,佐賀県,132.7475,34.0959
192,2008-12-01,20941.0,63.0,0.0,9.0,18.0,6.0,5.0,12.0,218.0,25.0,21.0,131.0,395.0,1370.0,244.0,15.0,8.0,16.0,4.0,13.0,29.0,43.0,31.0,207.0,22.0,62.0,63.0,1217.0,120.0,38.0,22.0,21.0,17.0,107.0,169.0,180.0,92.0,47.0,61.0,6.0,6734.0,4362.0,2040.0,629.0,438.0,98.0,183.0,61.0,594.0,63.0,50.0,2417.0,68.0,307.0,1522.0,494.0,206.0,14484.0,61.0,2008,12,59528,参考第1表（12月）,佐賀県,132.1562,33.8051
193,2008-11-01,30019.0,254.0,17.0,25.0,71.0,17.0,26.0,43.0,81.0,48.0,71.0,1026.0,214.0,3064.0,350.0,94.0,54.0,83.0,81.0,37.0,108.0,64.0,874.0,814.0,67.0,73.0,182.0,2064.0,266.0,109.0,90.0,17.0,142.0,216.0,602.0,419.0,9.0,294.0,158.0,150.0,6919.0,5353.0,1319.0,829.0,665.0,437.0,228.0,47.0,618.0,254.0,199.0,4891.0,339.0,1900.0,2784.0,1396.0,611.0,15750.0,47.0,2008,11,59528,参考第1表（11月）,佐賀県,133.3891,34.2047
194,2008-10-01,24913.0,181.0,16.0,3.0,27.0,13.0,17.0,25.0,55.0,25.0,18.0,944.0,206.0,2592.0,288.0,104.0,51.0,82.0,8.0,16.0,47.0,389.0,74.0,298.0,239.0,28.0,93.0,1506.0,350.0,69.0,63.0,21.0,40.0,58.0,549.0,402.0,10.0,12.0,269.0,18.0,4986.0,5770.0,1024.0,1032.0,304.0,177.0,140.0,91.0,672.0,181.0,101.0,4144.0,284.0,1008.0,2109.0,1070.0,309.0,13433.0,91.0,2008,10,59528,参考第1表（10月）,佐賀県,133.1269,34.1172
195,2008-09-01,17509.0,105.0,26.0,27.0,37.0,31.0,10.0,24.0,30.0,24.0,33.0,147.0,225.0,1802.0,311.0,37.0,21.0,40.0,18.0,2.0,28.0,60.0,50.0,252.0,52.0,21.0,142.0,1343.0,304.0,51.0,81.0,22.0,88.0,91.0,170.0,529.0,8.0,138.0,58.0,9.0,4257.0,3554.0,1042.0,413.0,231.0,127.0,164.0,50.0,508.0,105.0,155.0,2574.0,126.0,432.0,1942.0,900.0,213.0,9788.0,50.0,2008,9,59530,参考第1表（9月）,佐賀県,132.9410,34.0845
196,2008-08-01,28306.0,42.0,23.0,4.0,26.0,1.0,6.0,21.0,70.0,63.0,59.0,297.0,350.0,1984.0,487.0,43.0,7.0,25.0,21.0,29.0,41.0,38.0,92.0,215.0,81.0,63.0,135.0,1028.0,223.0,61.0,36.0,43.0,22.0,70.0,325.0,454.0,20.0,57.0,42.0,18.0,11555.0,4565.0,1546.0,827.0,816.0,289.0,302.0,413.0,431.0,42.0,81.0,3339.0,116.0,447.0,1546.0,914.0,137.0,19900.0,413.0,2008,8,59530,参考第1表（8月）,佐賀県,132.0555,33.7295
197,2008-07-01,21059.0,24.0,13.0,6.0,51.0,19.0,24.0,3.0,52.0,19.0,24.0,161.0,194.0,1732.0,288.0,37.0,4.0,24.0,7.0,23.0,13.0,13.0,94.0,602.0,58.0,14.0,203.0,982.0,216.0,61.0,18.0,76.0,48.0,64.0,178.0,231.0,28.0,93.0,106.0,3.0,6258.0,4581.0,1273.0,513.0,344.0,176.0,396.0,88.0,996.0,24.0,116.0,2493.0,78.0,774.0,1494.0,597.0,230.0,13541.0,88.0,2008,7,59530,参考第1表（7月）,佐賀県,132.3953,33.8549
198,2008-06-01,27017.0,157.0,20.0,7.0,17.0,33.0,0.0,85.0,45.0,39.0,92.0,137.0,167.0,948.0,595.0,73.0,69.0,71.0,54.0,45.0,36.0,61.0,181.0,301.0,128.0,43.0,171.0,1040.0,121.0,33.0,91.0,6.0,31.0,96.0,373.0,587.0,22.0,114.0,54.0,54.0,10649.0,4933.0,1430.0,421.0,282.0,222.0,255.0,159.0,1351.0,157.0,162.0,2068.0,249.0,725.0,1499.0,1093.0,244.0,18192.0,159.0,2008,6,59532,参考第1表（6月）,佐賀県,131.9404,33.8350
199,2008-05-01,31286.0,121.0,8.0,8.0,56.0,26.0,21.0,9.0,24.0,18.0,39.0,267.0,524.0,2277.0,315.0,60.0,12.0,386.0,17.0,37.0,125.0,251.0,102.0,677.0,95.0,60.0,168.0,1592.0,313.0,184.0,23.0,2.0,48.0,579.0,580.0,545.0,44.0,208.0,86.0,70.0,9948.0,5361.0,1472.0,761.0,263.0,212.0,261.0,76.0,1615.0,121.0,128.0,3501.0,583.0,1142.0,2340.0,1754.0,408.0,18278.0,76.0,2008,5,59532,参考第1表（5月）,佐賀県,132.5994,34.0167
200,2008-04-01,24370.0,102.0,13.0,8.0,36.0,13.0,32.0,10.0,35.0,33.0,10.0,180.0,144.0,1397.0,310.0,61.0,2.0,755.0,41.0,23.0,48.0,55.0,28.0,375.0,14.0,30.0,130.0,858.0,444.0,46.0,12.0,8.0,14.0,69.0,264.0,259.0,7.0,394.0,50.0,14.0,8907.0,4553.0,1056.0,432.0,195.0,256.0,185.0,50.0,1427.0,102.0,112.0,2132.0,866.0,513.0,1520.0,614.0,465.0,15584.0,50.0,2008,4,59532,参考第1表（4月）,佐賀県,132.2328,33.9631
201,2008-03-01,25603.0,224.0,50.0,24.0,44.0,48.0,321.0,4.0,6.0,6.0,56.0,128.0,197.0,1648.0,159.0,8.0,36.0,830.0,4.0,39.0,54.0,43.0,71.0,245.0,53.0,20.0,45.0,615.0,134.0,117.0,60.0,2.0,236.0,64.0,367.0,404.0,38.0,23.0,25.0,16.0,7203.0,6522.0,1644.0,214.0,281.0,195.0,134.0,37.0,1006.0,224.0,491.0,2239.0,928.0,416.0,991.0,1073.0,102.0,16193.0,37.0,2008,3,59534,参考第1表（3月）,佐賀県,132.2595,34.0458
202,2008-02-01,21967.0,145.0,28.0,1.0,172.0,19.0,15.0,26.0,0.0,6.0,7.0,66.0,66.0,1122.0,59.0,7.0,9.0,197.0,6.0,54.0,30.0,17.0,12.0,362.0,15.0,8.0,245.0,514.0,167.0,117.0,120.0,47.0,4.0,156.0,274.0,231.0,26.0,39.0,20.0,18.0,5649.0,4864.0,1784.0,328.0,866.0,161.0,58.0,23.0,2187.0,145.0,261.0,1380.0,243.0,412.0,1171.0,712.0,103.0,13710.0,23.0,2008,2,59534,参考第1表（2月）,佐賀県,131.9620,33.8527
203,2008-01-01,22211.0,76.0,34.0,2.0,15.0,32.0,26.0,4.0,20.0,11.0,4.0,23.0,22.0,1192.0,59.0,15.0,3.0,29.0,4.0,79.0,0.0,64.0,85.0,240.0,0.0,14.0,296.0,553.0,102.0,2.0,22.0,24.0,46.0,108.0,184.0,204.0,46.0,3.0,7.0,10.0,5896.0,4903.0,2311.0,314.0,659.0,41.0,60.0,14.0,2570.0,76.0,113.0,1410.0,47.0,393.0,989.0,566.0,66.0,14184.0,14.0,2008,1,59534,参考第1表（1月）,佐賀県,131.6998,33.7339
