,îNåé,ëçåv,ñkäCìπ,ê¬êXåß,ä‚éËåß,ã{èÈåß,èHìcåß,éRå`åß,ïüìáåß,àÔèÈåß,ì»ñÿåß,åQînåß,çÈã åß,êÁótåß,ìåãûìs,ê_ìﬁêÏåß,êVäÉåß,ïxéRåß,êŒêÏåß,ïüà‰åß,éRóúåß,í∑ñÏåß,äÚïååß,ê√â™åß,à§ímåß,éOèdåß,é†âÍåß,ãûìsï{,ëÂç„ï{,ï∫å…åß,ìﬁó«åß,òaâÃéRåß,íπéÊåß,ìáç™åß,â™éRåß,çLìáåß,éRå˚åß,ìøìáåß,çÅêÏåß,à§ïQåß,çÇímåß,ïüâ™åß,ç≤âÍåß,í∑çËåß,åFñ{åß,ëÂï™åß,ã{çËåß,é≠éôìáåß,â´ìÍåß,çëäO,ñkäCìπâ^óAã«,ìåñkâ^óAã«,ä÷ìåâ^óAã«,ñkó§êMâzâ^óAã«,íÜïîâ^óAã«,ãﬂãEâ^óAã«,íÜçëâ^óAã«,élçëâ^óAã«,ã„èBâ^óAã«,â´ìÍëççáéññ±ã«,îN,åé,ÉtÉ@ÉCÉãñº,ÉVÅ[Égñº,é{ê›èäç›ín,åoìx,à‹ìx
0,2024-12-01,341742.0,1847.0,1517.0,692.0,4392.0,269.0,332.0,398.0,1143.0,778.0,1157.0,5534.0,5105.0,34563.0,10618.0,2098.0,728.0,836.0,586.0,607.0,1271.0,1156.0,3665.0,6156.0,1351.0,1339.0,7876.0,6560.0,4396.0,998.0,591.0,332.0,293.0,1000.0,3082.0,583.0,479.0,719.0,719.0,497.0,12641.0,314.0,434.0,3692.0,1712.0,567.0,682.0,1745.0,126786.0,1847.0,7600.0,59505.0,4933.0,12914.0,21760.0,5290.0,2414.0,20042.0,1745.0,2024,12,1867106,éQçlëÊ2ï\(12åé),ãûìsï{,136.9431,35.2887
1,2024-11-01,368693.0,3465.0,296.0,1332.0,3452.0,1058.0,888.0,1392.0,2113.0,2311.0,2400.0,6197.0,5501.0,41336.0,12365.0,1549.0,822.0,987.0,597.0,515.0,1663.0,1454.0,3304.0,7294.0,1208.0,838.0,8189.0,5863.0,3552.0,678.0,622.0,361.0,603.0,1130.0,2701.0,959.0,576.0,876.0,840.0,671.0,4862.0,385.0,770.0,1699.0,7813.0,1076.0,1343.0,749.0,161859.0,3465.0,8418.0,72738.0,5021.0,13857.0,19742.0,5754.0,2963.0,17948.0,749.0,2024,11,1860296,éQçlëÊ2ï\(11åé),ãûìsï{,137.4365,35.4911
2,2024-10-01,376206.0,14240.0,1060.0,320.0,846.0,557.0,465.0,2067.0,1047.0,3144.0,2637.0,4356.0,6310.0,35017.0,8172.0,1172.0,1000.0,866.0,571.0,694.0,1420.0,1354.0,2934.0,8447.0,1162.0,998.0,8717.0,5577.0,3087.0,655.0,555.0,423.0,700.0,1325.0,1906.0,639.0,474.0,933.0,1258.0,308.0,3410.0,379.0,906.0,831.0,520.0,438.0,583.0,637.0,171621.0,14240.0,5315.0,61377.0,4458.0,14468.0,19589.0,4993.0,2973.0,7067.0,637.0,2024,10,1853929,éQçlëÊ2ï\(10åé),ãûìsï{,137.9944,36.2224
3,2024-09-01,275042.0,2356.0,248.0,166.0,461.0,145.0,375.0,1196.0,1129.0,1547.0,1342.0,4969.0,4741.0,32791.0,7341.0,2657.0,621.0,706.0,630.0,405.0,866.0,761.0,1921.0,4883.0,1218.0,996.0,6314.0,6312.0,3901.0,1118.0,637.0,358.0,2084.0,1025.0,1561.0,595.0,366.0,700.0,476.0,393.0,4148.0,300.0,483.0,775.0,451.0,265.0,627.0,373.0,107538.0,2356.0,2591.0,54265.0,4850.0,9413.0,19278.0,5623.0,1935.0,7049.0,373.0,2024,9,1845514,éQçlëÊ2ï\(9åé),ãûìsï{,137.5936,35.5313
4,2024-08-01,290302.0,1948.0,138.0,154.0,589.0,243.0,450.0,422.0,1271.0,975.0,1046.0,5917.0,4211.0,32708.0,9638.0,955.0,987.0,1004.0,881.0,503.0,1255.0,1422.0,2745.0,6617.0,1625.0,1632.0,9049.0,8554.0,5853.0,1511.0,1039.0,553.0,428.0,1395.0,1918.0,514.0,452.0,707.0,734.0,496.0,2967.0,327.0,430.0,533.0,428.0,476.0,501.0,532.0,114666.0,1948.0,1996.0,56269.0,4201.0,13290.0,27638.0,4808.0,2389.0,5662.0,532.0,2024,8,1840259,éQçlëÊ2ï\(8åé),ãûìsï{,137.5080,35.4015
5,2024-07-01,299562.0,1482.0,202.0,140.0,672.0,170.0,205.0,405.0,901.0,640.0,810.0,4263.0,5130.0,30410.0,6952.0,488.0,705.0,821.0,612.0,296.0,1295.0,1130.0,1863.0,5111.0,1026.0,1111.0,7276.0,5961.0,4284.0,882.0,649.0,251.0,312.0,999.0,1386.0,470.0,358.0,603.0,457.0,253.0,2338.0,246.0,352.0,689.0,365.0,324.0,267.0,427.0,141465.0,1482.0,1794.0,49402.0,3309.0,9742.0,20163.0,3418.0,1671.0,4581.0,427.0,2024,7,1765039,éQçlëÊ2ï\(7åé),ãûìsï{,137.6863,35.4339
6,2024-06-01,308902.0,1962.0,231.0,209.0,805.0,243.0,463.0,530.0,3075.0,1166.0,4509.0,7682.0,5694.0,29197.0,16244.0,887.0,634.0,765.0,701.0,463.0,866.0,1052.0,2575.0,4607.0,1135.0,1061.0,8029.0,6362.0,3887.0,732.0,592.0,481.0,439.0,1117.0,1870.0,531.0,442.0,541.0,673.0,300.0,2672.0,220.0,580.0,979.0,580.0,211.0,381.0,380.0,134728.0,1962.0,2481.0,68030.0,3152.0,10070.0,20663.0,4438.0,1956.0,5623.0,380.0,2024,6,1760851,éQçlëÊ2ï\(6åé),ãûìsï{,137.9103,35.5195
7,2024-05-01,332985.0,2613.0,346.0,275.0,821.0,323.0,392.0,427.0,4898.0,1536.0,2949.0,9793.0,7983.0,35595.0,17476.0,1307.0,930.0,892.0,621.0,762.0,1586.0,1151.0,11546.0,5525.0,1203.0,947.0,7245.0,5593.0,3597.0,752.0,556.0,408.0,400.0,1178.0,2177.0,1362.0,464.0,683.0,731.0,380.0,3535.0,405.0,553.0,971.0,792.0,330.0,455.0,440.0,136400.0,2613.0,2584.0,80992.0,4715.0,20046.0,18690.0,5525.0,2258.0,7041.0,440.0,2024,5,1757460,éQçlëÊ2ï\(5åé),ãûìsï{,138.0278,35.5257
8,2024-04-01,309740.0,2546.0,370.0,176.0,946.0,158.0,319.0,1019.0,2290.0,838.0,713.0,3624.0,3328.0,30432.0,8051.0,808.0,571.0,686.0,574.0,490.0,3297.0,773.0,5929.0,4309.0,957.0,651.0,5718.0,4056.0,2711.0,556.0,403.0,390.0,265.0,890.0,1313.0,511.0,288.0,671.0,2115.0,735.0,3317.0,421.0,425.0,597.0,492.0,240.0,441.0,365.0,149481.0,2546.0,2988.0,49766.0,5362.0,12542.0,14095.0,3369.0,3809.0,5933.0,365.0,2024,4,1750677,éQçlëÊ2ï\(4åé),ãûìsï{,137.7556,35.5546
9,2024-03-01,333345.0,3647.0,476.0,508.0,872.0,425.0,486.0,547.0,1420.0,998.0,1189.0,5332.0,6205.0,39012.0,11391.0,2636.0,969.0,1142.0,809.0,644.0,1665.0,1368.0,3138.0,7573.0,1396.0,1337.0,8184.0,7896.0,4584.0,1043.0,808.0,434.0,438.0,1188.0,2222.0,843.0,519.0,959.0,1098.0,461.0,4868.0,581.0,486.0,991.0,586.0,372.0,1471.0,1189.0,129587.0,3647.0,3314.0,66191.0,6412.0,14284.0,23852.0,5125.0,3037.0,9355.0,1189.0,2024,3,1745072,éQçlëÊ2ï\(3åé),ãûìsï{,137.5348,35.4842
10,2024-02-01,227204.0,1775.0,290.0,286.0,643.0,240.0,408.0,391.0,1184.0,885.0,797.0,4320.0,4489.0,24320.0,8107.0,1819.0,694.0,914.0,788.0,375.0,1417.0,1429.0,3991.0,5808.0,1273.0,1380.0,8303.0,7146.0,4767.0,1033.0,664.0,354.0,387.0,1028.0,1859.0,648.0,435.0,662.0,635.0,432.0,3963.0,346.0,459.0,862.0,498.0,286.0,455.0,387.0,73789.0,1775.0,2258.0,44477.0,4844.0,13289.0,23293.0,4276.0,2164.0,6869.0,387.0,2024,2,1740006,éQçlëÊ2ï\(2åé),ãûìsï{,137.3427,35.4090
11,2024-01-01,206767.0,1534.0,171.0,216.0,584.0,163.0,314.0,351.0,1036.0,728.0,670.0,3833.0,4712.0,26560.0,7698.0,427.0,473.0,497.0,695.0,456.0,940.0,1342.0,2355.0,6085.0,1839.0,1695.0,10781.0,10338.0,5953.0,1142.0,772.0,259.0,359.0,1213.0,2145.0,536.0,431.0,733.0,561.0,337.0,4996.0,296.0,627.0,866.0,506.0,707.0,572.0,1559.0,72725.0,1534.0,1799.0,45693.0,2337.0,12316.0,30681.0,4512.0,2062.0,8570.0,1559.0,2024,1,1732631,éQçlëÊ2ï\(1åé),ãûìsï{,136.9665,35.1592
12,2023-12-01,309334.0,2394.0,2384.0,2104.0,7857.0,320.0,508.0,726.0,1707.0,1560.0,1371.0,6244.0,6201.0,39636.0,12529.0,755.0,696.0,1057.0,852.0,654.0,1890.0,1373.0,4224.0,7662.0,1701.0,1973.0,11232.0,9824.0,6139.0,1391.0,919.0,411.0,404.0,1242.0,3476.0,804.0,554.0,756.0,921.0,531.0,13336.0,748.0,809.0,4305.0,1037.0,1119.0,587.0,634.0,91912.0,2394.0,13899.0,69902.0,4398.0,15812.0,31478.0,6337.0,2762.0,21941.0,634.0,2023,12,1725251,éQçlëÊ2ï\(12åé),ãûìsï{,137.1343,35.4593
13,2023-11-01,322341.0,4780.0,1426.0,663.0,3017.0,791.0,1360.0,1285.0,2433.0,2842.0,3499.0,8057.0,7993.0,46583.0,13353.0,1034.0,992.0,1078.0,856.0,1069.0,2705.0,1787.0,3456.0,6172.0,1281.0,1200.0,8279.0,5597.0,3776.0,828.0,730.0,473.0,474.0,1362.0,3609.0,973.0,417.0,844.0,903.0,1006.0,5145.0,963.0,794.0,2622.0,4941.0,574.0,919.0,1386.0,98359.0,4780.0,8542.0,85829.0,5809.0,13552.0,20410.0,6891.0,3170.0,15958.0,1386.0,2023,11,810002999,éQçlëÊ2ï\(11åé),ãûìsï{,137.6182,35.5746
14,2023-10-01,288796.0,10694.0,378.0,304.0,823.0,379.0,584.0,1150.0,1220.0,4692.0,737.0,5179.0,7235.0,31881.0,9172.0,2074.0,1052.0,1006.0,715.0,695.0,2129.0,1629.0,2878.0,9158.0,1197.0,1037.0,8245.0,5678.0,4320.0,824.0,761.0,394.0,851.0,1307.0,2159.0,574.0,509.0,877.0,831.0,455.0,4166.0,469.0,620.0,1536.0,618.0,350.0,631.0,338.0,102957.0,10694.0,3618.0,60811.0,6261.0,15577.0,20865.0,5285.0,2672.0,8390.0,338.0,2023,10,810003002,éQçlëÊ2ï\(10åé),ãûìsï{,137.8107,35.9930
15,2023-09-01,240580.0,1372.0,251.0,159.0,693.0,184.0,315.0,1828.0,2197.0,1314.0,1069.0,5322.0,5692.0,38790.0,8050.0,551.0,709.0,1129.0,820.0,493.0,888.0,1405.0,2249.0,6347.0,1094.0,1297.0,9175.0,6964.0,4590.0,911.0,859.0,958.0,2859.0,971.0,2039.0,650.0,373.0,608.0,686.0,399.0,5257.0,285.0,496.0,814.0,456.0,229.0,354.0,281.0,84645.0,1372.0,3430.0,62927.0,3277.0,11915.0,23796.0,7477.0,2066.0,7891.0,281.0,2023,9,810003005,éQçlëÊ2ï\(9åé),ãûìsï{,137.5172,35.4279
16,2023-08-01,258288.0,1087.0,260.0,193.0,3347.0,176.0,458.0,629.0,2000.0,1057.0,1096.0,5464.0,4531.0,32976.0,9585.0,773.0,1269.0,1335.0,862.0,731.0,1096.0,1728.0,2943.0,6381.0,1519.0,1556.0,9434.0,9115.0,5515.0,1177.0,656.0,443.0,1008.0,1305.0,1996.0,563.0,426.0,758.0,867.0,572.0,3192.0,265.0,419.0,860.0,406.0,285.0,418.0,761.0,80090.0,1087.0,5063.0,57440.0,4473.0,13433.0,27453.0,5315.0,2623.0,5845.0,761.0,2023,8,810003007,éQçlëÊ2ï\(8åé),ãûìsï{,137.5274,35.4108
17,2023-07-01,234906.0,1544.0,349.0,190.0,578.0,167.0,286.0,399.0,1000.0,803.0,1059.0,7060.0,3582.0,32211.0,8015.0,597.0,692.0,862.0,623.0,359.0,887.0,1073.0,2063.0,5743.0,1068.0,1154.0,8527.0,6503.0,4695.0,906.0,553.0,318.0,354.0,1002.0,1411.0,534.0,361.0,652.0,802.0,272.0,2859.0,264.0,420.0,682.0,438.0,278.0,512.0,231.0,95388.0,1544.0,1969.0,54089.0,3038.0,10570.0,22338.0,3619.0,2087.0,5453.0,231.0,2023,7,810003009,éQçlëÊ2ï\(7åé),ãûìsï{,137.6557,35.4403
18,2023-06-01,252074.0,2100.0,333.0,308.0,1226.0,230.0,370.0,553.0,3412.0,1725.0,4467.0,6282.0,7924.0,31652.0,22752.0,561.0,739.0,1089.0,732.0,424.0,1005.0,1681.0,1985.0,5252.0,1340.0,1279.0,8564.0,6330.0,4144.0,748.0,527.0,405.0,423.0,1101.0,2299.0,550.0,382.0,562.0,660.0,245.0,3766.0,247.0,418.0,526.0,443.0,430.0,477.0,374.0,78758.0,2100.0,3020.0,78638.0,3394.0,10990.0,21592.0,4778.0,1849.0,6307.0,374.0,2023,6,810003011,éQçlëÊ2ï\(6åé),ãûìsï{,137.9878,35.5273
19,2023-05-01,300239.0,2759.0,208.0,447.0,1498.0,346.0,592.0,782.0,5914.0,3531.0,4186.0,7573.0,9104.0,37060.0,17420.0,1424.0,944.0,911.0,813.0,1086.0,1183.0,1241.0,12507.0,6179.0,1403.0,1004.0,8646.0,5592.0,4003.0,777.0,622.0,349.0,503.0,1571.0,2633.0,1319.0,498.0,893.0,871.0,658.0,4873.0,419.0,756.0,1188.0,619.0,284.0,895.0,359.0,91158.0,2759.0,3873.0,85874.0,4462.0,22143.0,20644.0,6375.0,2920.0,9034.0,359.0,2023,5,810003013,éQçlëÊ2ï\(5åé),ãûìsï{,137.9292,35.5243
20,2023-04-01,297493.0,4188.0,269.0,352.0,1277.0,784.0,352.0,997.0,2513.0,1868.0,716.0,3904.0,3588.0,35383.0,8381.0,1269.0,805.0,1030.0,1014.0,1501.0,3864.0,942.0,8052.0,4558.0,1084.0,965.0,10168.0,5293.0,3423.0,705.0,506.0,662.0,562.0,1134.0,1966.0,667.0,346.0,925.0,1623.0,829.0,4340.0,429.0,779.0,1488.0,847.0,566.0,721.0,641.0,114590.0,4188.0,4031.0,57854.0,6968.0,15650.0,21060.0,4991.0,3723.0,9170.0,641.0,2023,4,1616669,éQçlëÊ2ï\(4åé),ãûìsï{,137.5610,35.5749
21,2023-03-01,282038.0,4177.0,420.0,306.0,1037.0,349.0,749.0,624.0,1951.0,1310.0,1512.0,7294.0,7392.0,43565.0,15788.0,2514.0,1008.0,1465.0,1143.0,1021.0,2026.0,1779.0,4104.0,8761.0,1751.0,1504.0,11168.0,8445.0,5254.0,1151.0,976.0,566.0,705.0,1727.0,3431.0,900.0,572.0,863.0,1003.0,431.0,7142.0,716.0,603.0,1276.0,1231.0,513.0,1812.0,676.0,75200.0,4177.0,3485.0,79833.0,7013.0,17538.0,28498.0,7329.0,2869.0,13293.0,676.0,2023,3,1611685,éQçlëÊ2ï\(3åé),ãûìsï{,137.4727,35.4707
22,2023-02-01,172782.0,1918.0,456.0,344.0,701.0,120.0,393.0,341.0,1452.0,683.0,673.0,4809.0,5272.0,25010.0,8298.0,920.0,625.0,890.0,748.0,390.0,1058.0,1169.0,3009.0,5499.0,1168.0,1832.0,10324.0,7997.0,5125.0,1655.0,807.0,335.0,378.0,1244.0,1751.0,586.0,446.0,681.0,572.0,329.0,4645.0,409.0,452.0,1285.0,510.0,243.0,745.0,1206.0,31891.0,1918.0,2355.0,46587.0,3493.0,11593.0,27740.0,4294.0,2028.0,8289.0,1206.0,2023,2,1602931,éQçlëÊ2ï\(2åé),ãûìsï{,137.1489,35.2883
23,2023-01-01,199761.0,1598.0,312.0,305.0,536.0,113.0,302.0,420.0,970.0,751.0,1051.0,4137.0,3445.0,25422.0,7325.0,540.0,508.0,880.0,870.0,393.0,846.0,1321.0,2306.0,6230.0,1433.0,2240.0,12156.0,8824.0,5488.0,1211.0,692.0,271.0,296.0,1208.0,3330.0,614.0,432.0,652.0,563.0,321.0,4308.0,263.0,319.0,758.0,358.0,289.0,424.0,1910.0,52338.0,1598.0,1988.0,43494.0,2774.0,12160.0,30611.0,5719.0,1968.0,6719.0,1910.0,2023,1,1596098,éQçlëÊ2ï\(1åé),ãûìsï{,136.9493,35.1856
24,2022-12-01,313838.0,2850.0,2127.0,1433.0,6869.0,802.0,873.0,584.0,3101.0,1970.0,2300.0,10529.0,7329.0,50212.0,15795.0,1814.0,1198.0,1506.0,1061.0,1343.0,1485.0,1922.0,5570.0,10550.0,2303.0,3098.0,15962.0,13752.0,8111.0,1880.0,1102.0,478.0,407.0,1747.0,6027.0,881.0,687.0,1096.0,810.0,569.0,14019.0,625.0,565.0,5445.0,708.0,1056.0,686.0,1635.0,48616.0,2850.0,12688.0,92579.0,6003.0,21406.0,43905.0,9540.0,3162.0,23104.0,1635.0,2022,12,1588919,éQçlëÊ2ï\(12åé),ãûìsï{,137.1479,35.3861
25,2022-11-01,318787.0,7594.0,2488.0,1008.0,3331.0,2854.0,1607.0,1337.0,3313.0,4240.0,5784.0,10852.0,15128.0,67948.0,19364.0,1920.0,1398.0,2107.0,1182.0,1256.0,3200.0,1958.0,5503.0,9062.0,1835.0,1747.0,10975.0,8777.0,5907.0,1119.0,1012.0,540.0,651.0,1994.0,3462.0,1667.0,717.0,1204.0,1315.0,818.0,8185.0,654.0,1119.0,3106.0,7313.0,672.0,1216.0,1204.0,34254.0,7594.0,12625.0,127885.0,8625.0,19540.0,29537.0,8314.0,4054.0,22265.0,1204.0,2022,11,1583855,éQçlëÊ2ï\(11åé),ãûìsï{,137.7697,35.6722
26,2022-10-01,222400.0,8558.0,390.0,301.0,1277.0,230.0,522.0,3031.0,3921.0,3831.0,1803.0,8290.0,9314.0,42803.0,12794.0,2644.0,1322.0,1288.0,948.0,808.0,1965.0,1673.0,3835.0,8854.0,1557.0,1670.0,12348.0,7965.0,6475.0,1034.0,858.0,444.0,643.0,1595.0,2784.0,736.0,646.0,977.0,958.0,586.0,5284.0,475.0,654.0,969.0,574.0,335.0,887.0,534.0,25194.0,8558.0,5751.0,83564.0,7219.0,16867.0,30350.0,6202.0,3167.0,9178.0,534.0,2022,10,1578856,éQçlëÊ2ï\(10åé),ãûìsï{,137.8501,35.7931
27,2022-09-01,208620.0,3609.0,214.0,279.0,1044.0,164.0,473.0,2271.0,1861.0,1439.0,893.0,6520.0,6603.0,46616.0,12635.0,1857.0,785.0,1000.0,1413.0,1072.0,1846.0,1387.0,4067.0,7240.0,2139.0,2834.0,16491.0,13025.0,8269.0,1691.0,897.0,969.0,1965.0,1195.0,2183.0,853.0,378.0,750.0,667.0,566.0,4363.0,544.0,447.0,1002.0,366.0,219.0,534.0,490.0,8760.0,3609.0,4445.0,77639.0,5488.0,16246.0,43207.0,7165.0,2361.0,7475.0,490.0,2022,9,1572819,éQçlëÊ2ï\(9åé),ãûìsï{,137.5579,35.4943
28,2022-08-01,176241.0,1659.0,221.0,213.0,579.0,170.0,430.0,441.0,1716.0,1044.0,1125.0,6666.0,5854.0,36386.0,12595.0,792.0,785.0,1136.0,879.0,634.0,1110.0,1716.0,3051.0,8261.0,1997.0,3110.0,19032.0,12962.0,9442.0,2221.0,1065.0,443.0,427.0,1428.0,1898.0,560.0,429.0,828.0,881.0,498.0,3280.0,272.0,439.0,630.0,575.0,303.0,554.0,787.0,6571.0,1659.0,2054.0,66020.0,3823.0,15904.0,47832.0,4756.0,2636.0,6053.0,787.0,2022,8,1518809,éQçlëÊ2ï\(8åé),ãûìsï{,137.3389,35.3036
29,2022-07-01,164042.0,2462.0,209.0,269.0,869.0,238.0,294.0,582.0,1193.0,766.0,895.0,10139.0,5012.0,32683.0,11519.0,662.0,702.0,1225.0,905.0,761.0,1929.0,1430.0,3117.0,6862.0,1737.0,2460.0,15238.0,11561.0,7164.0,1657.0,920.0,345.0,440.0,1267.0,1896.0,506.0,433.0,612.0,569.0,396.0,3684.0,292.0,463.0,805.0,684.0,306.0,396.0,492.0,4420.0,2462.0,2461.0,62968.0,4518.0,14051.0,39000.0,4454.0,2010.0,6630.0,492.0,2022,7,1513787,éQçlëÊ2ï\(7åé),ãûìsï{,137.4558,35.4071
30,2022-06-01,184051.0,2105.0,260.0,397.0,1049.0,393.0,311.0,395.0,2027.0,3026.0,4988.0,11166.0,10496.0,33687.0,19147.0,633.0,751.0,999.0,973.0,429.0,914.0,1676.0,3625.0,6727.0,1693.0,2363.0,14426.0,12965.0,7267.0,1026.0,907.0,299.0,345.0,1137.0,1780.0,474.0,368.0,636.0,906.0,362.0,4148.0,310.0,464.0,670.0,434.0,308.0,428.0,910.0,3735.0,2105.0,2805.0,84966.0,3297.0,14694.0,38954.0,4035.0,2272.0,6762.0,910.0,2022,6,1498879,éQçlëÊ2ï\(6åé),ãûìsï{,137.7270,35.4216
31,2022-05-01,172431.0,2058.0,206.0,192.0,636.0,162.0,331.0,432.0,2623.0,612.0,1359.0,7159.0,11735.0,34289.0,17041.0,522.0,669.0,873.0,584.0,1368.0,742.0,1089.0,11585.0,6741.0,1306.0,1467.0,11615.0,7643.0,5085.0,1032.0,548.0,259.0,218.0,969.0,1676.0,825.0,299.0,478.0,470.0,288.0,3906.0,268.0,374.0,455.0,194.0,138.0,358.0,360.0,2146.0,2058.0,1959.0,76186.0,2806.0,21305.0,27390.0,3947.0,1535.0,5693.0,360.0,2022,5,1492188,éQçlëÊ2ï\(5åé),ãûìsï{,137.9468,35.4313
32,2022-04-01,140364.0,2571.0,107.0,169.0,1064.0,90.0,256.0,280.0,1350.0,945.0,607.0,4863.0,4636.0,32313.0,10187.0,476.0,645.0,1120.0,576.0,329.0,1104.0,1171.0,6534.0,6420.0,1157.0,1447.0,10503.0,7565.0,4676.0,915.0,559.0,249.0,201.0,913.0,1445.0,459.0,315.0,570.0,862.0,617.0,3397.0,285.0,435.0,532.0,340.0,219.0,319.0,578.0,1097.0,2571.0,1966.0,55230.0,3345.0,15858.0,25665.0,3267.0,2364.0,5527.0,578.0,2022,4,1488455,éQçlëÊ2ï\(4åé),ãûìsï{,137.6419,35.4351
33,2022-03-01,154253.0,2171.0,154.0,132.0,429.0,155.0,231.0,301.0,991.0,862.0,1068.0,5198.0,5582.0,31482.0,11751.0,517.0,491.0,897.0,596.0,443.0,880.0,1393.0,2349.0,12331.0,1154.0,1603.0,10732.0,8861.0,5572.0,1185.0,610.0,291.0,316.0,887.0,1663.0,461.0,377.0,528.0,531.0,354.0,4285.0,338.0,312.0,636.0,313.0,149.0,357.0,846.0,1866.0,2171.0,1402.0,57377.0,2785.0,17823.0,28563.0,3618.0,1790.0,6390.0,846.0,2022,3,1593741,éQçlëÊ2ï\(3åé),ãûìsï{,137.4687,35.3550
34,2022-02-01,68268.0,722.0,70.0,81.0,222.0,39.0,188.0,113.0,452.0,279.0,289.0,2628.0,2162.0,13108.0,4648.0,225.0,198.0,381.0,430.0,157.0,411.0,622.0,963.0,3637.0,630.0,1478.0,10952.0,7042.0,4046.0,863.0,318.0,187.0,197.0,367.0,770.0,291.0,164.0,270.0,242.0,112.0,1571.0,122.0,114.0,253.0,169.0,69.0,137.0,202.0,862.0,722.0,713.0,23723.0,1215.0,6282.0,24699.0,1812.0,788.0,2435.0,202.0,2022,2,1479844,éQçlëÊ2ï\(2åé),ãûìsï{,137.1147,35.2713
35,2022-01-01,95704.0,933.0,150.0,96.0,222.0,84.0,154.0,199.0,714.0,718.0,378.0,3683.0,2639.0,20278.0,7179.0,346.0,356.0,441.0,620.0,268.0,503.0,916.0,1725.0,5615.0,1005.0,2168.0,12718.0,9957.0,5693.0,1313.0,566.0,197.0,166.0,707.0,984.0,252.0,257.0,418.0,345.0,201.0,1986.0,141.0,159.0,396.0,224.0,176.0,274.0,294.0,749.0,933.0,905.0,35857.0,1646.0,9881.0,32415.0,2306.0,1221.0,3356.0,294.0,2022,1,1473828,éQçlëÊ2ï\(1åé),ãûìsï{,137.2324,35.2745
36,2021-12-01,213922.0,6341.0,1443.0,614.0,2097.0,212.0,550.0,576.0,1733.0,1665.0,1694.0,7487.0,7492.0,42494.0,16140.0,707.0,796.0,973.0,857.0,987.0,1104.0,1824.0,5785.0,9940.0,1989.0,2775.0,26600.0,11683.0,7043.0,1584.0,904.0,337.0,431.0,1562.0,2116.0,631.0,529.0,798.0,745.0,537.0,7234.0,431.0,619.0,1990.0,789.0,303.0,590.0,953.0,1581.0,6341.0,5492.0,79692.0,3580.0,20395.0,50589.0,5077.0,2609.0,11956.0,953.0,2021,12,1465508,éQçlëÊ2ï\(12åé),ãûìsï{,137.4200,35.5258
37,2021-11-01,201102.0,5575.0,284.0,566.0,2035.0,295.0,484.0,888.0,2458.0,3100.0,1183.0,11192.0,10641.0,55851.0,18935.0,1074.0,905.0,1023.0,661.0,729.0,1342.0,1588.0,6597.0,9609.0,1452.0,1390.0,12782.0,9588.0,5435.0,1000.0,728.0,333.0,349.0,1429.0,2532.0,824.0,439.0,728.0,847.0,524.0,6957.0,473.0,634.0,1916.0,546.0,349.0,538.0,693.0,623.0,5575.0,4552.0,104089.0,4344.0,19907.0,30923.0,5467.0,2538.0,11413.0,693.0,2021,11,1461319,éQçlëÊ2ï\(11åé),ãûìsï{,137.9110,35.5763
38,2021-10-01,135706.0,3424.0,179.0,153.0,755.0,94.0,259.0,382.0,909.0,1755.0,511.0,5324.0,5888.0,34325.0,11611.0,398.0,527.0,721.0,563.0,400.0,707.0,1439.0,1978.0,8127.0,1234.0,1797.0,10997.0,8780.0,6456.0,1257.0,652.0,245.0,263.0,936.0,1304.0,443.0,275.0,428.0,419.0,301.0,3306.0,266.0,348.0,583.0,243.0,186.0,309.0,448.0,1286.0,3424.0,1822.0,60723.0,2353.0,13341.0,29939.0,3191.0,1423.0,5241.0,448.0,2021,10,1446517,éQçlëÊ2ï\(10åé),ãûìsï{,137.7047,35.5044
39,2021-09-01,66521.0,720.0,44.0,66.0,197.0,34.0,127.0,120.0,289.0,355.0,308.0,1943.0,1677.0,14228.0,4246.0,169.0,155.0,333.0,272.0,86.0,207.0,603.0,565.0,2875.0,823.0,1320.0,8037.0,5674.0,3443.0,755.0,351.0,78.0,94.0,407.0,494.0,165.0,102.0,127.0,150.0,103.0,1263.0,67.0,52.0,204.0,95.0,54.0,130.0,158.0,208.0,720.0,588.0,23132.0,864.0,5138.0,19580.0,1238.0,482.0,1865.0,158.0,2021,9,1443179,éQçlëÊ2ï\(9åé),ãûìsï{,137.3531,35.3235
40,2021-08-01,94912.0,564.0,60.0,56.0,264.0,33.0,163.0,161.0,370.0,615.0,393.0,2682.0,2283.0,17011.0,6201.0,180.0,210.0,414.0,309.0,202.0,279.0,763.0,1022.0,5018.0,765.0,1631.0,12609.0,9313.0,5702.0,1246.0,419.0,119.0,128.0,561.0,885.0,195.0,157.0,248.0,208.0,150.0,1255.0,84.0,121.0,320.0,123.0,56.0,92.0,197.0,1311.0,564.0,737.0,29757.0,1083.0,7877.0,30920.0,1888.0,763.0,2051.0,197.0,2021,8,1429247,éQçlëÊ2ï\(8åé),ãûìsï{,137.2058,35.2480
41,2021-07-01,96159.0,826.0,89.0,57.0,291.0,79.0,133.0,218.0,690.0,467.0,371.0,4181.0,2460.0,19120.0,7546.0,353.0,361.0,582.0,446.0,269.0,572.0,982.0,1340.0,5809.0,1037.0,1703.0,12120.0,9819.0,6374.0,1195.0,608.0,188.0,174.0,711.0,992.0,356.0,243.0,312.0,339.0,239.0,1964.0,148.0,158.0,433.0,158.0,102.0,298.0,499.0,1197.0,826.0,867.0,35104.0,1868.0,9614.0,31819.0,2421.0,1133.0,3261.0,499.0,2021,7,1425770,éQçlëÊ2ï\(7åé),ãûìsï{,137.1807,35.2383
42,2021-06-01,55414.0,412.0,93.0,45.0,220.0,57.0,104.0,80.0,280.0,433.0,167.0,1240.0,1450.0,9952.0,3075.0,156.0,154.0,254.0,261.0,94.0,259.0,453.0,545.0,2291.0,410.0,944.0,7218.0,4395.0,2851.0,633.0,488.0,53.0,91.0,333.0,369.0,120.0,138.0,192.0,149.0,98.0,832.0,73.0,80.0,191.0,125.0,51.0,91.0,174.0,703.0,412.0,599.0,16691.0,823.0,3960.0,16529.0,966.0,577.0,1443.0,174.0,2021,6,1420780,éQçlëÊ2ï\(6åé),ãûìsï{,137.2100,35.2778
43,2021-05-01,37461.0,278.0,31.0,32.0,137.0,27.0,107.0,62.0,248.0,119.0,108.0,874.0,767.0,6691.0,1905.0,77.0,62.0,119.0,144.0,79.0,83.0,267.0,324.0,1438.0,286.0,793.0,6446.0,3072.0,1683.0,437.0,211.0,66.0,41.0,178.0,290.0,83.0,51.0,89.0,66.0,67.0,538.0,24.0,48.0,62.0,30.0,38.0,40.0,93.0,508.0,278.0,396.0,10791.0,341.0,2459.0,12642.0,658.0,273.0,780.0,93.0,2021,5,1416262,éQçlëÊ2ï\(5åé),ãûìsï{,137.1588,35.2723
44,2021-04-01,62870.0,865.0,46.0,59.0,184.0,39.0,100.0,151.0,501.0,258.0,246.0,1814.0,1590.0,12910.0,4113.0,207.0,194.0,346.0,246.0,138.0,288.0,533.0,2440.0,2752.0,450.0,853.0,7477.0,4203.0,2432.0,504.0,295.0,114.0,108.0,360.0,558.0,173.0,119.0,221.0,211.0,138.0,1299.0,79.0,70.0,193.0,81.0,123.0,111.0,170.0,316.0,865.0,579.0,21570.0,1035.0,6421.0,15764.0,1313.0,689.0,1956.0,170.0,2021,4,1411542,éQçlëÊ2ï\(4åé),ãûìsï{,137.4439,35.3603
45,2021-03-01,101944.0,4662.0,102.0,153.0,635.0,86.0,232.0,221.0,724.0,732.0,552.0,3465.0,3230.0,22491.0,7696.0,343.0,474.0,729.0,543.0,345.0,785.0,1084.0,1669.0,6090.0,1066.0,1268.0,8315.0,7013.0,4238.0,995.0,569.0,212.0,175.0,795.0,1209.0,433.0,278.0,461.0,455.0,290.0,2975.0,214.0,222.0,504.0,201.0,124.0,262.0,307.0,2685.0,4662.0,1429.0,39235.0,2331.0,10452.0,22398.0,2824.0,1484.0,4502.0,307.0,2021,3,1406192,éQçlëÊ2ï\(3åé),ãûìsï{,137.5487,35.6533
46,2021-02-01,48000.0,416.0,18.0,27.0,153.0,47.0,84.0,73.0,264.0,259.0,244.0,1140.0,1062.0,7408.0,2172.0,161.0,182.0,336.0,254.0,88.0,319.0,469.0,562.0,2209.0,475.0,998.0,6343.0,4166.0,2838.0,599.0,232.0,116.0,125.0,280.0,558.0,120.0,139.0,236.0,145.0,137.0,921.0,96.0,72.0,229.0,88.0,66.0,123.0,129.0,192.0,416.0,402.0,12637.0,998.0,3969.0,15176.0,1199.0,657.0,1595.0,129.0,2021,2,1402241,éQçlëÊ2ï\(2åé),ãûìsï{,136.9255,35.2334
47,2021-01-01,45418.0,363.0,18.0,54.0,105.0,18.0,75.0,57.0,184.0,196.0,134.0,914.0,853.0,6264.0,1991.0,110.0,128.0,235.0,174.0,109.0,184.0,354.0,481.0,2186.0,371.0,1121.0,6844.0,4476.0,2741.0,652.0,241.0,79.0,87.0,366.0,314.0,102.0,88.0,216.0,132.0,70.0,605.0,44.0,74.0,124.0,69.0,26.0,77.0,93.0,735.0,363.0,327.0,10645.0,657.0,3566.0,16075.0,948.0,506.0,1019.0,93.0,2021,1,1395039,éQçlëÊ2ï\(1åé),ãûìsï{,136.8794,35.2142
48,2020-12-01,148503.0,1243.0,177.0,91.0,2001.0,113.0,225.0,330.0,989.0,889.0,582.0,7007.0,6390.0,31736.0,12604.0,335.0,525.0,829.0,564.0,1285.0,667.0,1262.0,3343.0,7654.0,1386.0,2673.0,17968.0,10455.0,6935.0,1499.0,757.0,226.0,166.0,856.0,1547.0,394.0,301.0,383.0,281.0,315.0,5291.0,257.0,300.0,708.0,291.0,226.0,275.0,376.0,704.0,1243.0,2937.0,61482.0,2356.0,14209.0,40287.0,3189.0,1280.0,7348.0,376.0,2020,12,1387590,éQçlëÊ2ï\(12åé),ãûìsï{,137.4285,35.3266
49,2020-11-01,272717.0,4103.0,228.0,271.0,2474.0,304.0,561.0,556.0,2833.0,2456.0,1506.0,15815.0,13341.0,74595.0,28010.0,1176.0,1227.0,2031.0,951.0,1112.0,1539.0,2429.0,5430.0,14209.0,2117.0,2445.0,16722.0,13154.0,8612.0,1685.0,1146.0,426.0,368.0,1494.0,3109.0,862.0,514.0,705.0,735.0,565.0,10485.0,632.0,554.0,1690.0,727.0,343.0,827.0,749.0,2230.0,4103.0,4394.0,139668.0,5973.0,25136.0,43764.0,6259.0,2519.0,15258.0,749.0,2020,11,1384547,éQçlëÊ2ï\(11åé),ãûìsï{,137.8500,35.4605
50,2020-10-01,167268.0,2496.0,136.0,134.0,590.0,204.0,252.0,278.0,1061.0,1454.0,796.0,6665.0,6130.0,36374.0,15146.0,521.0,799.0,1053.0,786.0,542.0,933.0,1752.0,3102.0,11030.0,1525.0,2360.0,19147.0,12569.0,7988.0,1694.0,1035.0,254.0,275.0,1273.0,1736.0,491.0,327.0,566.0,465.0,342.0,5277.0,370.0,333.0,706.0,372.0,177.0,485.0,368.0,2374.0,2496.0,1594.0,68168.0,3306.0,18195.0,44793.0,4029.0,1700.0,7720.0,368.0,2020,10,1379354,éQçlëÊ2ï\(10åé),ãûìsï{,137.4049,35.3578
51,2020-09-01,120055.0,1484.0,63.0,87.0,469.0,228.0,230.0,244.0,930.0,1346.0,715.0,6553.0,4964.0,18776.0,13175.0,445.0,926.0,773.0,690.0,506.0,851.0,1378.0,1806.0,8820.0,1406.0,2048.0,15243.0,12082.0,7231.0,1458.0,711.0,223.0,344.0,912.0,1884.0,343.0,356.0,440.0,325.0,306.0,4655.0,221.0,182.0,484.0,459.0,164.0,222.0,253.0,1572.0,1484.0,1321.0,46965.0,2995.0,14100.0,38773.0,3706.0,1427.0,6387.0,253.0,2020,9,1374114,éQçlëÊ2ï\(9åé),ãûìsï{,137.1585,35.2948
52,2020-08-01,90989.0,853.0,49.0,46.0,251.0,124.0,125.0,247.0,1109.0,506.0,524.0,4191.0,4052.0,14525.0,9637.0,331.0,382.0,487.0,376.0,300.0,722.0,948.0,1326.0,4928.0,835.0,1723.0,12602.0,12060.0,6927.0,1289.0,554.0,141.0,111.0,664.0,866.0,278.0,290.0,437.0,255.0,177.0,2229.0,122.0,78.0,244.0,169.0,84.0,234.0,231.0,1358.0,853.0,842.0,34844.0,1922.0,8413.0,35155.0,2060.0,1159.0,3160.0,231.0,2020,8,1369459,éQçlëÊ2ï\(8åé),ãûìsï{,137.1841,35.2546
53,2020-07-01,71097.0,768.0,47.0,71.0,308.0,26.0,138.0,147.0,483.0,333.0,306.0,3119.0,2635.0,13507.0,5970.0,300.0,410.0,437.0,1101.0,324.0,503.0,745.0,1169.0,3820.0,672.0,1109.0,8312.0,5646.0,3302.0,619.0,383.0,114.0,140.0,385.0,671.0,264.0,149.0,199.0,224.0,111.0,1313.0,125.0,123.0,130.0,169.0,69.0,76.0,187.0,920.0,768.0,737.0,26677.0,1650.0,7507.0,19371.0,1574.0,683.0,2005.0,187.0,2020,7,1364794,éQçlëÊ2ï\(7åé),ãûìsï{,137.4412,35.3669
54,2020-06-01,33753.0,263.0,21.0,36.0,99.0,32.0,38.0,57.0,134.0,282.0,179.0,1198.0,1648.0,7167.0,2193.0,76.0,359.0,168.0,328.0,75.0,933.0,576.0,617.0,1664.0,277.0,648.0,7213.0,3221.0,1350.0,342.0,181.0,59.0,91.0,217.0,296.0,118.0,126.0,87.0,130.0,44.0,620.0,103.0,49.0,64.0,80.0,33.0,33.0,69.0,159.0,263.0,283.0,12876.0,1536.0,3462.0,12955.0,781.0,387.0,982.0,69.0,2020,6,1360468,éQçlëÊ2ï\(6åé),ãûìsï{,137.2664,35.3279
55,2020-05-01,10974.0,60.0,7.0,8.0,22.0,8.0,9.0,9.0,28.0,44.0,62.0,320.0,576.0,1816.0,418.0,13.0,133.0,47.0,113.0,32.0,402.0,151.0,173.0,351.0,66.0,276.0,1536.0,1338.0,446.0,126.0,59.0,8.0,26.0,73.0,65.0,34.0,23.0,16.0,32.0,17.0,192.0,26.0,15.0,12.0,30.0,0.0,5.0,16.0,87.0,60.0,63.0,3296.0,595.0,854.0,3781.0,206.0,88.0,280.0,16.0,2020,5,1355869,éQçlëÊ2ï\(5åé),ãûìsï{,137.1664,35.3098
56,2020-04-01,16925.0,326.0,4.0,13.0,21.0,9.0,14.0,35.0,74.0,45.0,64.0,473.0,385.0,3235.0,1026.0,41.0,51.0,79.0,68.0,42.0,115.0,135.0,220.0,833.0,142.0,299.0,3431.0,1200.0,658.0,142.0,49.0,38.0,59.0,115.0,138.0,34.0,36.0,68.0,76.0,38.0,247.0,20.0,26.0,50.0,41.0,26.0,43.0,26.0,355.0,326.0,96.0,5344.0,286.0,1398.0,5779.0,384.0,218.0,453.0,26.0,2020,4,1350481,éQçlëÊ2ï\(4åé),ãûìsï{,137.2003,35.3735
57,2020-03-01,109037.0,1805.0,64.0,215.0,598.0,137.0,202.0,220.0,1298.0,703.0,678.0,5543.0,5246.0,25823.0,10511.0,657.0,574.0,780.0,683.0,369.0,1324.0,1241.0,2452.0,7369.0,1114.0,1288.0,6652.0,6251.0,4516.0,805.0,603.0,280.0,289.0,849.0,1855.0,570.0,349.0,475.0,446.0,270.0,2741.0,248.0,276.0,481.0,363.0,124.0,442.0,263.0,8995.0,1805.0,1436.0,50171.0,3335.0,12859.0,20115.0,3843.0,1540.0,4675.0,263.0,2020,3,1345427,éQçlëÊ2ï\(3åé),ãûìsï{,137.6787,35.4488
58,2020-02-01,158900.0,1961.0,280.0,367.0,1060.0,260.0,394.0,669.0,1417.0,863.0,843.0,6521.0,4995.0,29281.0,11297.0,1308.0,751.0,911.0,756.0,507.0,1653.0,1409.0,3803.0,6344.0,1361.0,1360.0,8980.0,6700.0,4096.0,902.0,681.0,453.0,416.0,1065.0,2645.0,634.0,427.0,673.0,661.0,358.0,5546.0,369.0,444.0,907.0,471.0,328.0,652.0,821.0,30035.0,1961.0,3030.0,55724.0,4623.0,13673.0,22719.0,5213.0,2119.0,8717.0,821.0,2020,2,1342341,éQçlëÊ2ï\(2åé),ãûìsï{,137.4094,35.3884
59,2020-01-01,204849.0,2125.0,296.0,340.0,572.0,176.0,293.0,440.0,1134.0,642.0,743.0,4111.0,3580.0,34168.0,11121.0,639.0,553.0,851.0,664.0,493.0,989.0,1373.0,2540.0,6155.0,1461.0,1168.0,12418.0,6961.0,4486.0,904.0,716.0,366.0,281.0,1135.0,2178.0,550.0,511.0,559.0,756.0,325.0,3969.0,289.0,355.0,586.0,427.0,318.0,476.0,1078.0,76017.0,2125.0,2117.0,55992.0,3032.0,12193.0,26653.0,4510.0,2151.0,6420.0,1078.0,2020,1,1335949,éQçlëÊ2ï\(1åé),ãûìsï{,137.4534,35.3611
60,2019-12-01,275461.0,3802.0,2511.0,2219.0,6551.0,742.0,421.0,2059.0,2532.0,1278.0,1466.0,7931.0,7466.0,42694.0,14967.0,1605.0,868.0,1201.0,1085.0,963.0,1774.0,1643.0,5288.0,9072.0,2039.0,2007.0,10973.0,9440.0,6065.0,1144.0,880.0,615.0,528.0,1574.0,3992.0,895.0,616.0,855.0,1247.0,562.0,6482.0,532.0,1183.0,3522.0,690.0,1132.0,2765.0,1877.0,78792.0,3802.0,14503.0,79297.0,5448.0,19127.0,30509.0,7604.0,3280.0,16306.0,1877.0,2019,12,1330002,éQçlëÊ2ï\(12åé),ãûìsï{,137.4221,35.5153
61,2019-11-01,289401.0,5331.0,770.0,1071.0,4889.0,1904.0,936.0,2100.0,2810.0,2830.0,1578.0,9120.0,7810.0,47672.0,14955.0,1990.0,1528.0,1771.0,845.0,892.0,2259.0,1504.0,4858.0,7301.0,1498.0,1175.0,10192.0,6285.0,3793.0,774.0,720.0,617.0,761.0,1425.0,3315.0,1063.0,600.0,805.0,1282.0,901.0,6312.0,754.0,890.0,4499.0,1955.0,672.0,1133.0,1092.0,93541.0,5331.0,11670.0,87667.0,7548.0,16006.0,22939.0,7181.0,3588.0,16215.0,1092.0,2019,11,1325397,éQçlëÊ2ï\(11åé),ãûìsï{,137.6582,35.6429
62,2019-10-01,275203.0,9849.0,1958.0,473.0,1538.0,427.0,582.0,4229.0,2025.0,3580.0,2373.0,7699.0,5369.0,33800.0,10956.0,5223.0,1306.0,1308.0,936.0,629.0,1683.0,1170.0,3305.0,9032.0,2035.0,1006.0,10167.0,7177.0,3460.0,729.0,587.0,475.0,619.0,2047.0,2340.0,954.0,513.0,1300.0,1659.0,617.0,4718.0,492.0,858.0,1076.0,786.0,438.0,706.0,1005.0,106167.0,9849.0,9207.0,66431.0,9520.0,16478.0,23126.0,6435.0,4089.0,9074.0,1005.0,2019,10,1321280,éQçlëÊ2ï\(10åé),ãûìsï{,137.7754,35.9817
63,2019-09-01,245220.0,3604.0,544.0,428.0,1708.0,327.0,797.0,860.0,2280.0,1257.0,1278.0,7904.0,6644.0,39759.0,13618.0,1297.0,965.0,1195.0,687.0,539.0,1242.0,1125.0,2958.0,6154.0,1187.0,1391.0,8779.0,6619.0,3615.0,769.0,735.0,660.0,2191.0,1288.0,3068.0,744.0,497.0,623.0,822.0,503.0,5013.0,452.0,870.0,1167.0,690.0,404.0,684.0,459.0,90120.0,3604.0,4664.0,73279.0,4699.0,12111.0,21908.0,7951.0,2445.0,9280.0,459.0,2019,9,1317978,éQçlëÊ2ï\(9åé),ãûìsï{,137.6886,35.5697
64,2019-08-01,256917.0,2096.0,350.0,365.0,1300.0,303.0,435.0,729.0,2011.0,1510.0,1696.0,8438.0,6638.0,39244.0,14196.0,1212.0,1372.0,1308.0,863.0,741.0,1240.0,1655.0,4719.0,6840.0,1486.0,1404.0,11685.0,6679.0,4704.0,1276.0,861.0,619.0,514.0,1478.0,2377.0,1077.0,702.0,767.0,1077.0,654.0,4001.0,599.0,618.0,911.0,626.0,533.0,822.0,738.0,111448.0,2096.0,3482.0,74474.0,5132.0,15563.0,26609.0,6065.0,3200.0,8110.0,738.0,2019,8,1314286,éQçlëÊ2ï\(8åé),ãûìsï{,137.6479,35.4298
65,2019-07-01,274368.0,1936.0,360.0,517.0,1858.0,319.0,470.0,746.0,1911.0,1121.0,1109.0,8062.0,5911.0,37130.0,10546.0,1312.0,1063.0,1271.0,827.0,513.0,1150.0,1563.0,3141.0,6493.0,1697.0,1344.0,10880.0,6907.0,3838.0,749.0,935.0,539.0,520.0,1388.0,1982.0,787.0,532.0,825.0,1067.0,412.0,3777.0,396.0,1237.0,916.0,673.0,1190.0,691.0,528.0,125169.0,1936.0,4270.0,66303.0,4796.0,13721.0,24653.0,5216.0,2836.0,8880.0,528.0,2019,7,1309596,éQçlëÊ2ï\(7åé),ãûìsï{,137.5856,35.4401
66,2019-06-01,308890.0,3061.0,393.0,607.0,1442.0,333.0,515.0,1006.0,2776.0,3276.0,5335.0,10874.0,9255.0,42527.0,20247.0,1306.0,1215.0,1569.0,1010.0,554.0,1615.0,1814.0,3344.0,7315.0,1665.0,1277.0,10410.0,8356.0,4398.0,990.0,826.0,578.0,722.0,1740.0,2378.0,1047.0,645.0,893.0,909.0,455.0,5022.0,503.0,517.0,1088.0,1013.0,447.0,676.0,400.0,122406.0,3061.0,4296.0,94844.0,5705.0,15148.0,26257.0,6465.0,2902.0,9266.0,400.0,2019,6,1304386,éQçlëÊ2ï\(6åé),ãûìsï{,137.8899,35.5571
67,2019-05-01,331275.0,4484.0,511.0,786.0,1771.0,559.0,785.0,1148.0,4658.0,2586.0,3875.0,11659.0,16904.0,48705.0,23948.0,1750.0,2137.0,2240.0,961.0,2055.0,1633.0,1759.0,17100.0,8700.0,1959.0,1150.0,9750.0,6216.0,4373.0,915.0,1034.0,920.0,826.0,1575.0,3056.0,1392.0,1046.0,1289.0,1582.0,518.0,7062.0,769.0,881.0,1368.0,820.0,513.0,978.0,551.0,107368.0,4484.0,5560.0,114390.0,7760.0,30479.0,23438.0,7769.0,4435.0,12391.0,551.0,2019,5,1300946,éQçlëÊ2ï\(5åé),ãûìsï{,137.9724,35.5547
68,2019-04-01,309129.0,4335.0,422.0,524.0,1509.0,533.0,903.0,1893.0,2461.0,2742.0,1701.0,7413.0,6445.0,38413.0,12814.0,2020.0,1361.0,1096.0,1002.0,2087.0,3555.0,1914.0,9826.0,6882.0,1456.0,1184.0,10036.0,4953.0,3512.0,741.0,889.0,1311.0,598.0,1978.0,2440.0,1205.0,545.0,968.0,2302.0,1359.0,5552.0,743.0,874.0,1456.0,924.0,562.0,961.0,642.0,145531.0,4335.0,5784.0,74076.0,8032.0,21080.0,21315.0,7532.0,5174.0,11072.0,642.0,2019,4,1295994,éQçlëÊ2ï\(4åé),ãûìsï{,137.6063,35.5639
69,2019-03-01,295483.0,5571.0,564.0,618.0,2131.0,451.0,936.0,1290.0,2586.0,1781.0,1842.0,10690.0,9804.0,47274.0,19074.0,4223.0,1475.0,1780.0,1089.0,804.0,2058.0,1770.0,5681.0,9296.0,1569.0,1249.0,10181.0,6291.0,4906.0,976.0,947.0,767.0,745.0,1777.0,3362.0,1273.0,685.0,1316.0,1072.0,641.0,7117.0,926.0,932.0,1573.0,1033.0,531.0,1483.0,939.0,108340.0,5571.0,5990.0,93855.0,9536.0,19405.0,24550.0,7924.0,3714.0,13595.0,939.0,2019,3,1291373,éQçlëÊ2ï\(3åé),ãûìsï{,137.7149,35.6025
70,2019-02-01,230444.0,2569.0,473.0,393.0,1350.0,392.0,419.0,686.0,1997.0,1113.0,1233.0,7627.0,6350.0,37670.0,12976.0,2077.0,961.0,938.0,695.0,552.0,1403.0,1367.0,4498.0,6575.0,1399.0,1326.0,9951.0,6191.0,4730.0,965.0,696.0,442.0,393.0,1349.0,3012.0,835.0,518.0,705.0,866.0,452.0,6379.0,958.0,512.0,1580.0,721.0,517.0,707.0,645.0,80103.0,2569.0,3713.0,69518.0,5379.0,14534.0,23859.0,6031.0,2541.0,11374.0,645.0,2019,2,1287456,éQçlëÊ2ï\(2åé),ãûìsï{,137.5057,35.4394
71,2019-01-01,160392.0,1925.0,213.0,349.0,852.0,249.0,295.0,460.0,1247.0,1005.0,978.0,4826.0,3904.0,24780.0,8236.0,572.0,646.0,892.0,842.0,386.0,1015.0,1396.0,3012.0,5867.0,1371.0,1152.0,9210.0,6142.0,4270.0,889.0,669.0,355.0,381.0,1156.0,2319.0,594.0,469.0,648.0,764.0,383.0,6546.0,299.0,428.0,511.0,533.0,569.0,441.0,708.0,55638.0,1925.0,2418.0,45362.0,3125.0,12488.0,22332.0,4805.0,2264.0,9327.0,708.0,2019,1,1282241,éQçlëÊ2ï\(1åé),ãûìsï{,137.1326,35.3284
72,2018-12-01,278458.0,3257.0,3481.0,2430.0,5409.0,516.0,808.0,1664.0,2433.0,1562.0,1563.0,9354.0,8301.0,43491.0,16557.0,1863.0,1164.0,1497.0,987.0,1170.0,1801.0,1690.0,5791.0,8825.0,1986.0,1851.0,11833.0,8383.0,5740.0,1212.0,841.0,716.0,649.0,1542.0,4393.0,1069.0,762.0,1032.0,1508.0,806.0,9631.0,844.0,1355.0,2460.0,1006.0,769.0,2584.0,2441.0,80757.0,3257.0,14308.0,84431.0,6325.0,19279.0,29860.0,8369.0,4108.0,18649.0,2441.0,2018,12,1274859,éQçlëÊ2ï\(12åé),ãûìsï{,137.3229,35.4660
73,2018-11-01,262183.0,6174.0,660.0,1796.0,4343.0,1149.0,1485.0,1910.0,2643.0,2493.0,2566.0,8696.0,8084.0,49195.0,15143.0,1884.0,1076.0,1295.0,721.0,1018.0,2323.0,1186.0,4728.0,6724.0,1461.0,865.0,9611.0,5036.0,3253.0,588.0,692.0,505.0,623.0,1214.0,3101.0,1054.0,610.0,737.0,1113.0,557.0,7330.0,718.0,992.0,1888.0,3146.0,682.0,1135.0,1191.0,78720.0,6174.0,11343.0,89838.0,6578.0,14820.0,20045.0,6497.0,3017.0,15891.0,1191.0,2018,11,1270912,éQçlëÊ2ï\(11åé),ãûìsï{,137.7783,35.7007
74,2018-10-01,282916.0,12985.0,567.0,503.0,1538.0,657.0,957.0,6371.0,1851.0,3528.0,2630.0,8949.0,6640.0,42219.0,12514.0,4234.0,1324.0,1329.0,775.0,704.0,1585.0,1383.0,4037.0,7893.0,1740.0,1031.0,9912.0,6205.0,4267.0,809.0,866.0,1099.0,542.0,1232.0,2466.0,864.0,846.0,816.0,1460.0,916.0,5043.0,876.0,1272.0,1126.0,730.0,430.0,814.0,556.0,104858.0,12985.0,10593.0,79035.0,8472.0,15828.0,23090.0,6203.0,4038.0,10291.0,556.0,2018,10,1267081,éQçlëÊ2ï\(10åé),ãûìsï{,137.9808,36.0803
75,2018-09-01,256794.0,4017.0,505.0,546.0,1758.0,416.0,766.0,1443.0,2247.0,1818.0,1357.0,9150.0,7205.0,46296.0,16491.0,1385.0,1157.0,1478.0,887.0,896.0,1937.0,1333.0,3447.0,6891.0,1861.0,1227.0,11105.0,6702.0,3941.0,891.0,774.0,659.0,4575.0,1582.0,3053.0,892.0,613.0,1021.0,1167.0,575.0,5820.0,607.0,957.0,1322.0,790.0,537.0,637.0,481.0,86310.0,4017.0,5434.0,85460.0,5957.0,14419.0,24640.0,10761.0,3376.0,10670.0,481.0,2018,9,1263226,éQçlëÊ2ï\(9åé),ãûìsï{,137.6473,35.5681
76,2018-08-01,295514.0,2001.0,332.0,316.0,1488.0,1320.0,484.0,907.0,2397.0,1475.0,2237.0,9557.0,8178.0,48011.0,15833.0,1263.0,1543.0,1471.0,1077.0,1084.0,1538.0,2008.0,4862.0,9253.0,2470.0,1552.0,10791.0,9484.0,6305.0,1342.0,1890.0,745.0,735.0,1905.0,2867.0,945.0,794.0,1035.0,1220.0,1157.0,4170.0,542.0,669.0,1016.0,591.0,495.0,765.0,676.0,118134.0,2001.0,4847.0,88772.0,5815.0,19670.0,31364.0,7197.0,4206.0,8248.0,676.0,2018,8,1258931,éQçlëÊ2ï\(8åé),ãûìsï{,137.6954,35.4412
77,2018-07-01,280124.0,2135.0,431.0,410.0,1559.0,437.0,481.0,746.0,1631.0,1262.0,1124.0,6264.0,6635.0,41989.0,11846.0,1143.0,918.0,1161.0,719.0,664.0,1337.0,1504.0,4267.0,6198.0,1569.0,1421.0,11800.0,6018.0,3572.0,853.0,674.0,423.0,690.0,1334.0,1901.0,732.0,517.0,733.0,788.0,485.0,3806.0,423.0,570.0,924.0,770.0,468.0,557.0,441.0,140126.0,2135.0,4064.0,71415.0,4559.0,14257.0,24338.0,5080.0,2523.0,7518.0,441.0,2018,7,1255551,éQçlëÊ2ï\(7åé),ãûìsï{,137.7768,35.4943
78,2018-06-01,306353.0,3287.0,624.0,622.0,1508.0,608.0,586.0,848.0,2668.0,2405.0,5486.0,8884.0,10579.0,44862.0,16806.0,1370.0,1290.0,1375.0,928.0,581.0,1658.0,1587.0,4004.0,7149.0,1786.0,1405.0,12449.0,6479.0,4728.0,1004.0,749.0,487.0,755.0,1408.0,2661.0,891.0,588.0,706.0,955.0,478.0,5421.0,542.0,608.0,1055.0,696.0,388.0,766.0,488.0,132864.0,3287.0,4796.0,92271.0,5693.0,15454.0,26814.0,6202.0,2727.0,9476.0,488.0,2018,6,1251331,éQçlëÊ2ï\(6åé),ãûìsï{,137.8678,35.5721
79,2018-05-01,310247.0,4173.0,505.0,479.0,1822.0,376.0,895.0,1004.0,3304.0,2004.0,5477.0,10818.0,8766.0,47032.0,22290.0,1491.0,2108.0,2052.0,1081.0,2931.0,1604.0,1528.0,17073.0,7020.0,1971.0,1377.0,10538.0,5942.0,4281.0,1054.0,801.0,512.0,636.0,1395.0,2651.0,1918.0,851.0,816.0,1064.0,437.0,6978.0,779.0,887.0,1637.0,837.0,467.0,1161.0,515.0,114695.0,4173.0,5081.0,102622.0,7255.0,28673.0,23993.0,7112.0,3168.0,12746.0,515.0,2018,5,1247508,éQçlëÊ2ï\(5åé),ãûìsï{,137.8565,35.5321
80,2018-04-01,329649.0,4984.0,544.0,591.0,1918.0,543.0,1084.0,1600.0,2173.0,2718.0,1531.0,7144.0,7026.0,45709.0,13999.0,1782.0,981.0,1305.0,655.0,944.0,4316.0,1080.0,10339.0,8012.0,1568.0,3003.0,13242.0,8942.0,4509.0,2179.0,739.0,931.0,525.0,1267.0,2449.0,1327.0,517.0,930.0,1938.0,1368.0,5998.0,916.0,776.0,1599.0,980.0,584.0,997.0,733.0,146211.0,4984.0,6280.0,81244.0,8384.0,21654.0,32614.0,6499.0,4753.0,11850.0,733.0,2018,4,1240838,éQçlëÊ2ï\(4åé),ãûìsï{,137.5921,35.5449
81,2018-03-01,337895.0,5118.0,572.0,779.0,2454.0,630.0,1027.0,1205.0,3144.0,2265.0,2166.0,12403.0,11508.0,58820.0,22352.0,5010.0,1652.0,1900.0,1062.0,984.0,2677.0,2029.0,6368.0,10415.0,1915.0,1485.0,12964.0,7688.0,5491.0,1152.0,1145.0,889.0,836.0,2096.0,3936.0,1378.0,828.0,1331.0,1247.0,759.0,8356.0,886.0,1141.0,1755.0,1110.0,598.0,1565.0,907.0,116151.0,5118.0,6667.0,113642.0,11239.0,21789.0,29925.0,9135.0,4165.0,15411.0,907.0,2018,3,1264411,éQçlëÊ2ï\(3åé),ãûìsï{,137.7510,35.5688
82,2018-02-01,256396.0,2981.0,428.0,623.0,1558.0,455.0,690.0,1542.0,1871.0,1330.0,1284.0,8846.0,7250.0,41182.0,14500.0,2483.0,852.0,1134.0,766.0,683.0,1427.0,1285.0,5390.0,6771.0,1345.0,1413.0,11220.0,6356.0,4433.0,1034.0,736.0,441.0,460.0,1364.0,3983.0,990.0,493.0,848.0,967.0,444.0,7833.0,588.0,760.0,1329.0,719.0,520.0,846.0,772.0,98013.0,2981.0,5296.0,76946.0,5896.0,15557.0,25192.0,7238.0,2752.0,12595.0,772.0,2018,2,1264410,éQçlëÊ2ï\(2åé),ãûìsï{,137.5298,35.4673
83,2018-01-01,250921.0,3584.0,524.0,717.0,1362.0,493.0,548.0,793.0,2100.0,1394.0,1405.0,8408.0,6423.0,42947.0,13740.0,1037.0,1016.0,1468.0,1118.0,814.0,1704.0,1833.0,4422.0,9118.0,2260.0,1808.0,13093.0,11037.0,6756.0,1352.0,1235.0,605.0,603.0,2122.0,3395.0,1145.0,793.0,1115.0,1127.0,485.0,7332.0,540.0,688.0,1211.0,770.0,534.0,976.0,950.0,79458.0,3584.0,4437.0,77231.0,5225.0,18751.0,35281.0,7870.0,3520.0,12051.0,950.0,2018,1,1264409,éQçlëÊ2ï\(1åé),ãûìsï{,137.3533,35.4133
84,2017-12-01,312795.0,5182.0,3687.0,2430.0,6287.0,527.0,1786.0,1118.0,2931.0,2384.0,1989.0,10429.0,9339.0,54907.0,18906.0,1611.0,1214.0,1465.0,1021.0,1400.0,2251.0,1928.0,6946.0,9546.0,2235.0,2109.0,14590.0,10483.0,6404.0,1339.0,1064.0,674.0,687.0,1770.0,4269.0,1176.0,929.0,1097.0,1366.0,609.0,8720.0,717.0,1159.0,3214.0,1018.0,563.0,1553.0,2205.0,93472.0,5182.0,15835.0,102285.0,6541.0,21676.0,35989.0,8576.0,4001.0,16944.0,2205.0,2017,12,1264407,éQçlëÊ2ï\(12åé),ãûìsï{,137.5916,35.5901
85,2017-11-01,327343.0,8634.0,1022.0,941.0,3863.0,1079.0,1853.0,2443.0,3923.0,3899.0,3696.0,12639.0,11968.0,61414.0,22196.0,2655.0,1733.0,1864.0,881.0,1163.0,3074.0,1910.0,6622.0,9090.0,2051.0,1150.0,12789.0,6956.0,4828.0,932.0,1077.0,835.0,979.0,1915.0,4180.0,2038.0,874.0,1213.0,2154.0,850.0,9914.0,1045.0,1867.0,3204.0,4638.0,881.0,1606.0,1444.0,89269.0,8634.0,11201.0,120898.0,9326.0,20554.0,27732.0,9947.0,5091.0,23155.0,1444.0,2017,11,1264406,éQçlëÊ2ï\(11åé),ãûìsï{,137.6316,35.6284
86,2017-10-01,327532.0,14237.0,669.0,657.0,2166.0,1124.0,779.0,3273.0,2387.0,2720.0,2778.0,9833.0,8528.0,50303.0,15443.0,4583.0,1635.0,1757.0,1157.0,915.0,2033.0,1637.0,4746.0,8377.0,2502.0,1144.0,11643.0,7596.0,4941.0,862.0,915.0,891.0,650.0,1876.0,3532.0,1406.0,587.0,982.0,1592.0,1040.0,6676.0,732.0,1167.0,2245.0,1173.0,769.0,1054.0,860.0,128862.0,14237.0,8668.0,92907.0,10008.0,18419.0,27101.0,8355.0,4201.0,13816.0,860.0,2017,10,1264404,éQçlëÊ2ï\(10åé),ãûìsï{,137.8217,35.9645
87,2017-09-01,306273.0,5688.0,741.0,845.0,2061.0,524.0,842.0,1082.0,2231.0,1497.0,1714.0,9666.0,8611.0,56164.0,19494.0,1842.0,1309.0,1654.0,1019.0,932.0,1805.0,1498.0,3970.0,9063.0,2188.0,1293.0,11736.0,7804.0,4639.0,851.0,846.0,902.0,3180.0,1700.0,3143.0,1150.0,629.0,933.0,1150.0,565.0,6616.0,672.0,998.0,1731.0,1454.0,563.0,878.0,662.0,115542.0,5688.0,6095.0,100309.0,6610.0,17738.0,27169.0,10075.0,3277.0,12912.0,662.0,2017,9,1264403,éQçlëÊ2ï\(9åé),ãûìsï{,137.7347,35.6046
88,2017-08-01,365519.0,2515.0,607.0,460.0,2016.0,371.0,672.0,1222.0,3262.0,2184.0,2635.0,12305.0,11147.0,57180.0,21751.0,1970.0,1900.0,2360.0,1463.0,1297.0,1911.0,2706.0,7022.0,12998.0,2895.0,1844.0,15715.0,11122.0,7982.0,1935.0,1463.0,1106.0,1058.0,2785.0,4429.0,1490.0,1161.0,1635.0,1765.0,1305.0,6014.0,691.0,875.0,1629.0,901.0,589.0,1211.0,1303.0,140525.0,2515.0,5348.0,111761.0,8141.0,27084.0,40061.0,10868.0,5866.0,11910.0,1303.0,2017,8,1264401,éQçlëÊ2ï\(8åé),ãûìsï{,137.5669,35.3874
89,2017-07-01,325379.0,2656.0,502.0,502.0,1709.0,437.0,533.0,935.0,2159.0,1339.0,1609.0,9739.0,7137.0,47479.0,14404.0,1399.0,1366.0,1447.0,1146.0,747.0,1560.0,1805.0,4175.0,8455.0,2059.0,1577.0,16450.0,9685.0,5984.0,1313.0,1213.0,733.0,874.0,1904.0,3266.0,1238.0,796.0,1050.0,1347.0,621.0,5243.0,776.0,843.0,1359.0,872.0,955.0,775.0,603.0,143805.0,2656.0,4618.0,84613.0,5772.0,17640.0,36222.0,8015.0,3814.0,10823.0,603.0,2017,7,1264400,éQçlëÊ2ï\(7åé),ãûìsï{,137.4980,35.4214
90,2017-06-01,325137.0,4051.0,510.0,1067.0,1932.0,535.0,516.0,1007.0,5159.0,2214.0,4470.0,9242.0,10758.0,49260.0,24320.0,1917.0,1453.0,1584.0,1095.0,616.0,1679.0,1931.0,4794.0,8376.0,1659.0,1478.0,14223.0,8942.0,5257.0,1594.0,1132.0,540.0,805.0,1365.0,2989.0,1219.0,680.0,951.0,1322.0,520.0,6042.0,799.0,905.0,1414.0,971.0,663.0,1010.0,1121.0,128660.0,4051.0,5567.0,106039.0,6633.0,17855.0,32626.0,6918.0,3473.0,11804.0,1121.0,2017,6,1264399,éQçlëÊ2ï\(6åé),ãûìsï{,137.7940,35.5238
91,2017-05-01,364147.0,5610.0,729.0,905.0,2287.0,599.0,705.0,1168.0,3735.0,3322.0,4379.0,10524.0,11048.0,55389.0,27828.0,2942.0,2637.0,2098.0,1048.0,2948.0,2151.0,1772.0,20578.0,9196.0,2232.0,1358.0,12841.0,8296.0,5451.0,1224.0,1080.0,690.0,942.0,1866.0,4512.0,3253.0,861.0,1144.0,2767.0,617.0,8185.0,1113.0,1541.0,1933.0,1277.0,690.0,1803.0,677.0,123737.0,5610.0,6393.0,119173.0,9828.0,34826.0,30250.0,11263.0,5389.0,16542.0,677.0,2017,5,1264398,éQçlëÊ2ï\(5åé),ãûìsï{,137.6994,35.5115
92,2017-04-01,358370.0,5216.0,653.0,463.0,2601.0,444.0,645.0,2376.0,2482.0,2066.0,1585.0,8558.0,7673.0,50787.0,16377.0,2342.0,1657.0,1726.0,859.0,1506.0,2934.0,1432.0,12550.0,7866.0,1491.0,1061.0,12053.0,7022.0,4885.0,871.0,807.0,557.0,673.0,2141.0,3080.0,1673.0,571.0,980.0,2802.0,494.0,6746.0,1089.0,1054.0,2138.0,1075.0,793.0,1399.0,1084.0,166713.0,5216.0,7182.0,91034.0,8659.0,24198.0,26699.0,8124.0,4847.0,14294.0,1084.0,2017,4,1264397,éQçlëÊ2ï\(4åé),ãûìsï{,137.6160,35.5270
93,2017-03-01,314394.0,6507.0,600.0,838.0,2200.0,700.0,887.0,1702.0,3530.0,2063.0,2246.0,13504.0,11938.0,56773.0,24047.0,4934.0,1713.0,1997.0,1120.0,1127.0,2597.0,1950.0,7071.0,10154.0,1804.0,1468.0,13838.0,8651.0,5540.0,1222.0,997.0,890.0,1048.0,2303.0,4902.0,2036.0,924.0,1472.0,1314.0,650.0,9368.0,1223.0,1369.0,2058.0,1182.0,759.0,1733.0,968.0,94235.0,6507.0,6927.0,115228.0,11241.0,22099.0,31716.0,11179.0,4360.0,17692.0,968.0,2017,3,1264396,éQçlëÊ2ï\(3åé),ãûìsï{,137.6432,35.5730
94,2017-02-01,228243.0,3293.0,451.0,447.0,1500.0,354.0,573.0,1718.0,1961.0,1342.0,1322.0,9447.0,7606.0,39566.0,15289.0,1727.0,977.0,1177.0,842.0,628.0,1399.0,1560.0,5554.0,6822.0,1548.0,1639.0,12299.0,8055.0,5293.0,1192.0,796.0,550.0,603.0,1568.0,3848.0,1032.0,656.0,852.0,1080.0,420.0,6919.0,1095.0,938.0,1446.0,767.0,472.0,977.0,1596.0,73532.0,3293.0,5043.0,77161.0,5280.0,16326.0,29274.0,7601.0,3008.0,12614.0,1596.0,2017,2,1264395,éQçlëÊ2ï\(2åé),ãûìsï{,137.4036,35.3920
95,2017-01-01,238730.0,3624.0,376.0,474.0,1181.0,375.0,543.0,743.0,2030.0,1282.0,1343.0,7570.0,6434.0,39539.0,13215.0,1011.0,1082.0,1304.0,964.0,858.0,1473.0,1733.0,4534.0,8152.0,1871.0,2059.0,13742.0,11281.0,6793.0,1413.0,1032.0,581.0,564.0,1751.0,3178.0,965.0,769.0,1039.0,1019.0,566.0,7220.0,524.0,787.0,1111.0,797.0,444.0,780.0,1865.0,81316.0,3624.0,3692.0,72271.0,4870.0,17254.0,36320.0,7039.0,3393.0,11663.0,1865.0,2017,1,1264394,éQçlëÊ2ï\(1åé),ãûìsï{,137.2460,35.3449
96,2016-12-01,269044.0,4111.0,3846.0,1296.0,8212.0,446.0,954.0,1108.0,2370.0,1840.0,1654.0,9636.0,8427.0,52214.0,16826.0,2062.0,1040.0,1380.0,853.0,980.0,1813.0,1426.0,5910.0,7861.0,1840.0,1663.0,13391.0,11097.0,4915.0,1164.0,728.0,561.0,605.0,1484.0,4674.0,1051.0,586.0,841.0,1087.0,895.0,8233.0,653.0,881.0,3764.0,1143.0,912.0,2055.0,1341.0,73686.0,4111.0,15862.0,93947.0,6295.0,17890.0,32958.0,8375.0,3409.0,17641.0,1341.0,2016,12,1264393,éQçlëÊ2ï\(12åé),ãûìsï{,137.5682,35.5863
97,2016-11-01,287101.0,10107.0,1288.0,1497.0,4414.0,1664.0,2403.0,2039.0,2826.0,2502.0,2107.0,10966.0,10342.0,58376.0,18850.0,2283.0,1855.0,1644.0,817.0,942.0,2654.0,1364.0,5727.0,7323.0,1303.0,867.0,10072.0,8146.0,3612.0,750.0,685.0,633.0,772.0,1396.0,3722.0,1894.0,698.0,1112.0,1060.0,769.0,9518.0,1384.0,1730.0,2664.0,5045.0,1001.0,2314.0,1504.0,75774.0,10107.0,13305.0,106911.0,8436.0,16534.0,24132.0,8417.0,3639.0,23656.0,1504.0,2016,11,1264392,éQçlëÊ2ï\(11åé),ãûìsï{,137.6340,35.7210
98,2016-10-01,274418.0,13588.0,1835.0,620.0,2176.0,627.0,751.0,2862.0,1871.0,3540.0,2289.0,8472.0,7037.0,46750.0,14469.0,3059.0,1518.0,1334.0,623.0,703.0,1586.0,1344.0,4287.0,7100.0,1856.0,881.0,10536.0,8379.0,3703.0,658.0,532.0,571.0,601.0,1464.0,3204.0,1294.0,519.0,820.0,2184.0,415.0,6190.0,844.0,1698.0,1762.0,1027.0,654.0,938.0,1162.0,102386.0,13588.0,8871.0,85131.0,7497.0,15210.0,24689.0,7134.0,3938.0,13113.0,1162.0,2016,10,1264391,éQçlëÊ2ï\(10åé),ãûìsï{,137.8141,35.9829
99,2016-09-01,258668.0,5364.0,584.0,478.0,1736.0,548.0,858.0,938.0,2281.0,2120.0,2560.0,8679.0,7588.0,54223.0,16199.0,1647.0,989.0,1391.0,708.0,684.0,1272.0,1063.0,3970.0,6288.0,1443.0,1263.0,10441.0,7079.0,3054.0,764.0,601.0,523.0,2912.0,1397.0,2662.0,1266.0,448.0,996.0,1143.0,413.0,5945.0,771.0,999.0,1419.0,837.0,571.0,882.0,663.0,92514.0,5364.0,5142.0,94334.0,5299.0,13472.0,23202.0,8760.0,3000.0,11424.0,663.0,2016,9,1264390,éQçlëÊ2ï\(9åé),ãûìsï{,137.8179,35.6267
100,2016-08-01,308346.0,2666.0,391.0,449.0,1781.0,362.0,599.0,1057.0,2909.0,2145.0,2494.0,11355.0,9295.0,53799.0,18820.0,1609.0,1599.0,1831.0,1127.0,1040.0,1503.0,2021.0,6193.0,9237.0,2016.0,1398.0,16415.0,12924.0,6255.0,1960.0,1092.0,911.0,773.0,1979.0,3880.0,1576.0,818.0,1300.0,1411.0,874.0,5390.0,756.0,890.0,1285.0,946.0,644.0,1225.0,592.0,114369.0,2666.0,4639.0,101857.0,6542.0,20594.0,40044.0,9119.0,4403.0,11136.0,592.0,2016,8,1264389,éQçlëÊ2ï\(8åé),ãûìsï{,137.6049,35.4191
101,2016-07-01,251815.0,2470.0,348.0,292.0,1340.0,353.0,583.0,726.0,1664.0,1127.0,1237.0,7331.0,5634.0,41975.0,11777.0,1164.0,1109.0,1285.0,871.0,546.0,1371.0,1230.0,3474.0,5827.0,1455.0,1565.0,13699.0,7501.0,4252.0,1177.0,756.0,561.0,560.0,1288.0,2596.0,993.0,506.0,886.0,898.0,501.0,4272.0,483.0,598.0,993.0,983.0,467.0,766.0,514.0,114518.0,2470.0,3642.0,71291.0,4929.0,12857.0,28950.0,5998.0,2791.0,8562.0,514.0,2016,7,1264388,éQçlëÊ2ï\(7åé),ãûìsï{,137.5947,35.4558
102,2016-06-01,265101.0,4254.0,472.0,579.0,1514.0,547.0,527.0,720.0,2064.0,2847.0,4360.0,9511.0,8535.0,42664.0,24379.0,1164.0,949.0,1056.0,770.0,552.0,1610.0,1452.0,3960.0,6404.0,1343.0,997.0,10242.0,6087.0,3359.0,1149.0,562.0,447.0,910.0,1345.0,2452.0,941.0,551.0,615.0,1096.0,448.0,5241.0,564.0,629.0,1134.0,886.0,454.0,665.0,830.0,99685.0,4254.0,4359.0,94912.0,4779.0,13929.0,22396.0,6095.0,2710.0,9573.0,830.0,2016,6,1264387,éQçlëÊ2ï\(6åé),ãûìsï{,137.9556,35.5893
103,2016-05-01,280554.0,4467.0,393.0,593.0,2110.0,548.0,706.0,999.0,5258.0,1816.0,3828.0,8933.0,13108.0,46496.0,19408.0,1759.0,2493.0,1494.0,886.0,2054.0,1997.0,1375.0,16521.0,7123.0,1391.0,1103.0,9874.0,5607.0,4032.0,965.0,677.0,629.0,812.0,1494.0,3475.0,2214.0,542.0,1013.0,1146.0,539.0,6360.0,638.0,976.0,760.0,900.0,563.0,754.0,644.0,88101.0,4467.0,5349.0,100901.0,7743.0,27296.0,22258.0,8624.0,3240.0,10951.0,644.0,2016,5,1264386,éQçlëÊ2ï\(5åé),ãûìsï{,137.9255,35.5720
104,2016-04-01,298368.0,5296.0,498.0,522.0,1940.0,395.0,764.0,1230.0,2277.0,1736.0,1487.0,7961.0,7193.0,47250.0,15175.0,3814.0,1083.0,1308.0,743.0,905.0,3494.0,1213.0,10907.0,6205.0,1312.0,995.0,10061.0,6959.0,3646.0,934.0,668.0,788.0,569.0,1549.0,2710.0,1113.0,516.0,705.0,1478.0,1286.0,5625.0,1302.0,847.0,936.0,855.0,597.0,1114.0,889.0,125234.0,5296.0,5349.0,83984.0,9699.0,20380.0,23263.0,6729.0,3985.0,11276.0,889.0,2016,4,1264385,éQçlëÊ2ï\(4åé),ãûìsï{,137.7737,35.6073
105,2016-03-01,299927.0,4867.0,663.0,990.0,1764.0,599.0,810.0,1233.0,2800.0,1863.0,2078.0,11095.0,9115.0,52576.0,17959.0,6556.0,1412.0,1647.0,918.0,954.0,1891.0,1628.0,5879.0,8192.0,1584.0,1441.0,11830.0,9011.0,4880.0,1329.0,895.0,620.0,563.0,1662.0,3471.0,1312.0,643.0,984.0,1371.0,616.0,7247.0,824.0,914.0,1602.0,929.0,629.0,1107.0,840.0,89217.0,4867.0,6059.0,98440.0,11506.0,18201.0,29386.0,7628.0,3614.0,13252.0,840.0,2016,3,1156998,éQçlëÊ2ï\(3åé),ãûìsï{,137.7434,35.6069
106,2016-02-01,230295.0,2616.0,489.0,513.0,1346.0,478.0,509.0,719.0,1993.0,1162.0,1154.0,7559.0,6651.0,40437.0,13490.0,1231.0,940.0,1228.0,907.0,580.0,1454.0,1450.0,4909.0,6573.0,1330.0,1262.0,12095.0,8522.0,4695.0,1469.0,724.0,446.0,506.0,1235.0,2918.0,908.0,463.0,849.0,922.0,427.0,5540.0,553.0,803.0,1000.0,793.0,401.0,866.0,653.0,70277.0,2616.0,4054.0,73026.0,4853.0,15169.0,28767.0,6013.0,2661.0,9956.0,653.0,2016,2,1129643,éQçlëÊ2ï\(2åé),ãûìsï{,137.5579,35.4415
107,2016-01-01,230408.0,2933.0,428.0,441.0,1208.0,395.0,348.0,731.0,1525.0,1165.0,1166.0,6972.0,5463.0,39051.0,12069.0,962.0,1026.0,1381.0,989.0,665.0,1510.0,1563.0,4165.0,7611.0,1820.0,1693.0,12548.0,10729.0,6166.0,1435.0,939.0,527.0,490.0,1457.0,2971.0,974.0,656.0,1131.0,1593.0,418.0,7465.0,530.0,621.0,840.0,844.0,429.0,736.0,573.0,65023.0,2933.0,3551.0,68076.0,4879.0,16148.0,33510.0,6419.0,3798.0,11465.0,573.0,2016,1,1125093,éQçlëÊ2ï\(1åé),ãûìsï{,137.2877,35.3889
108,2015-12-01,297964.0,4627.0,2799.0,1589.0,6212.0,603.0,552.0,1059.0,3069.0,1757.0,2011.0,10533.0,9326.0,55553.0,19193.0,3528.0,1151.0,1387.0,986.0,1131.0,1811.0,1651.0,6557.0,8485.0,1786.0,1783.0,14139.0,10513.0,5671.0,1260.0,901.0,534.0,566.0,1589.0,3012.0,1079.0,694.0,847.0,1256.0,653.0,9044.0,603.0,796.0,2609.0,895.0,507.0,1253.0,1016.0,89388.0,4627.0,12814.0,102573.0,7877.0,19465.0,34267.0,6780.0,3450.0,15707.0,1016.0,2015,12,1121052,éQçlëÊ2ï\(12åé),ãûìsï{,137.7366,35.6289
109,2015-11-01,312062.0,9367.0,2211.0,2615.0,5988.0,1309.0,1926.0,2301.0,3572.0,3304.0,2159.0,12506.0,11468.0,65758.0,21791.0,2756.0,1538.0,1607.0,893.0,1485.0,2534.0,1330.0,6437.0,7637.0,1452.0,962.0,11518.0,6000.0,4316.0,780.0,765.0,591.0,796.0,1423.0,3840.0,1967.0,592.0,1100.0,1202.0,851.0,10622.0,1127.0,1672.0,1988.0,2816.0,735.0,1702.0,1646.0,79107.0,9367.0,16350.0,122043.0,8435.0,17749.0,24341.0,8617.0,3745.0,20662.0,1646.0,2015,11,1117488,éQçlëÊ2ï\(11åé),ãûìsï{,137.8714,35.7791
110,2015-10-01,316287.0,14402.0,2258.0,1802.0,2058.0,2626.0,878.0,6086.0,2254.0,4636.0,2259.0,8624.0,7986.0,56924.0,18101.0,3386.0,1256.0,1480.0,769.0,675.0,1748.0,1440.0,4681.0,7283.0,1846.0,1071.0,18747.0,7414.0,3980.0,815.0,581.0,538.0,587.0,1319.0,2905.0,1322.0,412.0,797.0,1066.0,658.0,6536.0,865.0,1059.0,1580.0,918.0,487.0,859.0,836.0,105477.0,14402.0,15708.0,101459.0,7870.0,16019.0,32608.0,6671.0,2933.0,12304.0,836.0,2015,10,1114691,éQçlëÊ2ï\(10åé),ãûìsï{,138.0648,36.0892
111,2015-09-01,271285.0,4172.0,990.0,505.0,1959.0,349.0,905.0,1796.0,2071.0,1626.0,1756.0,8848.0,7547.0,54931.0,14967.0,1562.0,1080.0,1353.0,776.0,755.0,1483.0,1496.0,4050.0,7230.0,1286.0,1295.0,12066.0,5932.0,3914.0,798.0,713.0,631.0,2993.0,1460.0,3789.0,1149.0,495.0,800.0,902.0,547.0,6237.0,720.0,828.0,1929.0,1029.0,486.0,763.0,599.0,87314.0,4172.0,6504.0,92501.0,5478.0,14838.0,24718.0,10022.0,2744.0,11992.0,599.0,2015,9,1111766,éQçlëÊ2ï\(9åé),ãûìsï{,137.7244,35.5775
112,2015-08-01,310045.0,2246.0,366.0,481.0,1492.0,353.0,711.0,897.0,2868.0,1805.0,2273.0,11117.0,9203.0,53489.0,18074.0,1803.0,1453.0,1709.0,1105.0,1600.0,1459.0,1915.0,6141.0,10030.0,1799.0,1392.0,24746.0,8880.0,5655.0,1226.0,902.0,777.0,705.0,1910.0,2857.0,1177.0,665.0,1083.0,1285.0,890.0,6837.0,788.0,831.0,1243.0,958.0,555.0,906.0,784.0,108604.0,2246.0,4300.0,100429.0,6424.0,20990.0,42801.0,7426.0,3923.0,12118.0,784.0,2015,8,1108117,éQçlëÊ2ï\(8åé),ãûìsï{,137.5640,35.3971
113,2015-07-01,269189.0,2798.0,436.0,480.0,1435.0,527.0,570.0,751.0,1938.0,1303.0,1480.0,7461.0,7438.0,41900.0,12999.0,1182.0,1152.0,1189.0,827.0,885.0,1343.0,1325.0,3815.0,6862.0,1299.0,1197.0,16009.0,6914.0,4180.0,827.0,678.0,581.0,686.0,1300.0,2666.0,1077.0,551.0,697.0,987.0,468.0,4449.0,779.0,816.0,1326.0,780.0,333.0,865.0,665.0,107564.0,2798.0,4199.0,75404.0,4866.0,14128.0,29805.0,6310.0,2703.0,9348.0,665.0,2015,7,1105264,éQçlëÊ2ï\(7åé),ãûìsï{,137.6009,35.4691
114,2015-06-01,288150.0,4034.0,638.0,521.0,2233.0,580.0,600.0,778.0,3482.0,3583.0,3438.0,8913.0,12059.0,46112.0,19226.0,1163.0,974.0,1025.0,827.0,828.0,1312.0,1713.0,4208.0,5716.0,1847.0,1190.0,18094.0,6825.0,4158.0,951.0,701.0,497.0,773.0,1191.0,3000.0,991.0,434.0,628.0,874.0,366.0,5954.0,458.0,616.0,1650.0,1257.0,448.0,635.0,447.0,97798.0,4034.0,5350.0,97641.0,4474.0,14311.0,31919.0,6452.0,2302.0,11018.0,447.0,2015,6,1101807,éQçlëÊ2ï\(6åé),ãûìsï{,137.8497,35.5737
115,2015-05-01,327584.0,5269.0,873.0,568.0,2157.0,491.0,760.0,1044.0,2935.0,1626.0,4206.0,12306.0,11383.0,55534.0,23518.0,1592.0,2442.0,1969.0,838.0,3590.0,1482.0,1717.0,20370.0,7203.0,1845.0,1052.0,13023.0,7418.0,4656.0,829.0,759.0,797.0,712.0,1474.0,3221.0,2066.0,646.0,901.0,1044.0,527.0,7038.0,644.0,1101.0,1543.0,968.0,508.0,1167.0,554.0,98666.0,5269.0,5893.0,115098.0,7485.0,31973.0,27737.0,8270.0,3118.0,12969.0,554.0,2015,5,1098944,éQçlëÊ2ï\(5åé),ãûìsï{,137.9245,35.5600
116,2015-04-01,274982.0,5435.0,461.0,390.0,1750.0,375.0,768.0,1156.0,2034.0,2923.0,1404.0,8291.0,7844.0,44849.0,16427.0,1659.0,1006.0,1734.0,552.0,1859.0,2376.0,1004.0,12301.0,5150.0,1054.0,783.0,13123.0,5083.0,3824.0,786.0,533.0,353.0,449.0,1036.0,2382.0,982.0,467.0,719.0,1331.0,408.0,5597.0,650.0,787.0,1122.0,743.0,562.0,979.0,761.0,102907.0,5435.0,4900.0,85631.0,6775.0,20061.0,24132.0,5202.0,2925.0,10440.0,761.0,2015,4,1094679,éQçlëÊ2ï\(4åé),ãûìsï{,137.8844,35.6135
117,2015-03-01,296985.0,5014.0,717.0,577.0,2151.0,547.0,832.0,962.0,3143.0,2029.0,2008.0,11586.0,10407.0,54583.0,21467.0,5842.0,1585.0,1728.0,950.0,1026.0,2171.0,1813.0,6215.0,8194.0,1644.0,1364.0,13928.0,7691.0,5207.0,1099.0,882.0,594.0,789.0,1756.0,3473.0,1252.0,707.0,1054.0,1139.0,582.0,7615.0,869.0,2729.0,1488.0,880.0,608.0,1071.0,999.0,81773.0,5014.0,5786.0,106249.0,11326.0,18816.0,30171.0,7864.0,3482.0,15260.0,999.0,2015,3,1094678,éQçlëÊ2ï\(3åé),ãûìsï{,137.7180,35.5682
118,2015-02-01,212057.0,2471.0,324.0,393.0,1148.0,381.0,445.0,813.0,1894.0,1012.0,1291.0,8453.0,6990.0,34331.0,13233.0,944.0,951.0,1052.0,704.0,424.0,1210.0,1212.0,3968.0,5748.0,1115.0,1319.0,11616.0,7581.0,4812.0,979.0,712.0,466.0,469.0,1282.0,3111.0,780.0,433.0,655.0,678.0,484.0,5727.0,606.0,1880.0,880.0,749.0,403.0,612.0,667.0,66553.0,2471.0,3504.0,67628.0,4157.0,12747.0,27019.0,6108.0,2250.0,10857.0,667.0,2015,2,1094678,éQçlëÊ2ï\(2åé),ãûìsï{,137.4399,35.4005
119,2015-01-01,197606.0,3328.0,321.0,476.0,875.0,306.0,497.0,621.0,1579.0,1161.0,1178.0,6831.0,5096.0,38323.0,11821.0,1023.0,1069.0,1361.0,914.0,626.0,1313.0,1583.0,3554.0,6730.0,1581.0,1471.0,13400.0,9375.0,6484.0,1178.0,995.0,547.0,455.0,1363.0,2552.0,929.0,654.0,845.0,897.0,529.0,6908.0,592.0,2315.0,1027.0,686.0,395.0,672.0,679.0,43448.0,3328.0,3096.0,66615.0,4766.0,14362.0,32903.0,5846.0,2925.0,12595.0,679.0,2015,1,1094678,éQçlëÊ2ï\(1åé),ãûìsï{,137.2426,35.3857
120,2014-12-01,248086.0,3530.0,2416.0,964.0,5725.0,404.0,1233.0,1238.0,2097.0,1574.0,1570.0,8125.0,7962.0,49115.0,15348.0,1672.0,920.0,1182.0,719.0,1095.0,1552.0,1403.0,5152.0,7312.0,1678.0,1698.0,12724.0,9431.0,5113.0,1438.0,797.0,446.0,499.0,1148.0,3614.0,844.0,538.0,598.0,1027.0,652.0,8834.0,536.0,661.0,2869.0,746.0,829.0,867.0,860.0,58285.0,3530.0,11980.0,86886.0,5326.0,16264.0,31201.0,6551.0,2815.0,15342.0,860.0,2014,12,1084376,éQçlëÊ2ï\(12åé),ãûìsï{,137.6025,35.5647
121,2014-11-01,274629.0,7969.0,824.0,656.0,4424.0,1486.0,3245.0,1700.0,3044.0,2503.0,2146.0,11942.0,9383.0,61291.0,18295.0,2587.0,1598.0,1603.0,722.0,987.0,2516.0,1270.0,5297.0,6752.0,1699.0,814.0,10207.0,7391.0,3955.0,1338.0,760.0,564.0,642.0,1500.0,3474.0,1405.0,429.0,914.0,1116.0,550.0,8000.0,788.0,1287.0,1784.0,2899.0,758.0,1726.0,1444.0,57507.0,7969.0,12335.0,109591.0,8304.0,15740.0,24465.0,7585.0,3009.0,17242.0,1444.0,2014,11,1084376,éQçlëÊ2ï\(11åé),ãûìsï{,137.8605,35.7204
122,2014-10-01,267443.0,14316.0,1209.0,569.0,1486.0,476.0,748.0,1708.0,1858.0,4075.0,2016.0,9036.0,7235.0,46485.0,14113.0,3332.0,1465.0,1272.0,653.0,721.0,1552.0,1305.0,4135.0,6281.0,2720.0,816.0,10933.0,8097.0,4027.0,1254.0,534.0,500.0,665.0,1900.0,2694.0,1061.0,619.0,819.0,1911.0,569.0,5584.0,800.0,1196.0,1479.0,749.0,423.0,705.0,656.0,82200.0,14316.0,6196.0,85539.0,7621.0,15094.0,25661.0,6820.0,3918.0,10936.0,656.0,2014,10,1084376,éQçlëÊ2ï\(10åé),ãûìsï{,137.9210,36.0368
123,2014-09-01,293204.0,5375.0,496.0,649.0,2422.0,632.0,884.0,2799.0,3328.0,1635.0,1742.0,9752.0,8812.0,65140.0,18242.0,1628.0,1454.0,1702.0,1001.0,1000.0,1625.0,1558.0,4377.0,7422.0,1644.0,1495.0,15745.0,9288.0,5052.0,1420.0,881.0,678.0,4223.0,1731.0,3464.0,1289.0,645.0,885.0,1045.0,588.0,6438.0,537.0,932.0,1645.0,1480.0,621.0,912.0,981.0,78885.0,5375.0,7882.0,109651.0,6409.0,16002.0,33881.0,11385.0,3163.0,12565.0,981.0,2014,9,1064055,éQçlëÊ2ï\(9åé),ãûìsï{,137.7519,35.5830
124,2014-08-01,338396.0,2492.0,242.0,293.0,1794.0,328.0,651.0,1113.0,3130.0,1983.0,2503.0,12221.0,10172.0,66554.0,22497.0,1850.0,2160.0,2121.0,1170.0,1253.0,1814.0,2478.0,7728.0,11370.0,2588.0,1774.0,22403.0,15071.0,8259.0,3323.0,1516.0,1038.0,882.0,2630.0,3961.0,1431.0,993.0,1292.0,1663.0,1173.0,6103.0,729.0,689.0,1504.0,1066.0,513.0,1186.0,750.0,88798.0,2492.0,4421.0,120313.0,7945.0,25334.0,52346.0,9942.0,5121.0,11790.0,750.0,2014,8,1064055,éQçlëÊ2ï\(8åé),ãûìsï{,137.6005,35.3816
125,2014-07-01,272227.0,3006.0,498.0,364.0,1319.0,415.0,519.0,1008.0,1789.0,1370.0,1526.0,8070.0,8444.0,46211.0,13403.0,1224.0,1430.0,1391.0,945.0,808.0,1409.0,1752.0,4024.0,7934.0,1678.0,1672.0,20250.0,9934.0,5718.0,1839.0,1073.0,936.0,641.0,1470.0,2597.0,1002.0,686.0,943.0,1089.0,650.0,4688.0,561.0,810.0,1198.0,723.0,693.0,648.0,674.0,95093.0,3006.0,4123.0,81621.0,5454.0,16333.0,40486.0,6646.0,3368.0,9321.0,674.0,2014,7,1064055,éQçlëÊ2ï\(7åé),ãûìsï{,137.5274,35.4373
126,2014-06-01,281515.0,3838.0,585.0,546.0,1565.0,585.0,652.0,838.0,2591.0,1385.0,4146.0,10268.0,9609.0,49190.0,21157.0,1278.0,1394.0,1561.0,906.0,559.0,1857.0,3433.0,4111.0,7136.0,1548.0,1732.0,18575.0,10881.0,4857.0,1722.0,1541.0,591.0,740.0,2391.0,3063.0,1004.0,526.0,864.0,1003.0,530.0,6185.0,703.0,927.0,1209.0,901.0,412.0,747.0,954.0,83115.0,3838.0,4771.0,98905.0,6090.0,17134.0,39308.0,7789.0,2923.0,11084.0,954.0,2014,6,1055475,éQçlëÊ2ï\(6åé),ãûìsï{,137.6505,35.4836
127,2014-05-01,342467.0,5192.0,734.0,670.0,2496.0,542.0,752.0,1080.0,4567.0,2925.0,3462.0,9944.0,10574.0,62831.0,29790.0,1773.0,3561.0,2576.0,1018.0,2969.0,2564.0,1706.0,21199.0,9230.0,2964.0,1547.0,15179.0,9641.0,4946.0,1552.0,1088.0,764.0,801.0,1790.0,4345.0,1798.0,646.0,984.0,1917.0,723.0,8067.0,736.0,1076.0,1440.0,985.0,554.0,1064.0,767.0,87867.0,5192.0,6274.0,127062.0,10474.0,36117.0,33953.0,9498.0,4270.0,13922.0,767.0,2014,5,1055475,éQçlëÊ2ï\(5åé),ãûìsï{,137.8575,35.5258
128,2014-04-01,345886.0,5805.0,544.0,462.0,2054.0,561.0,720.0,1594.0,3011.0,2967.0,1768.0,9717.0,9582.0,63766.0,19580.0,2955.0,1429.0,2040.0,658.0,1241.0,4315.0,1301.0,11165.0,7253.0,1506.0,984.0,13850.0,10015.0,3786.0,1459.0,837.0,566.0,573.0,1193.0,3007.0,1450.0,535.0,796.0,1741.0,539.0,7610.0,1622.0,1001.0,1535.0,1037.0,619.0,1705.0,1077.0,124674.0,5805.0,5935.0,111632.0,10739.0,21883.0,30931.0,6789.0,3611.0,15129.0,1077.0,2014,4,1055475,éQçlëÊ2ï\(4åé),ãûìsï{,137.8058,35.5636
129,2014-03-01,316011.0,5755.0,729.0,654.0,2218.0,663.0,846.0,1265.0,3326.0,1887.0,2784.0,11485.0,12002.0,66386.0,22070.0,7300.0,1877.0,2240.0,1159.0,870.0,2439.0,2156.0,7376.0,10393.0,2068.0,1661.0,19333.0,11737.0,6574.0,1862.0,1000.0,931.0,753.0,2142.0,4085.0,1674.0,842.0,1232.0,1720.0,813.0,9311.0,975.0,1070.0,1732.0,1120.0,623.0,2087.0,940.0,67978.0,5755.0,6375.0,120810.0,13856.0,23152.0,42167.0,9585.0,4607.0,16918.0,940.0,2014,3,1046407,éQçlëÊ2ï\(3åé),ãûìsï{,137.6482,35.5518
130,2014-02-01,228579.0,3663.0,618.0,328.0,1444.0,348.0,433.0,1001.0,2043.0,1199.0,1345.0,8392.0,7137.0,47398.0,15452.0,2201.0,1075.0,1279.0,949.0,590.0,1642.0,1674.0,4567.0,7306.0,1724.0,1796.0,18309.0,10561.0,5800.0,1884.0,987.0,682.0,620.0,1666.0,3738.0,1199.0,594.0,855.0,1138.0,642.0,7877.0,544.0,747.0,1442.0,783.0,494.0,868.0,901.0,48175.0,3663.0,4172.0,83556.0,6197.0,16220.0,39337.0,7905.0,3229.0,12755.0,901.0,2014,2,1046407,éQçlëÊ2ï\(2åé),ãûìsï{,137.3991,35.4236
131,2014-01-01,220509.0,3446.0,461.0,599.0,1070.0,416.0,553.0,900.0,1930.0,1352.0,1428.0,7779.0,6608.0,48266.0,13106.0,1322.0,1249.0,1630.0,1137.0,712.0,1626.0,1911.0,4271.0,7987.0,1932.0,1766.0,16904.0,12326.0,7211.0,1990.0,1234.0,614.0,629.0,1732.0,3097.0,1012.0,819.0,1144.0,1100.0,697.0,5586.0,588.0,739.0,1050.0,753.0,578.0,749.0,780.0,43030.0,3446.0,3999.0,81181.0,5827.0,17238.0,41431.0,7084.0,3760.0,10043.0,780.0,2014,1,1046407,éQçlëÊ2ï\(1åé),ãûìsï{,137.4467,35.4285
132,2013-12-01,338622.0,4701.0,2930.0,2317.0,6432.0,635.0,824.0,1576.0,3071.0,2238.0,1805.0,10892.0,10628.0,68692.0,21935.0,1966.0,2190.0,1729.0,1202.0,929.0,2267.0,1990.0,9889.0,13327.0,2535.0,3321.0,23126.0,16910.0,7952.0,2374.0,1726.0,730.0,591.0,1825.0,4177.0,1278.0,834.0,1403.0,1376.0,753.0,7874.0,630.0,959.0,2280.0,1054.0,906.0,1433.0,1666.0,58021.0,4701.0,14714.0,120190.0,8152.0,28943.0,55409.0,8601.0,4366.0,15136.0,1666.0,2013,12,1030332,éQçlëÊ2ï\(12åé),ãûìsï{,137.6380,35.5320
133,2013-11-01,373947.0,12197.0,1061.0,1194.0,5781.0,1056.0,3814.0,2955.0,4198.0,3546.0,3507.0,15105.0,12787.0,76784.0,24866.0,3069.0,2397.0,1964.0,1089.0,1234.0,3605.0,1800.0,8947.0,10270.0,1892.0,3174.0,21469.0,13795.0,7673.0,1746.0,993.0,838.0,974.0,1833.0,5186.0,2034.0,707.0,1210.0,1733.0,941.0,10824.0,1054.0,1586.0,3260.0,2431.0,1112.0,1758.0,1601.0,61783.0,12197.0,15861.0,142027.0,11035.0,23998.0,48850.0,10865.0,4591.0,22025.0,1601.0,2013,11,1030332,éQçlëÊ2ï\(11åé),ãûìsï{,137.7318,35.7124
134,2013-10-01,355065.0,13838.0,1661.0,822.0,2700.0,681.0,771.0,3890.0,3241.0,3066.0,2765.0,10282.0,11541.0,65700.0,18784.0,3244.0,2150.0,2017.0,1148.0,1146.0,2150.0,1711.0,6076.0,12316.0,2470.0,3239.0,23927.0,14673.0,7821.0,2487.0,1548.0,1030.0,2092.0,2646.0,3597.0,1701.0,666.0,1122.0,1865.0,840.0,7758.0,796.0,1675.0,1659.0,1460.0,829.0,1126.0,945.0,91427.0,13838.0,10525.0,116525.0,9561.0,23721.0,53695.0,11066.0,4493.0,15303.0,945.0,2013,10,1030332,éQçlëÊ2ï\(10åé),ãûìsï{,137.6658,35.7843
135,2013-09-01,310175.0,5163.0,544.0,507.0,2761.0,596.0,816.0,1851.0,2523.0,1795.0,1913.0,10699.0,9267.0,70346.0,19960.0,1911.0,1629.0,2076.0,1171.0,825.0,1899.0,1663.0,4815.0,9869.0,1882.0,1876.0,15401.0,8765.0,5670.0,1384.0,931.0,851.0,1648.0,1872.0,4576.0,1343.0,655.0,1060.0,1351.0,768.0,7631.0,731.0,1030.0,1491.0,943.0,593.0,1123.0,797.0,75011.0,5163.0,7075.0,117328.0,7515.0,19400.0,34027.0,10290.0,3834.0,13542.0,797.0,2013,9,1021874,éQçlëÊ2ï\(9åé),ãûìsï{,137.7712,35.5559
136,2013-08-01,371341.0,3349.0,620.0,469.0,2029.0,422.0,1902.0,1551.0,3830.0,2424.0,3070.0,14881.0,12871.0,77576.0,26102.0,2170.0,2514.0,2550.0,1724.0,1484.0,2251.0,2860.0,8013.0,13372.0,2828.0,2081.0,18580.0,12262.0,9469.0,2256.0,1660.0,1112.0,959.0,2808.0,4480.0,1602.0,1160.0,1591.0,1734.0,1177.0,6058.0,722.0,1019.0,1803.0,1120.0,589.0,1297.0,799.0,81065.0,3349.0,6993.0,142238.0,9485.0,28797.0,46308.0,10961.0,5662.0,12608.0,799.0,2013,8,1021874,éQçlëÊ2ï\(8åé),ãûìsï{,137.7944,35.4683
137,2013-07-01,291430.0,2892.0,389.0,478.0,1608.0,358.0,509.0,964.0,2119.0,1451.0,1490.0,8751.0,7537.0,57066.0,16881.0,1351.0,1575.0,1712.0,1160.0,908.0,1693.0,1814.0,4321.0,8530.0,2131.0,1837.0,19914.0,10073.0,6176.0,1300.0,1273.0,735.0,812.0,1806.0,2935.0,1099.0,704.0,1046.0,1288.0,823.0,5009.0,516.0,820.0,1287.0,899.0,412.0,873.0,594.0,83735.0,2892.0,4306.0,96203.0,6331.0,17956.0,40573.0,7387.0,3861.0,9816.0,594.0,2013,7,1021874,éQçlëÊ2ï\(7åé),ãûìsï{,137.6401,35.4451
138,2013-06-01,304474.0,3645.0,385.0,538.0,2384.0,494.0,517.0,1112.0,3194.0,2840.0,4158.0,9720.0,8141.0,57619.0,21791.0,1621.0,1768.0,1965.0,1084.0,901.0,1845.0,2035.0,6183.0,9692.0,2604.0,2569.0,22069.0,9321.0,7406.0,1245.0,1060.0,668.0,830.0,2094.0,3039.0,1080.0,672.0,1062.0,1301.0,600.0,6471.0,548.0,726.0,1197.0,777.0,499.0,975.0,1143.0,80565.0,3645.0,5430.0,108364.0,7199.0,21598.0,43670.0,7711.0,3635.0,11193.0,1143.0,2013,6,1011736,éQçlëÊ2ï\(6åé),ãûìsï{,137.6738,35.4715
139,2013-05-01,363137.0,5771.0,583.0,932.0,3292.0,596.0,819.0,1331.0,3514.0,2001.0,3023.0,11333.0,14821.0,69788.0,27104.0,2435.0,3043.0,2402.0,1100.0,1922.0,2347.0,2339.0,27118.0,13105.0,2776.0,2334.0,20817.0,11087.0,7440.0,1337.0,982.0,889.0,939.0,2434.0,3703.0,1986.0,861.0,1348.0,1622.0,1595.0,8331.0,853.0,955.0,1814.0,1139.0,626.0,1410.0,788.0,73450.0,5771.0,7553.0,133506.0,10227.0,46438.0,43997.0,9951.0,5426.0,15128.0,788.0,2013,5,1011736,éQçlëÊ2ï\(5åé),ãûìsï{,137.7927,35.4962
140,2013-04-01,360248.0,6314.0,407.0,595.0,3092.0,653.0,922.0,2372.0,3366.0,2385.0,1913.0,10398.0,9796.0,73398.0,21924.0,3645.0,1741.0,3085.0,975.0,1333.0,3776.0,2066.0,12841.0,11462.0,2093.0,2145.0,18834.0,12493.0,5796.0,912.0,1727.0,662.0,882.0,2403.0,3702.0,1817.0,783.0,972.0,1480.0,2508.0,8206.0,627.0,1112.0,1759.0,1042.0,626.0,1701.0,1222.0,95220.0,6314.0,8041.0,124513.0,12247.0,29437.0,41907.0,9466.0,5743.0,15073.0,1222.0,2013,4,1011736,éQçlëÊ2ï\(4åé),ãûìsï{,137.7212,35.5390
141,2013-03-01,309203.0,5290.0,377.0,575.0,3230.0,645.0,1033.0,1083.0,2953.0,1951.0,1911.0,11919.0,12232.0,69862.0,23230.0,6576.0,1885.0,2161.0,1359.0,1022.0,2561.0,2139.0,7857.0,13894.0,2193.0,4367.0,18575.0,10032.0,6232.0,1411.0,1100.0,767.0,722.0,1920.0,3871.0,1665.0,1031.0,1218.0,1397.0,744.0,7838.0,718.0,894.0,1660.0,887.0,575.0,1664.0,792.0,53144.0,5290.0,6943.0,125080.0,13183.0,27442.0,41717.0,8945.0,4390.0,14236.0,792.0,2013,3,1001820,éQçlëÊ2ï\(3åé),ãûìsï{,137.7802,35.5648
142,2013-02-01,205297.0,3062.0,343.0,414.0,1464.0,294.0,458.0,838.0,1781.0,1175.0,1362.0,7001.0,6933.0,43092.0,13541.0,1156.0,1144.0,1496.0,1040.0,651.0,1451.0,1739.0,5299.0,9554.0,2448.0,2213.0,17103.0,9447.0,6300.0,1200.0,1035.0,615.0,534.0,1514.0,4336.0,936.0,598.0,890.0,1116.0,575.0,7271.0,529.0,862.0,1100.0,730.0,383.0,730.0,599.0,32118.0,3062.0,3811.0,75536.0,5247.0,20080.0,37298.0,7935.0,3179.0,11605.0,599.0,2013,2,1001820,éQçlëÊ2ï\(2åé),ãûìsï{,137.3368,35.3917
143,2013-01-01,200654.0,3043.0,346.0,399.0,1361.0,352.0,475.0,718.0,1812.0,1249.0,1330.0,6541.0,5682.0,43398.0,12630.0,1163.0,1065.0,1300.0,1152.0,748.0,1663.0,1712.0,5486.0,10442.0,2437.0,2980.0,16025.0,11141.0,6801.0,1300.0,1112.0,585.0,579.0,1545.0,3210.0,881.0,592.0,1095.0,913.0,529.0,7321.0,470.0,840.0,1497.0,616.0,365.0,719.0,567.0,27616.0,3043.0,3651.0,73390.0,5191.0,21229.0,39359.0,6800.0,3129.0,11828.0,567.0,2013,1,1001820,éQçlëÊ2ï\(1åé),ãûìsï{,137.3059,35.3823
144,2012-12-01,302849.0,4432.0,2544.0,1935.0,7894.0,1008.0,678.0,1417.0,3343.0,1893.0,2079.0,10512.0,10552.0,69001.0,21160.0,2299.0,1875.0,2230.0,1188.0,953.0,2614.0,1797.0,7587.0,9325.0,2370.0,2425.0,20517.0,12045.0,6807.0,2117.0,1154.0,694.0,616.0,1962.0,3177.0,1211.0,745.0,1180.0,1210.0,848.0,8520.0,555.0,790.0,3160.0,872.0,446.0,1352.0,2325.0,37619.0,4432.0,15476.0,119493.0,9018.0,22267.0,45065.0,7660.0,3983.0,15695.0,2325.0,2012,12,990267,éQçlëÊ2ï\(12åé),ãûìsï{,137.7132,35.5569
145,2012-11-01,349554.0,12485.0,2880.0,2475.0,5483.0,1065.0,2675.0,2942.0,4372.0,4300.0,3179.0,13741.0,13755.0,81010.0,24802.0,3582.0,1969.0,2034.0,1112.0,1363.0,3304.0,1730.0,7359.0,9515.0,2012.0,1807.0,18195.0,8983.0,5439.0,1485.0,1083.0,1025.0,1040.0,1791.0,5009.0,2437.0,773.0,1130.0,1632.0,1068.0,9564.0,1116.0,1529.0,2566.0,2851.0,1318.0,2346.0,1622.0,43954.0,12485.0,17520.0,146522.0,10889.0,21728.0,36992.0,11302.0,4603.0,21290.0,1622.0,2012,11,990267,éQçlëÊ2ï\(11åé),ãûìsï{,137.8916,35.8014
146,2012-10-01,314494.0,13955.0,1076.0,731.0,2682.0,1620.0,741.0,2782.0,2918.0,5155.0,2590.0,10552.0,10042.0,64672.0,19342.0,4012.0,2087.0,1926.0,1220.0,895.0,1887.0,1606.0,5477.0,9486.0,2549.0,1644.0,19293.0,10958.0,6285.0,1651.0,1001.0,768.0,1843.0,1773.0,3726.0,1427.0,715.0,1065.0,1792.0,1126.0,7791.0,729.0,1241.0,1605.0,1184.0,639.0,1352.0,892.0,54789.0,13955.0,9632.0,116166.0,9912.0,20338.0,40832.0,9537.0,4698.0,14541.0,892.0,2012,10,990267,éQçlëÊ2ï\(10åé),ãûìsï{,137.8220,35.8663
147,2012-09-01,316782.0,6187.0,1271.0,638.0,3113.0,488.0,810.0,1324.0,2688.0,1788.0,1845.0,10910.0,10200.0,79215.0,21057.0,1940.0,1808.0,1935.0,1344.0,875.0,2004.0,1831.0,5702.0,11953.0,2479.0,2630.0,23839.0,15339.0,8986.0,2570.0,1664.0,935.0,2304.0,2191.0,4367.0,1346.0,810.0,1140.0,1265.0,771.0,8058.0,712.0,907.0,1653.0,1312.0,604.0,1037.0,678.0,54561.0,6187.0,7644.0,128578.0,7687.0,23309.0,55028.0,11143.0,3986.0,14283.0,678.0,2012,9,233100,éQçlëÊ2ï\(9åé),ãûìsï{,137.6582,35.5366
148,2012-08-01,382099.0,3011.0,630.0,566.0,2758.0,378.0,674.0,1718.0,3764.0,3073.0,3257.0,15046.0,13822.0,88143.0,29136.0,2325.0,2354.0,2546.0,1784.0,1790.0,2975.0,2939.0,10759.0,17152.0,3392.0,3488.0,30062.0,24479.0,17198.0,3796.0,2023.0,1233.0,1155.0,3112.0,4554.0,1954.0,1260.0,1758.0,1829.0,1275.0,6611.0,776.0,900.0,1687.0,1195.0,573.0,1730.0,746.0,50666.0,3011.0,6724.0,158031.0,10200.0,36026.0,81046.0,12008.0,6122.0,13472.0,746.0,2012,8,233100,éQçlëÊ2ï\(8åé),ãûìsï{,137.5952,35.3828
149,2012-07-01,296876.0,3190.0,608.0,611.0,1624.0,279.0,637.0,1096.0,2495.0,1452.0,1569.0,8194.0,9534.0,66374.0,17239.0,1267.0,2176.0,1942.0,1477.0,857.0,2077.0,1834.0,5708.0,11991.0,2587.0,2276.0,27031.0,18549.0,11482.0,2532.0,1367.0,872.0,743.0,1986.0,3196.0,1316.0,866.0,1118.0,1690.0,798.0,5127.0,569.0,1171.0,1191.0,1069.0,479.0,1111.0,595.0,59462.0,3190.0,4855.0,107714.0,7462.0,23597.0,63237.0,8113.0,4472.0,10717.0,595.0,2012,7,233100,éQçlëÊ2ï\(7åé),ãûìsï{,137.4842,35.3933
150,2012-06-01,282022.0,4137.0,710.0,951.0,2380.0,512.0,548.0,975.0,3057.0,3602.0,3803.0,10118.0,10032.0,56581.0,26634.0,1457.0,1655.0,1854.0,1113.0,759.0,1866.0,1705.0,4598.0,8157.0,1588.0,1880.0,21168.0,8907.0,6246.0,1280.0,1172.0,730.0,859.0,1399.0,3000.0,1202.0,558.0,1115.0,1033.0,539.0,6309.0,525.0,712.0,1083.0,663.0,420.0,1037.0,678.0,54516.0,4137.0,6076.0,114586.0,6832.0,17161.0,40653.0,7190.0,3245.0,10749.0,678.0,2012,6,223996,éQçlëÊ2ï\(6åé),ãûìsï{,137.8480,35.5523
151,2012-05-01,335500.0,6318.0,648.0,795.0,2650.0,587.0,735.0,1495.0,4513.0,2210.0,3070.0,15544.0,10675.0,71235.0,25712.0,2317.0,2850.0,2553.0,1142.0,2671.0,3010.0,1876.0,21549.0,9088.0,2030.0,1617.0,26525.0,8565.0,5681.0,1236.0,1083.0,838.0,937.0,2057.0,3471.0,2177.0,851.0,1196.0,1412.0,667.0,8528.0,984.0,1081.0,1686.0,1066.0,857.0,1348.0,675.0,48724.0,6318.0,6910.0,135630.0,10730.0,35685.0,44707.0,9480.0,4126.0,15550.0,675.0,2012,5,223996,éQçlëÊ2ï\(5åé),ãûìsï{,137.8262,35.5472
152,2012-04-01,344506.0,7307.0,605.0,910.0,3385.0,546.0,649.0,2049.0,2488.0,2323.0,2074.0,10850.0,10677.0,73481.0,21501.0,2336.0,2895.0,3735.0,1140.0,2290.0,5213.0,1723.0,11354.0,8366.0,1921.0,1357.0,28822.0,8672.0,5105.0,1174.0,961.0,672.0,782.0,2291.0,3670.0,1636.0,662.0,1186.0,1650.0,2042.0,8020.0,653.0,1022.0,1835.0,1181.0,611.0,1564.0,1245.0,68757.0,7307.0,8144.0,125684.0,14179.0,24504.0,46091.0,9051.0,5540.0,14886.0,1245.0,2012,4,223996,éQçlëÊ2ï\(4åé),ãûìsï{,137.7293,35.5875
153,2012-03-01,302757.0,5085.0,649.0,663.0,2069.0,609.0,808.0,1509.0,2539.0,2174.0,2452.0,10297.0,10107.0,56401.0,19540.0,4601.0,1637.0,2096.0,1190.0,1091.0,2559.0,2038.0,6030.0,8548.0,1869.0,1685.0,28233.0,8992.0,5383.0,1298.0,1027.0,713.0,750.0,2009.0,3766.0,1496.0,883.0,1314.0,1302.0,762.0,8590.0,838.0,871.0,1554.0,1063.0,519.0,1967.0,978.0,36091.0,5085.0,6307.0,104601.0,10893.0,19675.0,46618.0,8734.0,4261.0,15402.0,978.0,2012,3,223964,éQçlëÊ2ï\(3åé),ãûìsï{,137.5141,35.5122
154,2012-02-01,207541.0,2953.0,382.0,419.0,1183.0,311.0,416.0,857.0,1636.0,1072.0,1309.0,6306.0,5693.0,35648.0,11845.0,1556.0,964.0,1625.0,841.0,793.0,2140.0,1517.0,5130.0,6628.0,1415.0,1734.0,14706.0,7338.0,4717.0,1136.0,892.0,537.0,480.0,1380.0,4831.0,1023.0,547.0,863.0,1001.0,519.0,6814.0,567.0,662.0,1415.0,724.0,364.0,1321.0,466.0,22444.0,2953.0,3568.0,64302.0,6285.0,15531.0,30523.0,8251.0,2930.0,11867.0,466.0,2012,2,223964,éQçlëÊ2ï\(2åé),ãûìsï{,137.2421,35.4031
155,2012-01-01,224740.0,2892.0,388.0,449.0,1167.0,296.0,422.0,657.0,1700.0,1092.0,1148.0,6452.0,5656.0,36079.0,11511.0,1028.0,1035.0,1324.0,1113.0,685.0,2274.0,1795.0,4135.0,7079.0,1695.0,1601.0,14821.0,8772.0,6186.0,1226.0,1106.0,627.0,484.0,1393.0,2602.0,860.0,596.0,891.0,877.0,578.0,9081.0,648.0,908.0,1069.0,715.0,401.0,724.0,434.0,29797.0,2892.0,3379.0,64323.0,5661.0,15817.0,33712.0,5966.0,2942.0,13546.0,434.0,2012,1,223964,éQçlëÊ2ï\(1åé),ãûìsï{,137.1803,35.3803
156,2011-12-01,291205.0,4432.0,3377.0,3042.0,8877.0,852.0,776.0,1574.0,2679.0,2139.0,5790.0,10073.0,9232.0,58966.0,20363.0,1905.0,2075.0,1881.0,1102.0,1326.0,1971.0,1642.0,6956.0,9282.0,2147.0,2543.0,19375.0,11174.0,6294.0,1863.0,1116.0,719.0,624.0,1727.0,3872.0,1323.0,752.0,1140.0,1186.0,827.0,11089.0,762.0,1496.0,2522.0,1088.0,856.0,1337.0,1151.0,32756.0,4432.0,18498.0,110568.0,7832.0,21129.0,42365.0,8265.0,3905.0,19150.0,1151.0,2011,12,193873,éQçlëÊ2ï\(12åé),ãûìsï{,137.6171,35.6265
157,2011-11-01,346826.0,16319.0,2514.0,1329.0,6527.0,2280.0,1853.0,3615.0,4524.0,4064.0,3579.0,14633.0,13595.0,75175.0,23575.0,4124.0,2259.0,2289.0,1375.0,1522.0,3042.0,2022.0,6424.0,8265.0,2002.0,1327.0,16740.0,9126.0,5083.0,1674.0,1125.0,914.0,1123.0,1732.0,4813.0,2913.0,681.0,1523.0,1858.0,1640.0,12684.0,1540.0,2197.0,4122.0,3275.0,1708.0,2912.0,1818.0,32366.0,16319.0,18118.0,140667.0,11714.0,20088.0,35075.0,11495.0,5702.0,28438.0,1818.0,2011,11,193873,éQçlëÊ2ï\(11åé),ãûìsï{,137.6941,35.8350
158,2011-10-01,303220.0,14711.0,1621.0,967.0,2585.0,1600.0,1738.0,3227.0,2586.0,3903.0,4104.0,10464.0,9604.0,57378.0,17567.0,3630.0,2498.0,2099.0,1295.0,996.0,2387.0,1948.0,5892.0,10150.0,2716.0,1638.0,16821.0,14469.0,5219.0,1882.0,945.0,1379.0,1165.0,2246.0,5209.0,2149.0,752.0,1278.0,1651.0,899.0,9339.0,1275.0,1928.0,2383.0,1363.0,993.0,1731.0,966.0,41404.0,14711.0,11738.0,106602.0,10614.0,22001.0,40974.0,12148.0,4580.0,19012.0,966.0,2011,10,193873,éQçlëÊ2ï\(10åé),ãûìsï{,137.5695,35.8441
159,2011-09-01,251817.0,5688.0,659.0,609.0,1799.0,541.0,813.0,2391.0,2331.0,1916.0,1746.0,9083.0,8615.0,63336.0,22030.0,1374.0,1323.0,1831.0,1471.0,916.0,1582.0,1403.0,4009.0,7354.0,1437.0,1329.0,17046.0,12142.0,6945.0,1538.0,641.0,848.0,1548.0,1529.0,4021.0,1431.0,546.0,1060.0,982.0,641.0,8269.0,777.0,991.0,2138.0,1602.0,659.0,1649.0,812.0,24660.0,5688.0,6812.0,109973.0,6110.0,15674.0,39641.0,9377.0,3229.0,16085.0,812.0,2011,9,184889,éQçlëÊ2ï\(9åé),ãûìsï{,137.6018,35.5170
160,2011-08-01,296310.0,2881.0,455.0,576.0,1692.0,397.0,1209.0,1947.0,2956.0,2342.0,2601.0,12539.0,10950.0,69195.0,28389.0,1580.0,2402.0,2098.0,1072.0,1414.0,1659.0,2127.0,6942.0,10527.0,2180.0,1716.0,21374.0,18042.0,10602.0,2941.0,1438.0,1010.0,959.0,2167.0,3854.0,1512.0,695.0,1557.0,1508.0,898.0,7179.0,784.0,1022.0,1814.0,1080.0,656.0,1260.0,657.0,24540.0,2881.0,6276.0,130386.0,7739.0,22848.0,56113.0,9502.0,4658.0,13795.0,657.0,2011,8,184889,éQçlëÊ2ï\(8åé),ãûìsï{,137.6327,35.4035
161,2011-07-01,226783.0,3472.0,592.0,641.0,1241.0,479.0,695.0,1218.0,1917.0,1401.0,1535.0,8035.0,7051.0,52303.0,18357.0,1258.0,2991.0,1615.0,945.0,837.0,1527.0,1371.0,3582.0,6518.0,1425.0,1578.0,18655.0,13365.0,7325.0,1648.0,800.0,676.0,698.0,1350.0,2363.0,1135.0,584.0,903.0,1160.0,575.0,5712.0,1169.0,1414.0,2072.0,1388.0,1923.0,1603.0,426.0,36782.0,3472.0,4866.0,91436.0,7391.0,13841.0,43371.0,6222.0,3222.0,15281.0,426.0,2011,7,184889,éQçlëÊ2ï\(7åé),ãûìsï{,137.4262,35.4078
162,2011-06-01,257364.0,4826.0,435.0,619.0,1095.0,813.0,626.0,761.0,2708.0,2551.0,4058.0,12584.0,9216.0,52407.0,24191.0,2425.0,3187.0,1606.0,990.0,1623.0,2106.0,1926.0,5676.0,7332.0,1723.0,1487.0,17019.0,11411.0,4155.0,1308.0,1051.0,674.0,1169.0,2138.0,4311.0,2470.0,803.0,928.0,958.0,590.0,5651.0,630.0,883.0,1642.0,1294.0,2047.0,1959.0,600.0,24812.0,4826.0,4349.0,109338.0,9324.0,17647.0,36431.0,10762.0,3279.0,14106.0,600.0,2011,6,170420,éQçlëÊ2ï\(6åé),ãûìsï{,137.6323,35.5027
163,2011-05-01,298526.0,8581.0,452.0,472.0,854.0,593.0,637.0,1193.0,4045.0,3349.0,3126.0,10843.0,13866.0,67630.0,26665.0,4687.0,4253.0,2900.0,938.0,3495.0,2807.0,1740.0,19232.0,9830.0,1930.0,1920.0,15973.0,9205.0,4813.0,1348.0,1066.0,973.0,1455.0,1841.0,4310.0,2187.0,1213.0,1432.0,1192.0,1317.0,9359.0,1030.0,1991.0,2946.0,1839.0,1111.0,2789.0,668.0,13649.0,8581.0,4201.0,133019.0,14647.0,33670.0,34325.0,10766.0,5154.0,21065.0,668.0,2011,5,170420,éQçlëÊ2ï\(5åé),ãûìsï{,137.6966,35.5588
164,2011-04-01,250448.0,8197.0,296.0,191.0,415.0,609.0,368.0,551.0,1737.0,2783.0,1521.0,8352.0,8472.0,54588.0,18286.0,5776.0,2889.0,4001.0,1109.0,1611.0,6056.0,1677.0,10797.0,8410.0,2019.0,1382.0,14434.0,11153.0,4739.0,1467.0,867.0,832.0,871.0,2306.0,4298.0,1769.0,729.0,1220.0,1737.0,3263.0,8883.0,615.0,1230.0,2274.0,1438.0,901.0,1770.0,908.0,10421.0,8197.0,2430.0,97350.0,18722.0,24012.0,34042.0,10076.0,6949.0,17111.0,908.0,2011,4,170420,éQçlëÊ2ï\(4åé),ãûìsï{,137.4312,35.5716
165,2011-03-01,266365.0,6129.0,294.0,298.0,1026.0,462.0,378.0,1012.0,2359.0,1430.0,1461.0,10146.0,9763.0,77377.0,22756.0,5273.0,2131.0,2753.0,1255.0,1071.0,2651.0,2084.0,6343.0,10990.0,2043.0,1999.0,21195.0,10700.0,5940.0,2139.0,1098.0,812.0,708.0,1832.0,3633.0,1637.0,832.0,1310.0,1380.0,613.0,10131.0,1002.0,1459.0,2293.0,1234.0,674.0,2141.0,1143.0,19878.0,6129.0,3470.0,126363.0,12808.0,22715.0,43071.0,8622.0,4135.0,18934.0,1143.0,2011,3,170419,éQçlëÊ2ï\(3åé),ãûìsï{,137.5956,35.4843
166,2011-02-01,203061.0,4370.0,383.0,400.0,1383.0,398.0,535.0,962.0,3130.0,1266.0,1460.0,9719.0,7827.0,44960.0,15396.0,1062.0,1103.0,1556.0,880.0,969.0,2042.0,1580.0,6049.0,7296.0,1787.0,1931.0,18817.0,9622.0,5216.0,1717.0,1015.0,593.0,475.0,1457.0,3641.0,1044.0,616.0,1016.0,986.0,584.0,8954.0,703.0,768.0,1494.0,1269.0,671.0,1185.0,638.0,24344.0,4370.0,4061.0,84727.0,5763.0,17592.0,38318.0,7210.0,3202.0,15044.0,638.0,2011,2,170419,éQçlëÊ2ï\(2åé),ãûìsï{,137.3882,35.4337
167,2011-01-01,201266.0,3983.0,472.0,693.0,1281.0,391.0,424.0,759.0,2065.0,1283.0,1278.0,7166.0,6671.0,45403.0,13347.0,1256.0,1240.0,1481.0,1119.0,697.0,2128.0,1812.0,4369.0,8861.0,1847.0,2074.0,19075.0,10464.0,6486.0,1949.0,965.0,728.0,584.0,1586.0,3470.0,1077.0,720.0,1000.0,1015.0,672.0,8545.0,576.0,804.0,1769.0,946.0,1072.0,848.0,613.0,27042.0,3983.0,4020.0,77910.0,6105.0,18008.0,41013.0,7445.0,3407.0,14560.0,613.0,2011,1,170419,éQçlëÊ2ï\(1åé),ãûìsï{,137.2577,35.4074
168,2010-12-01,275287.0,4711.0,2054.0,1282.0,5187.0,674.0,1305.0,1551.0,2659.0,2407.0,2129.0,11098.0,10296.0,66126.0,20602.0,1664.0,2517.0,2414.0,1126.0,1194.0,2000.0,1596.0,7191.0,8967.0,2303.0,2510.0,19800.0,10904.0,5943.0,2022.0,1052.0,668.0,1029.0,1772.0,4872.0,1235.0,695.0,1114.0,1610.0,803.0,7833.0,620.0,1001.0,3891.0,1056.0,1359.0,1294.0,1190.0,30871.0,4711.0,12053.0,116511.0,8595.0,21183.0,42231.0,9576.0,4222.0,17054.0,1190.0,2010,12,136761,éQçlëÊ2ï\(12åé),ãûìsï{,137.6317,35.5349
169,2010-11-01,322163.0,14839.0,1369.0,1616.0,3796.0,1228.0,3309.0,2863.0,4231.0,3434.0,2811.0,14298.0,12797.0,77423.0,24195.0,3914.0,2179.0,2215.0,1347.0,1464.0,2633.0,2260.0,7858.0,9022.0,1851.0,1146.0,16240.0,10378.0,4782.0,1664.0,910.0,812.0,874.0,2076.0,4241.0,1962.0,582.0,1200.0,1464.0,986.0,11452.0,1143.0,1720.0,2314.0,2763.0,1678.0,2089.0,1566.0,37669.0,14839.0,14181.0,140653.0,10941.0,22338.0,35120.0,9965.0,4232.0,23159.0,1566.0,2010,11,136761,éQçlëÊ2ï\(11åé),ãûìsï{,137.8408,35.8171
170,2010-10-01,311845.0,12405.0,1971.0,738.0,2557.0,829.0,1163.0,1449.0,2605.0,3825.0,2853.0,11466.0,10718.0,59388.0,20054.0,3748.0,1858.0,2084.0,1483.0,1025.0,1991.0,2298.0,6394.0,20978.0,3153.0,1566.0,18480.0,14006.0,4786.0,1512.0,1287.0,844.0,1537.0,2283.0,3982.0,1732.0,677.0,842.0,2314.0,681.0,9499.0,819.0,1720.0,1734.0,1295.0,793.0,1568.0,908.0,53757.0,12405.0,8707.0,111934.0,9681.0,34306.0,41637.0,10378.0,4514.0,17428.0,908.0,2010,10,136761,éQçlëÊ2ï\(10åé),ãûìsï{,137.6011,35.7367
171,2010-09-01,286222.0,5230.0,815.0,734.0,2826.0,503.0,862.0,1514.0,2803.0,2109.0,1581.0,12387.0,8468.0,72173.0,19980.0,1495.0,1534.0,1809.0,964.0,1111.0,1741.0,1333.0,4298.0,6829.0,1370.0,1373.0,23983.0,8177.0,4182.0,1095.0,712.0,749.0,1903.0,1769.0,3238.0,1299.0,448.0,1217.0,1223.0,640.0,7672.0,856.0,1207.0,1445.0,1068.0,1053.0,966.0,639.0,60091.0,5230.0,7254.0,120612.0,6579.0,14794.0,39522.0,8958.0,3528.0,14267.0,639.0,2010,9,130260,éQçlëÊ2ï\(9åé),ãûìsï{,137.7954,35.5696
172,2010-08-01,325835.0,2847.0,478.0,511.0,2516.0,381.0,1185.0,1111.0,3099.0,2015.0,2590.0,14133.0,11126.0,79336.0,24621.0,1957.0,1751.0,2588.0,1154.0,1358.0,1568.0,2266.0,6608.0,10181.0,2050.0,1749.0,24806.0,10911.0,7373.0,1482.0,1235.0,973.0,907.0,2050.0,3633.0,1595.0,788.0,1517.0,1384.0,1058.0,7316.0,918.0,1143.0,1549.0,1213.0,636.0,1340.0,585.0,61819.0,2847.0,6182.0,138278.0,7864.0,22259.0,47556.0,9158.0,4747.0,14115.0,585.0,2010,8,130260,éQçlëÊ2ï\(8åé),ãûìsï{,137.7747,35.4483
173,2010-07-01,260396.0,3361.0,572.0,558.0,1819.0,366.0,561.0,769.0,1940.0,2087.0,1338.0,10038.0,6731.0,57317.0,15598.0,1164.0,1886.0,1670.0,921.0,941.0,1361.0,1399.0,3822.0,6890.0,1432.0,1473.0,19496.0,9603.0,4527.0,1029.0,1067.0,835.0,777.0,1550.0,3187.0,963.0,520.0,1171.0,1042.0,469.0,5676.0,526.0,810.0,1017.0,760.0,419.0,942.0,494.0,66437.0,3361.0,4645.0,95990.0,6081.0,14464.0,37195.0,7312.0,3202.0,10150.0,494.0,2010,7,130260,éQçlëÊ2ï\(7åé),ãûìsï{,137.7102,35.5038
174,2010-06-01,269539.0,5585.0,637.0,675.0,1702.0,476.0,471.0,944.0,2843.0,2765.0,4328.0,11657.0,6782.0,51204.0,20270.0,1516.0,1723.0,1836.0,1231.0,752.0,1581.0,1759.0,5776.0,7902.0,2049.0,1479.0,17147.0,8084.0,4535.0,996.0,771.0,701.0,815.0,1982.0,3806.0,1066.0,512.0,922.0,1175.0,434.0,7075.0,544.0,902.0,1158.0,938.0,525.0,977.0,533.0,47896.0,5585.0,4905.0,100601.0,6656.0,18717.0,33012.0,8370.0,3043.0,12119.0,533.0,2010,6,124967,éQçlëÊ2ï\(6åé),ãûìsï{,137.7326,35.5953
175,2010-05-01,338212.0,6437.0,701.0,718.0,1788.0,600.0,1550.0,1013.0,3440.0,1898.0,3505.0,11760.0,13595.0,67497.0,26027.0,2095.0,3231.0,2668.0,972.0,2815.0,2201.0,1811.0,13190.0,8277.0,1843.0,1361.0,15592.0,8516.0,4407.0,937.0,1305.0,804.0,934.0,1581.0,4064.0,2428.0,1206.0,1974.0,1567.0,716.0,9743.0,699.0,1228.0,1610.0,1156.0,640.0,995.0,731.0,55101.0,6437.0,6370.0,130537.0,10195.0,26093.0,32118.0,9811.0,5463.0,16071.0,731.0,2010,5,124967,éQçlëÊ2ï\(5åé),ãûìsï{,137.8221,35.5708
176,2010-04-01,335743.0,7741.0,659.0,573.0,1767.0,614.0,831.0,2010.0,2746.0,2232.0,2141.0,10624.0,9856.0,68730.0,17451.0,3569.0,1881.0,3618.0,969.0,2032.0,5655.0,1783.0,8402.0,9032.0,2016.0,1510.0,14269.0,10051.0,5921.0,1245.0,930.0,744.0,897.0,2130.0,3816.0,1854.0,665.0,1311.0,1615.0,1664.0,9543.0,1002.0,1171.0,1805.0,1302.0,976.0,1338.0,1245.0,74351.0,7741.0,6454.0,115812.0,14723.0,22202.0,33926.0,9441.0,5255.0,17137.0,1245.0,2010,4,124967,éQçlëÊ2ï\(4åé),ãûìsï{,137.6557,35.6031
177,2010-03-01,276296.0,8328.0,801.0,813.0,2368.0,841.0,976.0,1654.0,3386.0,1968.0,2063.0,10935.0,11410.0,64116.0,20684.0,4392.0,1833.0,1988.0,1061.0,1133.0,2259.0,1800.0,6178.0,8619.0,1872.0,1736.0,14041.0,10269.0,5276.0,1241.0,1064.0,893.0,851.0,1765.0,4316.0,1484.0,681.0,1198.0,1624.0,797.0,8071.0,891.0,1154.0,1625.0,1223.0,915.0,2157.0,1353.0,46845.0,8328.0,7453.0,115695.0,10472.0,19530.0,33627.0,9309.0,4300.0,16036.0,1353.0,2010,3,117733,éQçlëÊ1ï\(3åé),ãûìsï{,137.7389,35.6390
178,2010-02-01,193793.0,3830.0,385.0,513.0,1504.0,432.0,514.0,671.0,2344.0,1136.0,1149.0,8682.0,7110.0,42888.0,14300.0,1380.0,1305.0,1335.0,946.0,506.0,1757.0,1949.0,4911.0,7587.0,2351.0,1787.0,12295.0,9478.0,5387.0,1351.0,1238.0,691.0,605.0,1486.0,3374.0,941.0,574.0,1085.0,991.0,675.0,8357.0,536.0,678.0,1229.0,808.0,605.0,892.0,702.0,25895.0,3830.0,4019.0,78115.0,5777.0,17744.0,31536.0,7097.0,3325.0,13105.0,702.0,2010,2,117733,éQçlëÊ1ï\(2åé),ãûìsï{,137.4184,35.4421
179,2010-01-01,180617.0,3447.0,535.0,455.0,1033.0,288.0,566.0,615.0,1638.0,1083.0,1051.0,5894.0,5887.0,39886.0,11758.0,1059.0,1106.0,1551.0,1182.0,525.0,1603.0,1648.0,3841.0,8578.0,1824.0,1790.0,10997.0,10014.0,5881.0,1231.0,1378.0,659.0,620.0,1607.0,2904.0,922.0,697.0,908.0,1141.0,569.0,8706.0,395.0,693.0,1360.0,806.0,506.0,834.0,516.0,23863.0,3447.0,3492.0,67722.0,5319.0,17073.0,31291.0,6712.0,3315.0,13300.0,516.0,2010,1,117733,éQçlëÊ1ï\(1åé),ãûìsï{,137.2427,35.4046
180,2009-12-01,247012.0,4525.0,1537.0,2869.0,4681.0,533.0,963.0,1225.0,2537.0,1661.0,1751.0,8538.0,8588.0,55516.0,18413.0,1654.0,1476.0,2604.0,1155.0,922.0,2456.0,1782.0,6152.0,8990.0,2058.0,2741.0,15699.0,14005.0,7078.0,2299.0,1081.0,667.0,580.0,1865.0,2707.0,1233.0,739.0,1004.0,1410.0,852.0,7700.0,448.0,1023.0,2912.0,942.0,2192.0,1125.0,786.0,29230.0,4525.0,11808.0,97926.0,8190.0,20137.0,42903.0,7052.0,4005.0,16342.0,786.0,2009,12,59523,éQçlëÊ1ï\Åi12åéÅj,ãûìsï{,137.5490,35.5408
181,2009-11-01,312233.0,13121.0,1013.0,997.0,3493.0,1351.0,2486.0,2288.0,4526.0,3582.0,3122.0,13419.0,13893.0,78270.0,25364.0,3929.0,2003.0,2260.0,1123.0,1254.0,3022.0,1708.0,8069.0,10313.0,2521.0,1492.0,13726.0,11464.0,5406.0,1971.0,1046.0,776.0,997.0,2047.0,4684.0,1945.0,678.0,1163.0,1613.0,989.0,9960.0,984.0,1669.0,2911.0,2862.0,1239.0,1833.0,1658.0,30449.0,13121.0,11628.0,143430.0,11214.0,23734.0,35105.0,10449.0,4443.0,21458.0,1658.0,2009,11,59523,éQçlëÊ1ï\Åi11åéÅj,ãûìsï{,137.8417,35.7457
182,2009-10-01,289763.0,13818.0,1472.0,644.0,2151.0,678.0,788.0,4251.0,2283.0,2300.0,1546.0,10388.0,8375.0,59561.0,17932.0,4207.0,1753.0,2157.0,1297.0,929.0,2038.0,1660.0,6886.0,10804.0,2450.0,1830.0,16200.0,15223.0,5997.0,2142.0,920.0,933.0,1427.0,2439.0,4429.0,1628.0,629.0,1160.0,1757.0,914.0,8487.0,1030.0,1957.0,1988.0,1426.0,825.0,1214.0,789.0,48564.0,13818.0,9984.0,103314.0,10155.0,23097.0,42312.0,10856.0,4460.0,16927.0,789.0,2009,10,59523,éQçlëÊ1ï\Åi10åéÅj,ãûìsï{,137.6065,35.8082
183,2009-09-01,268546.0,5100.0,783.0,708.0,2707.0,790.0,840.0,2118.0,3092.0,2627.0,3857.0,11431.0,8993.0,66999.0,17816.0,1691.0,1643.0,1688.0,1065.0,992.0,1787.0,1384.0,6024.0,9899.0,1627.0,1691.0,18713.0,14458.0,4646.0,1136.0,1006.0,1229.0,2313.0,2081.0,4335.0,2556.0,1391.0,1341.0,1262.0,701.0,6061.0,608.0,1312.0,1146.0,938.0,686.0,1075.0,578.0,36521.0,5100.0,7946.0,115807.0,6809.0,19999.0,41650.0,12514.0,4695.0,11826.0,578.0,2009,9,59524,éQçlëÊ1ï\Åi9åéÅj,ãûìsï{,137.7017,35.5617
184,2009-08-01,292821.0,2693.0,448.0,1004.0,1649.0,351.0,798.0,930.0,3163.0,1857.0,3392.0,13275.0,9718.0,69685.0,21165.0,1655.0,2541.0,2203.0,1447.0,1292.0,1782.0,2222.0,7212.0,11241.0,2295.0,2112.0,23657.0,16806.0,8039.0,2318.0,1333.0,976.0,1028.0,2928.0,3869.0,2043.0,986.0,1497.0,1535.0,1142.0,4808.0,497.0,860.0,1053.0,925.0,725.0,1034.0,907.0,42873.0,2693.0,5180.0,123547.0,8181.0,24417.0,54265.0,10844.0,5160.0,9902.0,907.0,2009,8,59524,éQçlëÊ1ï\Åi8åéÅj,ãûìsï{,137.6485,35.4177
185,2009-07-01,227866.0,2670.0,543.0,477.0,1310.0,440.0,386.0,1000.0,1413.0,1373.0,1200.0,7542.0,9484.0,49565.0,12962.0,1296.0,1554.0,1634.0,1243.0,657.0,1398.0,1751.0,3220.0,7927.0,2148.0,2046.0,21258.0,12240.0,5656.0,2765.0,1113.0,627.0,764.0,1989.0,3750.0,1146.0,647.0,1109.0,1085.0,484.0,3955.0,425.0,694.0,892.0,689.0,972.0,804.0,655.0,44124.0,2670.0,4156.0,84196.0,5882.0,16289.0,45078.0,8276.0,3325.0,8431.0,655.0,2009,7,59524,éQçlëÊ1ï\Åi7åéÅj,ãûìsï{,137.4924,35.4127
186,2009-06-01,169724.0,2450.0,314.0,401.0,883.0,281.0,240.0,570.0,1402.0,2310.0,631.0,3358.0,5392.0,30966.0,11860.0,951.0,1088.0,1134.0,857.0,280.0,983.0,1232.0,2607.0,6036.0,1137.0,1758.0,13013.0,7716.0,4339.0,1129.0,636.0,554.0,638.0,999.0,2124.0,760.0,1106.0,626.0,780.0,417.0,3256.0,231.0,555.0,560.0,545.0,367.0,613.0,302.0,33579.0,2450.0,2689.0,56199.0,4156.0,11869.0,28591.0,5075.0,2929.0,6127.0,302.0,2009,6,59525,éQçlëÊ1ï\Åi6åéÅj,ãûìsï{,137.5154,35.4679
187,2009-05-01,238793.0,4159.0,407.0,470.0,1389.0,508.0,576.0,854.0,3057.0,1449.0,2133.0,8670.0,6819.0,43916.0,17103.0,2184.0,3579.0,1725.0,840.0,1742.0,1501.0,1238.0,8371.0,8225.0,1529.0,1373.0,13961.0,9561.0,4501.0,1148.0,1310.0,616.0,859.0,1439.0,3093.0,1318.0,607.0,1517.0,1747.0,589.0,5671.0,776.0,929.0,1265.0,997.0,657.0,951.0,413.0,40377.0,4159.0,4204.0,84889.0,8989.0,20203.0,31854.0,7325.0,4460.0,11246.0,413.0,2009,5,59525,éQçlëÊ1ï\Åi5åéÅj,ãûìsï{,137.5870,35.5159
188,2009-04-01,284527.0,7114.0,486.0,605.0,1481.0,530.0,580.0,2407.0,2453.0,1973.0,1896.0,8020.0,7434.0,52264.0,15135.0,2823.0,1792.0,2543.0,865.0,2030.0,5838.0,1982.0,8020.0,7907.0,1718.0,1539.0,15754.0,9942.0,4010.0,1148.0,1033.0,606.0,847.0,2070.0,3291.0,1868.0,572.0,1124.0,3151.0,838.0,7595.0,1062.0,1178.0,1485.0,1158.0,775.0,1261.0,855.0,57718.0,7114.0,6089.0,91205.0,12996.0,20492.0,33426.0,8682.0,5685.0,14514.0,855.0,2009,4,59525,éQçlëÊ1ï\Åi4åéÅj,ãûìsï{,137.5201,35.6036
189,2009-03-01,277012.0,7266.0,855.0,703.0,1842.0,762.0,1012.0,1029.0,3002.0,2064.0,2073.0,11144.0,11160.0,61962.0,21824.0,4410.0,1992.0,2316.0,1299.0,1136.0,2598.0,2054.0,5503.0,9151.0,1951.0,1896.0,15610.0,12326.0,6081.0,2459.0,1077.0,768.0,898.0,1793.0,4692.0,1685.0,817.0,1376.0,1336.0,923.0,9895.0,1046.0,1285.0,1862.0,1597.0,824.0,1546.0,1392.0,34840.0,7266.0,6203.0,114365.0,11316.0,19958.0,39449.0,9836.0,4452.0,18055.0,1392.0,2009,3,59526,éQçlëÊ1ï\Åi3åéÅj,ãûìsï{,137.5538,35.5534
190,2009-02-01,182409.0,3602.0,445.0,410.0,1320.0,326.0,421.0,673.0,1727.0,944.0,1162.0,6889.0,6200.0,37932.0,12292.0,1115.0,1150.0,1304.0,944.0,629.0,1406.0,1632.0,4913.0,6169.0,1975.0,1930.0,14643.0,10370.0,5270.0,2013.0,926.0,635.0,552.0,1347.0,3890.0,889.0,593.0,936.0,998.0,562.0,8685.0,580.0,669.0,2223.0,734.0,440.0,806.0,660.0,18393.0,3602.0,3595.0,67775.0,4975.0,15633.0,35152.0,7313.0,3089.0,14137.0,660.0,2009,2,59526,éQçlëÊ1ï\Åi2åéÅj,ãûìsï{,137.1679,35.3765
191,2009-01-01,185982.0,4319.0,497.0,387.0,1036.0,462.0,419.0,586.0,1731.0,1095.0,1026.0,5789.0,5386.0,39508.0,11655.0,1234.0,1266.0,1428.0,1106.0,631.0,1441.0,1667.0,4084.0,6698.0,1940.0,1980.0,13624.0,11763.0,6551.0,2153.0,1011.0,588.0,684.0,1619.0,3147.0,919.0,870.0,839.0,858.0,532.0,9408.0,341.0,840.0,1419.0,741.0,492.0,757.0,424.0,21844.0,4319.0,3387.0,66821.0,5369.0,15495.0,37082.0,6957.0,3099.0,13998.0,424.0,2009,1,59526,éQçlëÊ1ï\Åi1åéÅj,ãûìsï{,137.1673,35.4267
192,2008-12-01,262151.0,5091.0,1792.0,2430.0,5769.0,778.0,858.0,1758.0,3043.0,1948.0,2004.0,9646.0,9377.0,59959.0,19434.0,2251.0,2329.0,3265.0,1053.0,1028.0,1869.0,1981.0,6685.0,9687.0,2050.0,2486.0,19059.0,15368.0,7401.0,2473.0,1107.0,662.0,823.0,1698.0,2978.0,1266.0,824.0,1103.0,1376.0,901.0,8054.0,590.0,1223.0,1382.0,1316.0,1746.0,1487.0,1135.0,25526.0,5091.0,13385.0,106439.0,9714.0,21456.0,47894.0,7427.0,4204.0,15798.0,1135.0,2008,12,59528,éQçlëÊ1ï\Åi12åéÅj,ãûìsï{,137.6008,35.5724
193,2008-11-01,323346.0,11398.0,824.0,2671.0,3114.0,1174.0,3267.0,2127.0,5409.0,3869.0,3199.0,14590.0,14130.0,74912.0,25130.0,4761.0,2366.0,2778.0,1215.0,1499.0,3030.0,2065.0,8849.0,10629.0,1760.0,1444.0,18056.0,12613.0,5703.0,1712.0,971.0,974.0,1137.0,1953.0,5101.0,2163.0,746.0,1227.0,2182.0,1311.0,11387.0,1162.0,1793.0,2653.0,3227.0,1331.0,2391.0,1486.0,31616.0,11398.0,13177.0,142738.0,12935.0,24518.0,40499.0,11328.0,5466.0,23944.0,1486.0,2008,11,59528,éQçlëÊ1ï\Åi11åéÅj,ãûìsï{,137.7065,35.6917
194,2008-10-01,292305.0,14522.0,680.0,786.0,2974.0,1651.0,1097.0,2115.0,2635.0,3375.0,3264.0,9155.0,9455.0,56707.0,17574.0,3685.0,1858.0,1941.0,1280.0,711.0,1939.0,2136.0,6131.0,11472.0,3107.0,1638.0,16984.0,13614.0,5760.0,1888.0,1007.0,863.0,980.0,2377.0,3870.0,1483.0,501.0,1286.0,2194.0,681.0,7891.0,797.0,1867.0,2579.0,1095.0,695.0,1281.0,744.0,55550.0,14522.0,9303.0,102876.0,9423.0,24126.0,40891.0,9573.0,4662.0,16205.0,744.0,2008,10,59528,éQçlëÊ1ï\Åi10åéÅj,ãûìsï{,137.6516,35.8470
195,2008-09-01,243082.0,5322.0,614.0,524.0,1657.0,565.0,730.0,1223.0,1646.0,1371.0,1339.0,9741.0,7470.0,59304.0,16776.0,1282.0,1364.0,1372.0,764.0,913.0,1450.0,1722.0,3844.0,8464.0,1591.0,1546.0,16888.0,13665.0,6602.0,1611.0,836.0,619.0,1799.0,1627.0,3037.0,1102.0,523.0,917.0,979.0,650.0,5458.0,578.0,1006.0,1218.0,759.0,585.0,1138.0,578.0,47930.0,5322.0,5313.0,98560.0,5468.0,16385.0,41148.0,8184.0,3069.0,10742.0,578.0,2008,9,59530,éQçlëÊ1ï\Åi9åéÅj,ãûìsï{,137.6758,35.5435
196,2008-08-01,288831.0,2548.0,607.0,502.0,1851.0,361.0,634.0,851.0,2638.0,1567.0,2203.0,12068.0,9361.0,66574.0,22283.0,1854.0,1844.0,2156.0,1248.0,1102.0,1595.0,2075.0,5948.0,10369.0,2075.0,1946.0,22884.0,19981.0,9369.0,3873.0,1353.0,842.0,836.0,1907.0,3295.0,1536.0,835.0,1296.0,1282.0,880.0,4820.0,529.0,770.0,1298.0,880.0,624.0,988.0,632.0,44755.0,2548.0,4806.0,117796.0,7449.0,21715.0,59406.0,8416.0,4293.0,9909.0,632.0,2008,8,59530,éQçlëÊ1ï\Åi8åéÅj,ãûìsï{,137.6254,35.4013
197,2008-07-01,230053.0,2634.0,311.0,428.0,1136.0,458.0,463.0,686.0,1668.0,950.0,1035.0,9492.0,5916.0,49145.0,12699.0,1338.0,1388.0,1585.0,905.0,698.0,1733.0,1707.0,4720.0,8935.0,1870.0,1741.0,20541.0,14277.0,6636.0,2205.0,840.0,582.0,817.0,1429.0,2871.0,1052.0,458.0,946.0,880.0,441.0,4838.0,468.0,1206.0,1096.0,862.0,1208.0,996.0,395.0,49374.0,2634.0,3482.0,81603.0,6044.0,18137.0,46240.0,6751.0,2725.0,10674.0,395.0,2008,7,59530,éQçlëÊ1ï\Åi7åéÅj,ãûìsï{,137.4114,35.3812
198,2008-06-01,233777.0,4429.0,442.0,597.0,1140.0,479.0,404.0,803.0,1548.0,965.0,2793.0,8889.0,6477.0,48531.0,17595.0,1105.0,1770.0,1539.0,1064.0,451.0,1116.0,1796.0,3969.0,6695.0,1593.0,1298.0,20112.0,11001.0,4437.0,1644.0,633.0,595.0,891.0,1789.0,3511.0,1456.0,342.0,821.0,833.0,515.0,5847.0,483.0,783.0,1337.0,763.0,1050.0,766.0,364.0,38363.0,4429.0,3865.0,87249.0,5530.0,15117.0,39125.0,8242.0,2511.0,11029.0,364.0,2008,6,59532,éQçlëÊ1ï\Åi6åéÅj,ãûìsï{,137.5486,35.5015
199,2008-05-01,297469.0,5979.0,488.0,552.0,1652.0,462.0,679.0,780.0,4136.0,4665.0,3166.0,8209.0,11269.0,54786.0,18053.0,1945.0,3191.0,2472.0,830.0,3509.0,1648.0,1382.0,13359.0,8450.0,2701.0,1494.0,19760.0,10991.0,5219.0,1507.0,788.0,767.0,761.0,1590.0,5005.0,3056.0,478.0,946.0,1499.0,550.0,7042.0,1893.0,901.0,1472.0,1064.0,582.0,1104.0,427.0,50886.0,5979.0,4613.0,107793.0,9256.0,26722.0,39759.0,11179.0,3473.0,14058.0,427.0,2008,5,59532,éQçlëÊ1ï\Åi5åéÅj,ãûìsï{,137.6067,35.5386
200,2008-04-01,298999.0,8331.0,557.0,590.0,1709.0,459.0,591.0,2050.0,2568.0,1644.0,1938.0,9517.0,9542.0,63309.0,18368.0,3040.0,1594.0,1806.0,864.0,1435.0,4856.0,1772.0,8574.0,7982.0,1199.0,1351.0,19898.0,10830.0,3849.0,1553.0,723.0,439.0,584.0,1222.0,3171.0,1526.0,295.0,883.0,1365.0,745.0,7742.0,703.0,905.0,1439.0,997.0,1026.0,1034.0,1024.0,55441.0,8331.0,5956.0,108321.0,11296.0,20391.0,38204.0,6942.0,3288.0,13846.0,1024.0,2008,4,59532,éQçlëÊ1ï\Åi4åéÅj,ãûìsï{,137.7827,35.6545
201,2008-03-01,307869.0,8436.0,836.0,1023.0,1902.0,1163.0,828.0,1338.0,2794.0,2646.0,1916.0,11096.0,10141.0,62517.0,20847.0,5509.0,1983.0,2903.0,998.0,1096.0,3053.0,3359.0,6312.0,11006.0,1813.0,1484.0,16535.0,12249.0,5797.0,2287.0,1011.0,804.0,897.0,1739.0,4004.0,1504.0,686.0,1264.0,1267.0,929.0,9168.0,957.0,1266.0,1678.0,1193.0,1007.0,1411.0,742.0,43935.0,8436.0,7090.0,113053.0,13448.0,23488.0,39363.0,8948.0,4146.0,16680.0,742.0,2008,3,59534,éQçlëÊ1ï\Åi3åéÅj,ãûìsï{,137.6672,35.6620
202,2008-02-01,209211.0,5567.0,410.0,548.0,1464.0,521.0,492.0,722.0,1783.0,1467.0,1446.0,7932.0,6377.0,41455.0,13402.0,1395.0,1382.0,1579.0,895.0,635.0,1752.0,1757.0,4710.0,7557.0,1964.0,1609.0,14358.0,10559.0,4505.0,1622.0,1018.0,557.0,639.0,1334.0,3669.0,1353.0,529.0,1198.0,1270.0,769.0,7566.0,714.0,1112.0,1387.0,889.0,860.0,1002.0,751.0,23733.0,5567.0,4157.0,74497.0,6108.0,16883.0,33671.0,7552.0,3766.0,13530.0,751.0,2008,2,59534,éQçlëÊ1ï\Åi2åéÅj,ãûìsï{,137.3328,35.4976
203,2008-01-01,203462.0,4736.0,457.0,593.0,1040.0,477.0,460.0,540.0,1314.0,1021.0,1119.0,5662.0,5004.0,40416.0,11193.0,1018.0,1089.0,1496.0,1276.0,566.0,1332.0,1590.0,4752.0,8605.0,2009.0,1608.0,14829.0,14198.0,5885.0,1682.0,1222.0,841.0,690.0,1609.0,3075.0,1390.0,668.0,938.0,1169.0,635.0,7130.0,530.0,1124.0,1365.0,796.0,555.0,1007.0,489.0,22862.0,4736.0,3567.0,66295.0,4935.0,18232.0,39424.0,7605.0,3410.0,12507.0,489.0,2008,1,59534,éQçlëÊ1ï\Åi1åéÅj,ãûìsï{,137.1746,35.4316
