,Unnamed: 0,年月,総計,北海道,青森県,岩手県,宮城県,秋田県,山形県,福島県,茨城県,栃木県,群馬県,埼玉県,千葉県,東京都,神奈川県,新潟県,富山県,石川県,福井県,山梨県,長野県,岐阜県,静岡県,愛知県,三重県,滋賀県,京都府,大阪府,兵庫県,奈良県,和歌山県,鳥取県,島根県,岡山県,広島県,山口県,徳島県,香川県,愛媛県,高知県,福岡県,佐賀県,長崎県,熊本県,大分県,宮崎県,鹿児島県,沖縄県,国外,北海道運輸局,東北運輸局,関東運輸局,北陸信越運輸局,中部運輸局,近畿運輸局,中国運輸局,四国運輸局,九州運輸局,沖縄総合事務局,年,月,ファイル名,シート名,施設所在地,経度,緯度,known,unknown
0,0,2024-03-01,28690.0,53.0,7.0,5.0,16.0,7.0,11.0,23.0,53.0,63.0,32.0,244.0,273.0,1108.0,387.0,84.0,555.0,721.0,4395.0,54.0,170.0,581.0,160.0,1617.0,314.0,846.0,831.0,1625.0,705.0,270.0,40.0,22.0,1.0,74.0,41.0,9.0,53.0,155.0,7.0,9.0,96.0,3.0,12.0,7.0,2.0,4.0,27.0,57.0,156.0,53.0,69.0,2214.0,1530.0,7067.0,4317.0,147.0,224.0,151.0,57.0,2024,3,1745072,参考第2表(3月),福井県,136.6273,35.5138,15829.0,12861.0
1,1,2024-02-01,18980.0,24.0,4.0,3.0,26.0,1.0,8.0,8.0,31.0,12.0,52.0,127.0,114.0,683.0,271.0,56.0,363.0,623.0,3665.0,23.0,66.0,400.0,90.0,832.0,151.0,587.0,570.0,1697.0,472.0,315.0,78.0,0.0,7.0,52.0,16.0,12.0,42.0,30.0,6.0,4.0,231.0,4.0,1.0,4.0,2.0,0.0,0.0,84.0,319.0,24.0,50.0,1313.0,1108.0,5138.0,3719.0,87.0,82.0,242.0,84.0,2024,2,1740006,参考第2表(2月),福井県,136.3673,35.4495,11847.0,7133.0
2,2,2024-01-01,17856.0,14.0,6.0,4.0,3.0,2.0,2.0,14.0,37.0,23.0,22.0,105.0,87.0,588.0,189.0,29.0,248.0,515.0,2931.0,19.0,59.0,313.0,94.0,826.0,160.0,425.0,507.0,1353.0,410.0,175.0,47.0,1.0,0.0,42.0,15.0,2.0,14.0,14.0,18.0,4.0,43.0,16.0,6.0,5.0,0.0,0.0,2.0,66.0,125.0,14.0,31.0,1070.0,851.0,4324.0,2917.0,60.0,50.0,72.0,66.0,2024,1,1732631,参考第2表(1月),福井県,136.4637,35.4613,9455.0,8401.0
3,3,2023-12-01,18628.0,21.0,2.0,8.0,19.0,6.0,5.0,18.0,47.0,37.0,39.0,257.0,168.0,1046.0,659.0,82.0,518.0,608.0,5902.0,76.0,160.0,536.0,144.0,1757.0,391.0,928.0,932.0,2032.0,792.0,240.0,94.0,2.0,14.0,34.0,78.0,45.0,38.0,58.0,18.0,8.0,343.0,2.0,0.0,132.0,5.0,7.0,13.0,101.0,206.0,21.0,58.0,2329.0,1368.0,8730.0,5018.0,173.0,122.0,502.0,101.0,2023,12,1725251,参考第2表(12月),福井県,136.4125,35.4374,18422.0,206.0
4,4,2023-11-01,20352.0,232.0,34.0,23.0,28.0,10.0,15.0,72.0,83.0,384.0,84.0,510.0,260.0,1779.0,602.0,231.0,448.0,573.0,3004.0,242.0,325.0,623.0,431.0,2775.0,576.0,696.0,796.0,2477.0,879.0,346.0,192.0,19.0,15.0,121.0,123.0,67.0,35.0,131.0,65.0,16.0,245.0,13.0,14.0,133.0,43.0,5.0,8.0,119.0,450.0,232.0,182.0,3944.0,1577.0,7409.0,5386.0,345.0,247.0,461.0,119.0,2023,11,810002999,参考第2表(11月),福井県,136.7941,35.4418,19902.0,450.0
5,5,2023-10-01,18081.0,47.0,19.0,9.0,39.0,116.0,46.0,69.0,70.0,27.0,204.0,326.0,338.0,1147.0,365.0,491.0,483.0,764.0,3481.0,68.0,282.0,593.0,338.0,1944.0,390.0,513.0,690.0,1827.0,996.0,408.0,199.0,32.0,43.0,161.0,122.0,57.0,54.0,96.0,46.0,8.0,108.0,2.0,1.0,40.0,8.0,12.0,1.0,35.0,966.0,47.0,298.0,2545.0,2020.0,6746.0,4633.0,415.0,204.0,172.0,35.0,2023,10,810003002,参考第2表(10月),福井県,136.7465,35.5542,17115.0,966.0
6,6,2023-09-01,9885.0,39.0,7.0,10.0,17.0,6.0,27.0,53.0,38.0,35.0,64.0,200.0,155.0,689.0,493.0,162.0,284.0,460.0,931.0,36.0,190.0,465.0,129.0,1346.0,218.0,429.0,551.0,1377.0,653.0,234.0,65.0,21.0,6.0,72.0,60.0,24.0,35.0,43.0,10.0,23.0,37.0,7.0,3.0,5.0,0.0,2.0,18.0,2.0,154.0,39.0,120.0,1710.0,1096.0,3089.0,3309.0,183.0,111.0,72.0,2.0,2023,9,810003005,参考第2表(9月),福井県,136.8228,35.4284,9731.0,154.0
7,7,2023-08-01,27518.0,44.0,4.0,6.0,20.0,9.0,23.0,12.0,134.0,57.0,117.0,569.0,393.0,1933.0,736.0,330.0,656.0,596.0,2161.0,78.0,359.0,1544.0,435.0,4172.0,843.0,1469.0,1819.0,4415.0,2430.0,892.0,227.0,37.0,25.0,188.0,249.0,35.0,68.0,96.0,33.0,7.0,60.0,8.0,30.0,9.0,0.0,16.0,16.0,24.0,134.0,44.0,74.0,4017.0,1941.0,9155.0,11252.0,534.0,204.0,139.0,24.0,2023,8,810003007,参考第2表(8月),福井県,136.6187,35.259,27384.0,134.0
8,8,2023-07-01,17993.0,26.0,7.0,4.0,26.0,11.0,53.0,63.0,48.0,48.0,128.0,209.0,244.0,884.0,402.0,198.0,495.0,541.0,2727.0,47.0,230.0,973.0,158.0,3017.0,463.0,941.0,911.0,2734.0,1000.0,528.0,138.0,59.0,15.0,155.0,78.0,38.0,47.0,56.0,21.0,12.0,61.0,19.0,10.0,17.0,0.0,6.0,7.0,15.0,123.0,26.0,164.0,2010.0,1464.0,7338.0,6252.0,345.0,136.0,120.0,15.0,2023,7,810003009,参考第2表(7月),福井県,136.5675,35.3687,17870.0,123.0
9,9,2023-06-01,11590.0,24.0,11.0,13.0,30.0,2.0,14.0,56.0,51.0,56.0,35.0,163.0,141.0,531.0,194.0,109.0,442.0,496.0,3561.0,23.0,165.0,345.0,106.0,1152.0,245.0,519.0,416.0,1579.0,425.0,184.0,37.0,4.0,12.0,117.0,53.0,11.0,11.0,30.0,21.0,0.0,81.0,3.0,0.0,3.0,0.0,0.0,1.0,9.0,109.0,24.0,126.0,1194.0,1212.0,5409.0,3160.0,197.0,62.0,88.0,9.0,2023,6,810003011,参考第2表(6月),福井県,136.565,35.5822,11481.0,109.0
10,10,2023-05-01,13106.0,75.0,8.0,7.0,16.0,13.0,53.0,49.0,68.0,49.0,82.0,309.0,219.0,694.0,417.0,144.0,523.0,611.0,2234.0,9.0,112.0,450.0,204.0,1982.0,232.0,499.0,655.0,1489.0,794.0,270.0,60.0,20.0,11.0,95.0,96.0,16.0,50.0,53.0,25.0,2.0,89.0,13.0,11.0,7.0,7.0,5.0,13.0,7.0,259.0,75.0,146.0,1847.0,1390.0,5102.0,3767.0,238.0,130.0,145.0,7.0,2023,5,810003013,参考第2表(5月),福井県,136.7167,35.4993,12847.0,259.0
11,11,2023-04-01,12614.0,55.0,3.0,17.0,29.0,0.0,10.0,5.0,32.0,33.0,54.0,211.0,134.0,693.0,234.0,161.0,357.0,452.0,1910.0,28.0,101.0,355.0,174.0,1353.0,264.0,593.0,505.0,3227.0,537.0,178.0,59.0,6.0,6.0,28.0,45.0,34.0,24.0,19.0,8.0,5.0,57.0,1.0,8.0,211.0,2.0,2.0,4.0,4.0,386.0,55.0,64.0,1419.0,1071.0,4056.0,5099.0,119.0,56.0,285.0,4.0,2023,4,1616669,参考第2表(4月),福井県,136.4267,35.3285,12228.0,386.0
12,12,2023-03-01,18249.0,29.0,13.0,11.0,18.0,14.0,9.0,16.0,118.0,73.0,60.0,228.0,243.0,1174.0,414.0,105.0,492.0,741.0,3717.0,46.0,179.0,821.0,192.0,2175.0,504.0,1148.0,1015.0,2357.0,1055.0,357.0,68.0,22.0,8.0,69.0,88.0,36.0,28.0,188.0,14.0,4.0,74.0,5.0,10.0,10.0,7.0,7.0,2.0,73.0,212.0,29.0,81.0,2356.0,1517.0,7409.0,6000.0,223.0,234.0,115.0,73.0,2023,3,1611685,参考第2表(3月),福井県,136.5592,35.3951,18037.0,212.0
13,13,2023-02-01,12039.0,19.0,3.0,8.0,12.0,0.0,7.0,9.0,31.0,21.0,31.0,175.0,150.0,737.0,204.0,53.0,364.0,523.0,2882.0,19.0,60.0,406.0,101.0,1347.0,271.0,593.0,700.0,1802.0,584.0,269.0,73.0,40.0,2.0,33.0,52.0,12.0,20.0,216.0,19.0,15.0,48.0,12.0,4.0,11.0,4.0,0.0,4.0,22.0,71.0,19.0,39.0,1368.0,1000.0,5007.0,4021.0,139.0,270.0,83.0,22.0,2023,2,1602931,参考第2表(2月),福井県,136.4662,35.4115,11968.0,71.0
14,14,2023-01-01,10441.0,19.0,9.0,4.0,13.0,0.0,2.0,30.0,33.0,18.0,10.0,200.0,116.0,581.0,169.0,45.0,285.0,501.0,2571.0,21.0,62.0,405.0,75.0,1021.0,232.0,572.0,616.0,1581.0,475.0,336.0,78.0,0.0,0.0,20.0,36.0,1.0,19.0,47.0,14.0,7.0,26.0,4.0,4.0,6.0,3.0,1.0,0.0,19.0,154.0,19.0,58.0,1148.0,893.0,4304.0,3658.0,57.0,87.0,44.0,19.0,2023,1,1596098,参考第2表(1月),福井県,136.5167,35.444,10287.0,154.0
15,15,2022-12-01,18881.0,7.0,11.0,7.0,18.0,2.0,22.0,28.0,54.0,34.0,39.0,202.0,197.0,1281.0,335.0,77.0,539.0,701.0,5531.0,77.0,138.0,630.0,211.0,2067.0,493.0,1080.0,920.0,2433.0,701.0,329.0,100.0,12.0,2.0,53.0,79.0,6.0,24.0,42.0,24.0,2.0,69.0,2.0,70.0,8.0,7.0,0.0,6.0,76.0,135.0,7.0,88.0,2219.0,1455.0,8932.0,5563.0,152.0,92.0,162.0,76.0,2022,12,1588919,参考第2表(12月),福井県,136.5293,35.4549,18746.0,135.0
16,16,2022-11-01,21000.0,207.0,23.0,28.0,86.0,29.0,28.0,78.0,110.0,51.0,261.0,409.0,356.0,2116.0,510.0,213.0,426.0,697.0,3380.0,205.0,239.0,675.0,715.0,2720.0,652.0,1058.0,793.0,2179.0,938.0,332.0,100.0,22.0,41.0,111.0,87.0,30.0,39.0,88.0,40.0,24.0,226.0,20.0,156.0,295.0,7.0,14.0,10.0,20.0,156.0,207.0,272.0,4018.0,1575.0,8142.0,5400.0,291.0,191.0,728.0,20.0,2022,11,1583855,参考第2表(11月),福井県,136.8023,35.4623,20844.0,156.0
17,17,2022-10-01,17969.0,49.0,16.0,19.0,40.0,10.0,21.0,24.0,126.0,42.0,84.0,232.0,192.0,844.0,223.0,193.0,362.0,1350.0,4644.0,113.0,238.0,686.0,182.0,1406.0,291.0,531.0,835.0,2974.0,1126.0,279.0,61.0,41.0,23.0,157.0,87.0,11.0,37.0,80.0,59.0,7.0,194.0,4.0,4.0,9.0,13.0,2.0,0.0,4.0,44.0,49.0,130.0,1856.0,2143.0,7209.0,5806.0,319.0,183.0,226.0,4.0,2022,10,1578856,参考第2表(10月),福井県,136.449,35.5247,17925.0,44.0
18,18,2022-09-01,13384.0,27.0,12.0,55.0,59.0,10.0,15.0,36.0,103.0,32.0,41.0,237.0,132.0,1064.0,280.0,95.0,268.0,307.0,2771.0,44.0,127.0,378.0,204.0,1427.0,215.0,582.0,784.0,2238.0,1145.0,285.0,63.0,14.0,12.0,93.0,57.0,15.0,15.0,15.0,17.0,12.0,67.0,2.0,1.0,12.0,6.0,0.0,3.0,7.0,0.0,27.0,187.0,1933.0,797.0,4995.0,5097.0,191.0,59.0,91.0,7.0,2022,9,1572819,参考第2表(9月),福井県,136.6228,35.4158,13384.0,0.0
19,19,2022-08-01,20905.0,24.0,2.0,74.0,60.0,14.0,8.0,26.0,159.0,44.0,129.0,446.0,384.0,1416.0,549.0,128.0,464.0,426.0,2889.0,57.0,263.0,884.0,244.0,3299.0,435.0,1001.0,1346.0,3522.0,1554.0,548.0,118.0,11.0,5.0,90.0,64.0,16.0,15.0,41.0,16.0,0.0,99.0,2.0,3.0,11.0,2.0,0.0,6.0,11.0,0.0,24.0,184.0,3184.0,1281.0,7751.0,8089.0,186.0,72.0,123.0,11.0,2022,8,1518809,参考第2表(8月),福井県,136.6926,35.3431,20905.0,0.0
20,20,2022-07-01,15016.0,66.0,7.0,26.0,24.0,13.0,26.0,42.0,161.0,50.0,82.0,313.0,164.0,609.0,333.0,178.0,366.0,465.0,2293.0,39.0,180.0,668.0,201.0,2539.0,411.0,612.0,837.0,2371.0,1241.0,349.0,69.0,9.0,3.0,57.0,62.0,20.0,6.0,33.0,14.0,2.0,38.0,4.0,2.0,4.0,0.0,4.0,2.0,18.0,3.0,66.0,138.0,1751.0,1189.0,6112.0,5479.0,151.0,55.0,54.0,18.0,2022,7,1513787,参考第2表(7月),福井県,136.628,35.3992,15013.0,3.0
21,21,2022-06-01,12478.0,58.0,3.0,23.0,23.0,7.0,13.0,8.0,114.0,30.0,82.0,145.0,103.0,554.0,193.0,190.0,295.0,241.0,5037.0,17.0,128.0,335.0,176.0,1242.0,218.0,451.0,397.0,1260.0,427.0,410.0,43.0,16.0,8.0,61.0,34.0,5.0,7.0,23.0,6.0,0.0,64.0,2.0,10.0,4.0,6.0,3.0,4.0,2.0,0.0,58.0,77.0,1238.0,854.0,7008.0,2988.0,124.0,36.0,93.0,2.0,2022,6,1498879,参考第2表(6月),福井県,136.5949,35.6519,12478.0,0.0
22,22,2022-05-01,14436.0,76.0,4.0,9.0,40.0,5.0,6.0,27.0,119.0,16.0,48.0,212.0,208.0,1052.0,312.0,95.0,333.0,335.0,3505.0,28.0,156.0,389.0,262.0,2209.0,263.0,592.0,509.0,2085.0,920.0,159.0,60.0,5.0,7.0,57.0,46.0,25.0,33.0,114.0,33.0,9.0,52.0,2.0,6.0,0.0,1.0,6.0,3.0,3.0,0.0,76.0,91.0,1995.0,919.0,6628.0,4325.0,140.0,189.0,70.0,3.0,2022,5,1492188,参考第2表(5月),福井県,136.6891,35.4726,14436.0,0.0
23,23,2022-04-01,12259.0,62.0,4.0,4.0,8.0,2.0,11.0,21.0,36.0,33.0,45.0,252.0,173.0,725.0,262.0,60.0,206.0,203.0,2454.0,20.0,89.0,326.0,89.0,1307.0,193.0,462.0,499.0,3582.0,638.0,163.0,52.0,2.0,23.0,43.0,37.0,1.0,26.0,31.0,7.0,9.0,45.0,7.0,9.0,8.0,1.0,1.0,5.0,20.0,3.0,62.0,50.0,1546.0,558.0,4369.0,5396.0,106.0,73.0,76.0,20.0,2022,4,1488455,参考第2表(4月),福井県,136.4622,35.3182,12256.0,3.0
24,24,2022-03-01,13448.0,43.0,0.0,0.0,6.0,2.0,14.0,9.0,21.0,9.0,40.0,242.0,142.0,796.0,513.0,61.0,161.0,336.0,3581.0,33.0,82.0,554.0,150.0,1770.0,281.0,730.0,775.0,1883.0,735.0,230.0,38.0,2.0,4.0,38.0,49.0,5.0,12.0,20.0,16.0,1.0,24.0,2.0,3.0,11.0,14.0,3.0,2.0,5.0,0.0,43.0,31.0,1796.0,640.0,6336.0,4391.0,98.0,49.0,59.0,5.0,2022,3,1593741,参考第2表(3月),福井県,136.6205,35.438,13448.0,0.0
25,25,2022-02-01,6085.0,11.0,0.0,6.0,2.0,0.0,4.0,6.0,19.0,14.0,18.0,106.0,78.0,355.0,146.0,7.0,91.0,153.0,1308.0,2.0,40.0,246.0,61.0,685.0,116.0,401.0,410.0,1204.0,333.0,139.0,22.0,0.0,0.0,13.0,14.0,3.0,14.0,13.0,8.0,0.0,26.0,0.0,0.0,0.0,4.0,0.0,0.0,7.0,0.0,11.0,18.0,738.0,291.0,2416.0,2509.0,30.0,35.0,30.0,7.0,2022,2,1479844,参考第2表(2月),福井県,136.4974,35.3382,6085.0,0.0
26,26,2022-01-01,8099.0,6.0,0.0,0.0,2.0,6.0,0.0,3.0,25.0,30.0,22.0,127.0,63.0,589.0,159.0,43.0,154.0,198.0,1933.0,18.0,60.0,309.0,83.0,967.0,143.0,473.0,560.0,1408.0,315.0,272.0,30.0,0.0,3.0,11.0,24.0,8.0,9.0,8.0,3.0,7.0,12.0,0.0,2.0,0.0,0.0,3.0,1.0,10.0,0.0,6.0,11.0,1033.0,455.0,3435.0,3058.0,46.0,27.0,18.0,10.0,2022,1,1473828,参考第2表(1月),福井県,136.5704,35.3886,8099.0,0.0
27,27,2021-12-01,22542.0,18.0,0.0,6.0,16.0,3.0,2.0,8.0,25.0,33.0,40.0,204.0,372.0,1139.0,295.0,53.0,334.0,307.0,11880.0,27.0,93.0,459.0,758.0,1559.0,262.0,661.0,589.0,1997.0,432.0,450.0,31.0,10.0,9.0,31.0,225.0,10.0,23.0,102.0,8.0,0.0,42.0,0.0,4.0,2.0,7.0,0.0,3.0,13.0,0.0,18.0,35.0,2135.0,787.0,14918.0,4160.0,285.0,133.0,58.0,13.0,2021,12,1465508,参考第2表(12月),福井県,136.54,35.6554,22542.0,0.0
28,28,2021-11-01,21403.0,28.0,0.0,12.0,36.0,0.0,14.0,33.0,53.0,282.0,315.0,272.0,204.0,1208.0,370.0,149.0,211.0,169.0,7309.0,87.0,148.0,413.0,654.0,4000.0,335.0,625.0,603.0,1695.0,768.0,471.0,174.0,1.0,0.0,33.0,359.0,21.0,16.0,130.0,24.0,7.0,105.0,2.0,10.0,9.0,11.0,25.0,4.0,8.0,0.0,28.0,95.0,2791.0,677.0,12711.0,4336.0,414.0,177.0,166.0,8.0,2021,11,1461319,参考第2表(11月),福井県,136.6704,35.5128,21403.0,0.0
29,29,2021-10-01,16295.0,12.0,3.0,3.0,14.0,9.0,3.0,22.0,59.0,14.0,10.0,148.0,101.0,441.0,175.0,49.0,236.0,191.0,7668.0,28.0,61.0,259.0,63.0,1853.0,178.0,293.0,658.0,2790.0,513.0,216.0,23.0,2.0,4.0,24.0,34.0,23.0,10.0,13.0,8.0,24.0,34.0,0.0,2.0,11.0,1.0,2.0,7.0,3.0,0.0,12.0,54.0,976.0,537.0,10021.0,4493.0,87.0,55.0,57.0,3.0,2021,10,1446517,参考第2表(10月),福井県,136.3441,35.5614,16295.0,0.0
30,30,2021-09-01,7656.0,15.0,0.0,0.0,22.0,0.0,0.0,4.0,21.0,14.0,14.0,84.0,85.0,312.0,125.0,27.0,107.0,186.0,3605.0,7.0,35.0,198.0,28.0,700.0,73.0,291.0,344.0,828.0,267.0,95.0,36.0,1.0,4.0,30.0,28.0,2.0,7.0,15.0,0.0,14.0,12.0,2.0,0.0,1.0,1.0,2.0,4.0,10.0,0.0,15.0,26.0,662.0,355.0,4604.0,1861.0,65.0,36.0,22.0,10.0,2021,9,1443179,参考第2表(9月),福井県,136.4536,35.6171,7656.0,0.0
31,31,2021-08-01,18777.0,152.0,4.0,152.0,188.0,33.0,151.0,98.0,65.0,42.0,255.0,287.0,220.0,633.0,390.0,214.0,213.0,313.0,4521.0,216.0,150.0,585.0,245.0,2294.0,232.0,831.0,1120.0,2149.0,963.0,436.0,58.0,75.0,85.0,67.0,229.0,63.0,58.0,8.0,121.0,2.0,169.0,36.0,71.0,122.0,82.0,0.0,169.0,209.0,1.0,152.0,626.0,2108.0,890.0,7877.0,5557.0,519.0,189.0,649.0,209.0,2021,8,1429247,参考第2表(8月),福井県,136.3524,35.3995,18776.0,1.0
32,32,2021-07-01,15143.0,643.0,0.0,6.0,21.0,94.0,320.0,7.0,229.0,232.0,14.0,130.0,292.0,598.0,317.0,211.0,137.0,170.0,4628.0,12.0,433.0,326.0,279.0,1193.0,150.0,498.0,488.0,1212.0,494.0,158.0,31.0,9.0,0.0,185.0,284.0,132.0,23.0,108.0,161.0,7.0,229.0,48.0,4.0,94.0,2.0,95.0,438.0,1.0,0.0,643.0,448.0,1824.0,951.0,6576.0,2881.0,610.0,299.0,910.0,1.0,2021,7,1425770,参考第2表(7月),福井県,136.5112,35.7744,15143.0,0.0
33,33,2021-06-01,4561.0,15.0,0.0,0.0,8.0,0.0,0.0,6.0,5.0,2.0,11.0,51.0,54.0,191.0,78.0,27.0,58.0,125.0,2170.0,0.0,38.0,110.0,36.0,546.0,42.0,174.0,160.0,389.0,166.0,45.0,4.0,0.0,2.0,12.0,2.0,4.0,0.0,3.0,7.0,5.0,4.0,1.0,0.0,1.0,2.0,5.0,0.0,2.0,0.0,15.0,14.0,392.0,248.0,2904.0,938.0,20.0,15.0,13.0,2.0,2021,6,1420780,参考第2表(6月),福井県,136.5451,35.6696,4561.0,0.0
34,34,2021-05-01,6558.0,22.0,1.0,3.0,17.0,2.0,6.0,9.0,15.0,18.0,33.0,125.0,79.0,384.0,110.0,28.0,129.0,178.0,2691.0,4.0,60.0,203.0,65.0,731.0,96.0,307.0,277.0,513.0,226.0,102.0,8.0,0.0,2.0,17.0,23.0,16.0,11.0,13.0,2.0,0.0,22.0,0.0,3.0,0.0,0.0,5.0,0.0,2.0,0.0,22.0,38.0,768.0,395.0,3786.0,1433.0,58.0,26.0,30.0,2.0,2021,5,1416262,参考第2表(5月),福井県,136.6416,35.6436,6558.0,0.0
35,35,2021-04-01,5926.0,23.0,1.0,0.0,8.0,0.0,0.0,9.0,14.0,4.0,27.0,43.0,60.0,409.0,147.0,21.0,103.0,169.0,1505.0,19.0,63.0,256.0,84.0,811.0,482.0,413.0,248.0,517.0,243.0,71.0,25.0,3.0,0.0,24.0,27.0,6.0,12.0,13.0,5.0,4.0,38.0,0.0,12.0,0.0,2.0,2.0,0.0,2.0,1.0,23.0,18.0,723.0,356.0,3138.0,1517.0,60.0,34.0,54.0,2.0,2021,4,1411542,参考第2表(4月),福井県,136.6396,35.4434,5925.0,1.0
36,36,2021-03-01,18313.0,18.0,0.0,5.0,9.0,2.0,11.0,30.0,40.0,12.0,39.0,121.0,119.0,854.0,209.0,55.0,458.0,417.0,8744.0,18.0,125.0,462.0,76.0,1723.0,240.0,771.0,740.0,1891.0,608.0,260.0,42.0,15.0,0.0,46.0,57.0,12.0,14.0,14.0,8.0,2.0,20.0,3.0,0.0,0.0,7.0,4.0,2.0,10.0,0.0,18.0,57.0,1412.0,1055.0,11245.0,4312.0,130.0,38.0,36.0,10.0,2021,3,1406192,参考第2表(3月),福井県,136.4594,35.6419,18313.0,0.0
37,37,2021-02-01,6384.0,2.0,0.0,4.0,4.0,2.0,0.0,5.0,11.0,4.0,21.0,51.0,50.0,263.0,68.0,35.0,130.0,254.0,2627.0,14.0,44.0,147.0,40.0,535.0,127.0,395.0,328.0,762.0,258.0,114.0,16.0,3.0,0.0,10.0,17.0,11.0,0.0,10.0,0.0,0.0,16.0,0.0,0.0,4.0,0.0,2.0,0.0,0.0,0.0,2.0,15.0,482.0,463.0,3476.0,1873.0,41.0,10.0,22.0,0.0,2021,2,1402241,参考第2表(2月),福井県,136.4173,35.5812,6384.0,0.0
38,38,2021-01-01,5598.0,3.0,0.0,0.0,7.0,0.0,0.0,2.0,10.0,9.0,26.0,21.0,27.0,199.0,60.0,13.0,142.0,298.0,2230.0,8.0,39.0,128.0,53.0,432.0,52.0,323.0,393.0,711.0,210.0,94.0,26.0,5.0,2.0,18.0,19.0,3.0,12.0,5.0,6.0,0.0,6.0,0.0,0.0,2.0,0.0,0.0,0.0,4.0,0.0,3.0,9.0,360.0,492.0,2895.0,1757.0,47.0,23.0,8.0,4.0,2021,1,1395039,参考第2表(1月),福井県,136.3612,35.5739,5598.0,0.0
39,39,2020-12-01,19955.0,41.0,5.0,2.0,14.0,2.0,2.0,20.0,76.0,50.0,91.0,572.0,258.0,2073.0,427.0,74.0,438.0,727.0,4693.0,52.0,150.0,767.0,144.0,2790.0,465.0,1181.0,1062.0,2138.0,754.0,325.0,88.0,1.0,8.0,25.0,88.0,16.0,22.0,25.0,9.0,2.0,215.0,2.0,5.0,10.0,1.0,11.0,5.0,25.0,4.0,41.0,45.0,3599.0,1389.0,8859.0,5548.0,138.0,58.0,249.0,25.0,2020,12,1387590,参考第2表(12月),福井県,136.7745,35.469,19951.0,4.0
40,40,2020-11-01,25119.0,205.0,6.0,8.0,29.0,10.0,19.0,58.0,72.0,74.0,106.0,568.0,400.0,3410.0,568.0,169.0,328.0,583.0,4514.0,138.0,257.0,982.0,346.0,4028.0,643.0,901.0,959.0,3301.0,1020.0,445.0,146.0,9.0,12.0,116.0,204.0,41.0,19.0,23.0,45.0,4.0,264.0,5.0,1.0,10.0,27.0,11.0,6.0,27.0,2.0,205.0,130.0,5336.0,1337.0,10513.0,6772.0,382.0,91.0,324.0,27.0,2020,11,1384547,参考第2表(11月),福井県,136.9155,35.4545,25117.0,2.0
41,41,2020-10-01,20464.0,22.0,8.0,15.0,35.0,6.0,3.0,34.0,73.0,78.0,103.0,351.0,247.0,1910.0,480.0,180.0,471.0,658.0,4216.0,56.0,155.0,867.0,261.0,3371.0,359.0,860.0,797.0,2456.0,1161.0,396.0,142.0,21.0,9.0,83.0,182.0,27.0,35.0,18.0,23.0,5.0,186.0,6.0,9.0,24.0,28.0,6.0,13.0,17.0,1.0,22.0,101.0,3298.0,1464.0,9074.0,5812.0,322.0,81.0,272.0,17.0,2020,10,1379354,参考第2表(10月),福井県,136.7066,35.4258,20463.0,1.0
42,42,2020-09-01,14047.0,57.0,4.0,8.0,33.0,1.0,7.0,31.0,40.0,8.0,68.0,276.0,211.0,577.0,365.0,76.0,198.0,455.0,3748.0,40.0,110.0,516.0,116.0,2057.0,160.0,568.0,780.0,2075.0,841.0,308.0,64.0,6.0,1.0,41.0,66.0,15.0,20.0,30.0,6.0,6.0,46.0,0.0,3.0,1.0,3.0,2.0,2.0,0.0,1.0,57.0,84.0,1585.0,839.0,6597.0,4636.0,129.0,62.0,57.0,0.0,2020,9,1374114,参考第2表(9月),福井県,136.5679,35.4693,14046.0,1.0
43,43,2020-08-01,16953.0,9.0,0.0,6.0,22.0,1.0,18.0,12.0,38.0,31.0,91.0,280.0,133.0,530.0,322.0,68.0,221.0,398.0,5152.0,44.0,97.0,542.0,152.0,1912.0,155.0,831.0,1227.0,2944.0,1051.0,369.0,46.0,4.0,14.0,31.0,48.0,3.0,5.0,16.0,7.0,2.0,75.0,21.0,4.0,2.0,1.0,8.0,2.0,4.0,4.0,9.0,59.0,1469.0,784.0,7913.0,6468.0,100.0,30.0,113.0,4.0,2020,8,1369459,参考第2表(8月),福井県,136.38,35.417,16949.0,4.0
44,44,2020-07-01,14848.0,15.0,5.0,6.0,11.0,6.0,10.0,9.0,57.0,19.0,22.0,92.0,80.0,330.0,119.0,40.0,151.0,141.0,10274.0,12.0,59.0,216.0,77.0,917.0,86.0,238.0,357.0,897.0,343.0,102.0,16.0,8.0,2.0,26.0,28.0,5.0,8.0,5.0,4.0,8.0,19.0,0.0,5.0,2.0,5.0,0.0,4.0,8.0,4.0,15.0,47.0,731.0,391.0,11570.0,1953.0,69.0,25.0,35.0,8.0,2020,7,1364794,参考第2表(7月),福井県,136.3798,35.8156,14844.0,4.0
45,45,2020-06-01,3585.0,11.0,4.0,1.0,5.0,3.0,5.0,4.0,24.0,6.0,10.0,35.0,42.0,185.0,89.0,22.0,93.0,80.0,1477.0,2.0,21.0,122.0,25.0,353.0,45.0,157.0,169.0,324.0,90.0,37.0,13.0,9.0,3.0,16.0,48.0,5.0,5.0,8.0,8.0,4.0,13.0,2.0,1.0,1.0,2.0,1.0,3.0,1.0,1.0,11.0,22.0,393.0,216.0,2022.0,790.0,81.0,25.0,23.0,1.0,2020,6,1360468,参考第2表(6月),福井県,136.5435,35.6288,3584.0,1.0
46,46,2020-05-01,356.0,7.0,0.0,1.0,1.0,1.0,1.0,1.0,2.0,3.0,3.0,15.0,7.0,59.0,22.0,6.0,6.0,7.0,94.0,2.0,6.0,3.0,5.0,21.0,4.0,4.0,9.0,23.0,11.0,3.0,1.0,1.0,1.0,3.0,2.0,1.0,1.0,3.0,1.0,1.0,3.0,0.0,3.0,1.0,1.0,1.0,3.0,1.0,1.0,7.0,5.0,113.0,25.0,127.0,51.0,8.0,6.0,12.0,1.0,2020,5,1355869,参考第2表(5月),福井県,137.2189,35.7082,355.0,1.0
47,47,2020-04-01,1786.0,14.0,1.0,1.0,10.0,3.0,1.0,8.0,26.0,0.0,4.0,22.0,18.0,107.0,33.0,13.0,24.0,86.0,432.0,5.0,9.0,72.0,12.0,246.0,30.0,104.0,124.0,229.0,69.0,27.0,6.0,3.0,0.0,10.0,7.0,4.0,0.0,4.0,9.0,2.0,6.0,0.0,1.0,0.0,0.0,0.0,0.0,0.0,4.0,14.0,24.0,215.0,132.0,792.0,559.0,24.0,15.0,7.0,0.0,2020,4,1350481,参考第2表(4月),福井県,136.6521,35.5462,1782.0,4.0
48,48,2020-03-01,13117.0,237.0,6.0,14.0,41.0,7.0,10.0,33.0,101.0,25.0,48.0,239.0,175.0,858.0,271.0,80.0,316.0,522.0,2083.0,40.0,115.0,641.0,212.0,1952.0,322.0,698.0,834.0,2014.0,615.0,273.0,56.0,6.0,17.0,37.0,54.0,9.0,25.0,20.0,18.0,1.0,46.0,9.0,8.0,2.0,5.0,0.0,9.0,6.0,7.0,237.0,111.0,1757.0,1033.0,5210.0,4490.0,123.0,64.0,79.0,6.0,2020,3,1345427,参考第2表(3月),福井県,136.7497,35.5255,13110.0,7.0
49,49,2020-02-01,29025.0,179.0,36.0,9.0,31.0,9.0,18.0,18.0,89.0,62.0,94.0,413.0,255.0,1561.0,570.0,142.0,680.0,676.0,10028.0,36.0,258.0,857.0,684.0,2257.0,605.0,1270.0,1498.0,3292.0,1059.0,413.0,732.0,14.0,15.0,109.0,231.0,17.0,16.0,43.0,12.0,22.0,104.0,11.0,0.0,60.0,24.0,8.0,23.0,15.0,470.0,179.0,121.0,3080.0,1756.0,14431.0,8264.0,386.0,93.0,230.0,15.0,2020,2,1342341,参考第2表(2月),福井県,136.5365,35.5468,28555.0,470.0
50,50,2020-01-01,25716.0,21.0,12.0,13.0,22.0,2.0,12.0,18.0,45.0,33.0,94.0,385.0,208.0,1299.0,408.0,103.0,549.0,1084.0,8693.0,37.0,138.0,474.0,311.0,2636.0,487.0,982.0,1164.0,3501.0,928.0,430.0,295.0,0.0,22.0,71.0,84.0,33.0,25.0,24.0,22.0,63.0,86.0,0.0,3.0,14.0,2.0,5.0,11.0,55.0,812.0,21.0,79.0,2509.0,1874.0,12601.0,7300.0,210.0,134.0,121.0,55.0,2020,1,1335949,参考第2表(1月),福井県,136.4775,35.505,24904.0,812.0
51,51,2019-12-01,25581.0,112.0,8.0,12.0,27.0,27.0,33.0,20.0,52.0,46.0,124.0,520.0,250.0,1437.0,433.0,118.0,391.0,604.0,9719.0,50.0,180.0,657.0,345.0,3005.0,519.0,1144.0,1017.0,2367.0,715.0,393.0,115.0,114.0,12.0,45.0,88.0,24.0,30.0,31.0,35.0,44.0,65.0,6.0,15.0,20.0,5.0,21.0,22.0,24.0,446.0,112.0,127.0,2912.0,1293.0,14245.0,5751.0,283.0,140.0,154.0,24.0,2019,12,1330002,参考第2表(12月),福井県,136.6131,35.5957,25041.0,540.0
52,52,2019-11-01,36187.0,308.0,22.0,25.0,104.0,17.0,18.0,69.0,148.0,57.0,119.0,595.0,432.0,2965.0,595.0,546.0,917.0,1069.0,9931.0,304.0,421.0,1094.0,1101.0,3722.0,1084.0,1024.0,1078.0,3538.0,1520.0,693.0,164.0,507.0,35.0,191.0,305.0,47.0,97.0,135.0,42.0,23.0,168.0,37.0,48.0,12.0,26.0,43.0,10.0,43.0,639.0,308.0,255.0,5215.0,2953.0,16932.0,8017.0,1085.0,297.0,344.0,43.0,2019,11,1325397,参考第2表(11月),福井県,136.7408,35.5878,35449.0,738.0
53,53,2019-10-01,28735.0,143.0,87.0,26.0,64.0,35.0,82.0,52.0,129.0,167.0,116.0,389.0,322.0,1262.0,490.0,524.0,1086.0,1072.0,8413.0,100.0,483.0,844.0,1110.0,2871.0,431.0,738.0,934.0,3128.0,1195.0,287.0,142.0,54.0,43.0,227.0,339.0,62.0,139.0,53.0,66.0,33.0,137.0,10.0,58.0,50.0,9.0,38.0,81.0,53.0,561.0,143.0,346.0,2975.0,3165.0,13669.0,6424.0,725.0,291.0,383.0,53.0,2019,10,1321280,参考第2表(10月),福井県,136.6123,35.6018,28174.0,561.0
54,54,2019-09-01,26413.0,302.0,65.0,41.0,135.0,24.0,57.0,38.0,131.0,132.0,269.0,515.0,374.0,2128.0,645.0,402.0,522.0,866.0,5690.0,113.0,346.0,768.0,425.0,2678.0,611.0,759.0,1115.0,3782.0,1125.0,509.0,109.0,69.0,31.0,299.0,417.0,65.0,47.0,87.0,25.0,17.0,124.0,9.0,17.0,21.0,13.0,4.0,7.0,7.0,478.0,302.0,360.0,4307.0,2136.0,10172.0,7399.0,881.0,176.0,195.0,7.0,2019,9,1317978,参考第2表(9月),福井県,136.7733,35.5831,25935.0,478.0
55,55,2019-08-01,43942.0,47.0,41.0,20.0,91.0,17.0,39.0,102.0,181.0,181.0,308.0,1151.0,706.0,3201.0,1149.0,618.0,887.0,643.0,5040.0,112.0,577.0,1680.0,726.0,5623.0,1367.0,1862.0,2626.0,8051.0,3588.0,1277.0,333.0,49.0,29.0,227.0,339.0,45.0,64.0,117.0,42.0,29.0,152.0,4.0,23.0,44.0,10.0,12.0,22.0,8.0,482.0,47.0,310.0,6989.0,2725.0,14436.0,17737.0,689.0,252.0,267.0,8.0,2019,8,1314286,参考第2表(8月),福井県,136.6734,35.3057,43460.0,482.0
56,56,2019-07-01,28996.0,114.0,41.0,17.0,45.0,42.0,16.0,81.0,140.0,71.0,94.0,495.0,399.0,1546.0,647.0,285.0,708.0,874.0,5735.0,49.0,393.0,1262.0,360.0,3616.0,670.0,1008.0,1292.0,4844.0,1791.0,605.0,278.0,34.0,37.0,224.0,124.0,51.0,106.0,123.0,53.0,24.0,70.0,12.0,8.0,23.0,8.0,9.0,31.0,16.0,525.0,114.0,242.0,3441.0,2260.0,11643.0,9818.0,470.0,306.0,161.0,16.0,2019,7,1309596,参考第2表(7月),福井県,136.5797,35.4257,28471.0,525.0
57,57,2019-06-01,27538.0,90.0,32.0,19.0,84.0,20.0,44.0,120.0,244.0,107.0,349.0,300.0,245.0,1383.0,462.0,458.0,620.0,1084.0,7521.0,103.0,385.0,613.0,189.0,2969.0,516.0,508.0,1270.0,4485.0,686.0,342.0,105.0,39.0,110.0,112.0,214.0,20.0,113.0,227.0,66.0,87.0,138.0,8.0,17.0,11.0,11.0,46.0,76.0,12.0,878.0,90.0,319.0,3193.0,2547.0,11808.0,7396.0,495.0,493.0,307.0,12.0,2019,6,1304386,参考第2表(6月),福井県,136.5631,35.5514,26660.0,878.0
58,58,2019-05-01,28802.0,201.0,37.0,22.0,96.0,48.0,27.0,107.0,187.0,127.0,156.0,550.0,347.0,2345.0,603.0,295.0,648.0,997.0,5708.0,207.0,364.0,734.0,409.0,2333.0,898.0,757.0,1265.0,4510.0,1267.0,500.0,185.0,32.0,16.0,196.0,291.0,35.0,84.0,267.0,65.0,15.0,136.0,7.0,81.0,84.0,14.0,17.0,49.0,10.0,1473.0,201.0,337.0,4522.0,2304.0,10082.0,8484.0,570.0,431.0,388.0,10.0,2019,5,1300946,参考第2表(5月),福井県,136.6807,35.4881,27329.0,1473.0
59,59,2019-04-01,23690.0,261.0,12.0,16.0,57.0,23.0,35.0,54.0,81.0,36.0,90.0,371.0,242.0,1930.0,626.0,266.0,315.0,364.0,3964.0,91.0,193.0,536.0,303.0,1859.0,362.0,539.0,773.0,6977.0,836.0,272.0,128.0,16.0,44.0,155.0,183.0,50.0,29.0,67.0,54.0,37.0,130.0,4.0,16.0,13.0,10.0,4.0,44.0,24.0,1198.0,261.0,197.0,3467.0,1138.0,7024.0,9525.0,448.0,187.0,221.0,24.0,2019,4,1295994,参考第2表(4月),福井県,136.5657,35.3771,22492.0,1198.0
60,60,2019-03-01,35642.0,98.0,8.0,28.0,57.0,12.0,35.0,59.0,96.0,113.0,125.0,542.0,282.0,6244.0,458.0,202.0,773.0,907.0,8934.0,162.0,310.0,1398.0,337.0,3420.0,619.0,1525.0,1519.0,4126.0,1398.0,440.0,128.0,16.0,27.0,243.0,192.0,58.0,59.0,90.0,26.0,29.0,95.0,4.0,11.0,19.0,6.0,7.0,14.0,12.0,379.0,98.0,199.0,8022.0,2192.0,14708.0,9136.0,536.0,204.0,156.0,12.0,2019,3,1291373,参考第2表(3月),福井県,136.9609,35.5346,35263.0,379.0
61,61,2019-02-01,32493.0,38.0,7.0,44.0,16.0,6.0,7.0,12.0,90.0,49.0,55.0,261.0,204.0,4184.0,365.0,56.0,727.0,856.0,11300.0,75.0,146.0,811.0,253.0,2677.0,287.0,1347.0,1544.0,3764.0,815.0,306.0,244.0,5.0,9.0,151.0,65.0,8.0,32.0,32.0,12.0,83.0,294.0,2.0,4.0,19.0,2.0,101.0,19.0,21.0,1024.0,38.0,92.0,5283.0,1785.0,15328.0,8020.0,238.0,159.0,441.0,21.0,2019,2,1287456,参考第2表(2月),福井県,136.6791,35.5471,31405.0,1088.0
62,62,2019-01-01,30093.0,34.0,4.0,15.0,22.0,0.0,6.0,25.0,54.0,36.0,65.0,265.0,217.0,4492.0,282.0,94.0,433.0,968.0,9941.0,23.0,85.0,825.0,181.0,2584.0,370.0,1313.0,1610.0,3715.0,713.0,388.0,264.0,4.0,0.0,56.0,64.0,8.0,21.0,28.0,12.0,14.0,298.0,17.0,4.0,40.0,11.0,1.0,1.0,9.0,396.0,34.0,72.0,5434.0,1580.0,13901.0,8003.0,132.0,75.0,372.0,9.0,2019,1,1282241,参考第2表(1月),福井県,136.7398,35.5355,29612.0,481.0
63,63,2018-12-01,39505.0,98.0,13.0,20.0,87.0,35.0,18.0,91.0,103.0,119.0,138.0,354.0,242.0,4465.0,465.0,304.0,501.0,882.0,18532.0,48.0,208.0,973.0,559.0,2883.0,581.0,908.0,1216.0,3095.0,881.0,355.0,167.0,7.0,31.0,62.0,131.0,37.0,25.0,171.0,16.0,5.0,96.0,25.0,2.0,9.0,2.0,1.0,11.0,10.0,427.0,98.0,264.0,5934.0,1895.0,23528.0,6622.0,268.0,217.0,146.0,10.0,2018,12,1274859,参考第2表(12月),福井県,136.7704,35.7156,38982.0,523.0
64,64,2018-11-01,38072.0,154.0,26.0,25.0,129.0,47.0,34.0,160.0,205.0,161.0,305.0,597.0,391.0,4933.0,671.0,413.0,1034.0,1144.0,10914.0,353.0,545.0,1231.0,715.0,4106.0,620.0,1206.0,1254.0,3449.0,1146.0,377.0,119.0,7.0,41.0,201.0,188.0,43.0,56.0,107.0,174.0,15.0,163.0,26.0,17.0,47.0,19.0,31.0,16.0,27.0,325.0,154.0,421.0,7616.0,3136.0,17586.0,7551.0,480.0,352.0,319.0,27.0,2018,11,1270912,参考第2表(11月),福井県,136.9614,35.6294,37642.0,430.0
65,65,2018-10-01,31712.0,279.0,215.0,113.0,62.0,101.0,94.0,22.0,518.0,95.0,146.0,618.0,524.0,3563.0,628.0,294.0,585.0,466.0,10789.0,82.0,329.0,748.0,1509.0,1781.0,278.0,578.0,934.0,1959.0,551.0,162.0,443.0,33.0,98.0,116.0,180.0,351.0,213.0,89.0,417.0,75.0,182.0,172.0,25.0,309.0,130.0,84.0,94.0,187.0,395.0,279.0,607.0,6174.0,1674.0,15105.0,4627.0,778.0,794.0,996.0,187.0,2018,10,1267081,参考第2表(10月),福井県,136.7647,35.6011,31221.0,491.0
66,66,2018-09-01,32401.0,125.0,50.0,100.0,64.0,135.0,65.0,44.0,156.0,150.0,105.0,510.0,339.0,4692.0,392.0,239.0,536.0,661.0,7904.0,64.0,263.0,945.0,877.0,2294.0,404.0,569.0,1955.0,4931.0,1171.0,381.0,157.0,98.0,76.0,133.0,316.0,333.0,72.0,59.0,179.0,72.0,157.0,28.0,13.0,183.0,64.0,77.0,174.0,24.0,65.0,125.0,458.0,6408.0,1699.0,12424.0,9164.0,956.0,382.0,696.0,24.0,2018,9,1263226,参考第2表(9月),福井県,136.7105,35.4636,32336.0,65.0
67,67,2018-08-01,47064.0,63.0,18.0,23.0,47.0,28.0,50.0,54.0,142.0,118.0,184.0,709.0,447.0,9388.0,838.0,421.0,848.0,661.0,3912.0,106.0,435.0,1966.0,428.0,5841.0,944.0,1376.0,2775.0,9561.0,2947.0,1022.0,369.0,54.0,29.0,167.0,164.0,148.0,108.0,108.0,66.0,7.0,117.0,17.0,4.0,21.0,10.0,6.0,18.0,9.0,150.0,63.0,220.0,11932.0,2365.0,13091.0,18050.0,562.0,289.0,193.0,9.0,2018,8,1258931,参考第2表(8月),福井県,136.9797,35.3107,46774.0,290.0
68,68,2018-07-01,29134.0,85.0,16.0,25.0,67.0,10.0,15.0,56.0,127.0,73.0,97.0,308.0,284.0,4588.0,457.0,283.0,634.0,515.0,6436.0,38.0,319.0,1063.0,188.0,4160.0,603.0,762.0,1107.0,3814.0,1415.0,444.0,149.0,29.0,47.0,105.0,80.0,32.0,36.0,199.0,34.0,20.0,78.0,5.0,6.0,31.0,3.0,3.0,12.0,77.0,93.0,85.0,189.0,5972.0,1751.0,12450.0,7691.0,293.0,289.0,138.0,77.0,2018,7,1255551,参考第2表(7月),福井県,136.903,35.4705,28935.0,199.0
69,69,2018-06-01,25549.0,234.0,22.0,12.0,92.0,49.0,4.0,104.0,59.0,75.0,95.0,180.0,196.0,3652.0,420.0,527.0,641.0,521.0,9184.0,16.0,260.0,749.0,307.0,1808.0,310.0,486.0,643.0,2153.0,813.0,382.0,56.0,51.0,47.0,106.0,140.0,25.0,37.0,38.0,30.0,0.0,83.0,2.0,7.0,10.0,2.0,16.0,22.0,3.0,780.0,234.0,283.0,4693.0,1949.0,12358.0,4533.0,369.0,105.0,142.0,3.0,2018,6,1251331,参考第2表(6月),福井県,136.9686,35.7635,24669.0,880.0
70,70,2018-05-01,26532.0,240.0,22.0,21.0,52.0,9.0,20.0,50.0,137.0,71.0,156.0,450.0,259.0,4699.0,634.0,262.0,428.0,807.0,6106.0,35.0,455.0,1221.0,490.0,2064.0,364.0,554.0,667.0,2650.0,712.0,263.0,257.0,20.0,20.0,108.0,215.0,86.0,69.0,108.0,30.0,27.0,104.0,3.0,4.0,22.0,6.0,6.0,28.0,1.0,1394.0,240.0,174.0,6441.0,1952.0,10245.0,5103.0,449.0,234.0,173.0,1.0,2018,5,1247508,参考第2表(5月),福井県,137.145,35.6342,25012.0,1520.0
71,71,2018-04-01,28979.0,273.0,15.0,34.0,35.0,4.0,64.0,109.0,76.0,52.0,127.0,258.0,171.0,4238.0,424.0,181.0,464.0,835.0,6492.0,21.0,227.0,789.0,411.0,2562.0,310.0,408.0,1151.0,5967.0,681.0,192.0,76.0,2.0,18.0,100.0,235.0,49.0,30.0,73.0,13.0,13.0,54.0,10.0,9.0,23.0,21.0,9.0,7.0,13.0,1515.0,273.0,261.0,5367.0,1707.0,10564.0,8475.0,404.0,129.0,133.0,13.0,2018,4,1240838,参考第2表(4月),福井県,136.8591,35.5362,27326.0,1653.0
72,72,2018-03-01,37000.0,334.0,21.0,4.0,33.0,73.0,9.0,13.0,56.0,53.0,82.0,269.0,227.0,5120.0,391.0,115.0,620.0,781.0,9949.0,85.0,374.0,732.0,355.0,3988.0,572.0,942.0,1210.0,3745.0,950.0,357.0,117.0,10.0,8.0,346.0,43.0,55.0,32.0,24.0,43.0,18.0,82.0,15.0,8.0,21.0,10.0,3.0,17.0,17.0,207.0,334.0,153.0,6283.0,1890.0,15596.0,7321.0,462.0,117.0,156.0,17.0,2018,3,1264411,参考第2表(3月),福井県,136.9155,35.6205,32329.0,4671.0
73,73,2018-02-01,26506.0,18.0,6.0,44.0,22.0,4.0,8.0,38.0,22.0,16.0,42.0,154.0,152.0,2985.0,194.0,62.0,434.0,1281.0,9019.0,32.0,85.0,488.0,181.0,2169.0,141.0,529.0,1268.0,2831.0,545.0,318.0,129.0,0.0,0.0,136.0,54.0,5.0,15.0,11.0,4.0,3.0,25.0,2.0,0.0,16.0,0.0,4.0,4.0,86.0,340.0,18.0,122.0,3597.0,1862.0,11998.0,5620.0,195.0,33.0,51.0,86.0,2018,2,1264410,参考第2表(2月),福井県,136.6958,35.6006,23582.0,2924.0
74,74,2018-01-01,31723.0,38.0,14.0,4.0,49.0,0.0,0.0,13.0,37.0,11.0,50.0,144.0,132.0,4020.0,271.0,37.0,774.0,1895.0,9413.0,42.0,67.0,670.0,322.0,2897.0,291.0,1009.0,1232.0,3191.0,827.0,345.0,116.0,0.0,7.0,62.0,105.0,5.0,16.0,25.0,4.0,6.0,31.0,16.0,2.0,14.0,7.0,0.0,0.0,14.0,237.0,38.0,80.0,4707.0,2773.0,13593.0,6720.0,179.0,51.0,70.0,14.0,2018,1,1264409,参考第2表(1月),福井県,136.7927,35.6145,28225.0,3498.0
75,75,2017-12-01,38910.0,61.0,1.0,6.0,31.0,4.0,0.0,49.0,50.0,23.0,55.0,199.0,230.0,4854.0,314.0,86.0,529.0,1888.0,17874.0,83.0,93.0,719.0,332.0,2844.0,489.0,972.0,1847.0,3010.0,646.0,374.0,219.0,4.0,9.0,107.0,42.0,0.0,45.0,30.0,35.0,15.0,35.0,2.0,14.0,36.0,3.0,35.0,16.0,21.0,349.0,61.0,91.0,5808.0,2596.0,22258.0,7068.0,162.0,125.0,141.0,21.0,2017,12,1264407,参考第2表(12月),福井県,136.731,35.6975,38331.0,579.0
76,76,2017-11-01,37005.0,236.0,7.0,29.0,81.0,20.0,21.0,81.0,161.0,83.0,213.0,420.0,398.0,5534.0,599.0,382.0,514.0,908.0,11158.0,132.0,451.0,1498.0,696.0,4110.0,699.0,764.0,1391.0,3281.0,988.0,212.0,226.0,22.0,46.0,68.0,165.0,36.0,122.0,43.0,38.0,54.0,420.0,5.0,8.0,41.0,19.0,50.0,117.0,10.0,315.0,236.0,239.0,7540.0,2255.0,18161.0,6862.0,337.0,257.0,660.0,10.0,2017,11,1264406,参考第2表(11月),福井県,136.9328,35.6023,36557.0,448.0
77,77,2017-10-01,29241.0,151.0,41.0,39.0,76.0,53.0,62.0,62.0,141.0,86.0,134.0,309.0,295.0,4638.0,459.0,531.0,980.0,654.0,8901.0,183.0,485.0,859.0,422.0,2703.0,473.0,399.0,791.0,2854.0,697.0,145.0,76.0,21.0,71.0,136.0,225.0,57.0,20.0,12.0,38.0,21.0,233.0,95.0,17.0,43.0,7.0,33.0,9.0,17.0,331.0,151.0,333.0,6245.0,2650.0,13358.0,4962.0,510.0,91.0,437.0,17.0,2017,10,1264404,参考第2表(10月),福井県,137.0048,35.6887,28754.0,487.0
78,78,2017-09-01,24434.0,212.0,40.0,43.0,48.0,6.0,103.0,72.0,91.0,76.0,119.0,338.0,217.0,4876.0,354.0,147.0,339.0,924.0,6340.0,28.0,242.0,642.0,364.0,2120.0,281.0,400.0,658.0,3420.0,663.0,259.0,74.0,27.0,10.0,93.0,118.0,18.0,26.0,44.0,21.0,15.0,174.0,0.0,2.0,9.0,8.0,43.0,34.0,2.0,93.0,212.0,312.0,6099.0,1652.0,9747.0,5474.0,266.0,106.0,270.0,2.0,2017,9,1264403,参考第2表(9月),福井県,137.103,35.6321,24140.0,294.0
79,79,2017-08-01,41802.0,47.0,4.0,11.0,68.0,12.0,9.0,83.0,91.0,88.0,160.0,520.0,387.0,8421.0,661.0,275.0,685.0,525.0,4635.0,60.0,416.0,2000.0,376.0,4979.0,989.0,1334.0,2300.0,7804.0,2611.0,798.0,282.0,41.0,35.0,170.0,205.0,20.0,40.0,100.0,34.0,18.0,65.0,13.0,5.0,21.0,5.0,10.0,25.0,21.0,101.0,47.0,187.0,10388.0,1901.0,12979.0,15129.0,471.0,192.0,144.0,21.0,2017,8,1264401,参考第2表(8月),福井県,136.9813,35.329,41459.0,343.0
80,80,2017-07-01,27303.0,33.0,11.0,62.0,56.0,1.0,19.0,56.0,49.0,79.0,108.0,322.0,283.0,5335.0,396.0,149.0,690.0,483.0,5557.0,23.0,248.0,918.0,156.0,3333.0,412.0,854.0,949.0,3989.0,1226.0,399.0,110.0,30.0,36.0,162.0,113.0,55.0,34.0,56.0,25.0,9.0,164.0,7.0,2.0,88.0,8.0,2.0,34.0,2.0,170.0,33.0,205.0,6595.0,1570.0,10376.0,7527.0,396.0,124.0,305.0,2.0,2017,7,1264400,参考第2表(7月),福井県,136.9736,35.4634,27133.0,170.0
81,81,2017-06-01,23965.0,76.0,2.0,23.0,40.0,20.0,15.0,93.0,33.0,47.0,42.0,74.0,117.0,3258.0,247.0,111.0,478.0,750.0,7896.0,7.0,106.0,508.0,119.0,1144.0,122.0,200.0,284.0,1680.0,280.0,80.0,42.0,9.0,32.0,46.0,33.0,21.0,27.0,22.0,78.0,9.0,248.0,7.0,5.0,15.0,0.0,145.0,19.0,3.0,763.0,76.0,193.0,3825.0,1445.0,9789.0,2566.0,141.0,136.0,439.0,3.0,2017,6,1264399,参考第2表(6月),福井県,136.8645,35.7219,18613.0,5352.0
82,82,2017-05-01,25048.0,113.0,9.0,105.0,662.0,12.0,25.0,378.0,110.0,154.0,317.0,611.0,277.0,4726.0,680.0,523.0,399.0,593.0,4655.0,33.0,407.0,587.0,494.0,1947.0,353.0,390.0,622.0,2008.0,832.0,423.0,413.0,18.0,56.0,92.0,388.0,51.0,42.0,22.0,39.0,8.0,358.0,6.0,86.0,44.0,13.0,102.0,6.0,6.0,694.0,113.0,1191.0,6908.0,1922.0,8036.0,4688.0,605.0,111.0,615.0,6.0,2017,5,1264398,参考第2表(5月),福井県,137.2901,35.6709,24195.0,853.0
83,83,2017-04-01,26140.0,168.0,26.0,20.0,28.0,8.0,10.0,42.0,74.0,107.0,80.0,208.0,204.0,3904.0,322.0,120.0,389.0,379.0,6297.0,32.0,353.0,678.0,365.0,2705.0,176.0,420.0,823.0,5347.0,585.0,280.0,113.0,5.0,184.0,463.0,64.0,32.0,67.0,41.0,142.0,6.0,135.0,63.0,10.0,43.0,8.0,68.0,4.0,0.0,542.0,168.0,134.0,4931.0,1241.0,10221.0,7568.0,748.0,256.0,331.0,0.0,2017,4,1264397,参考第2表(4月),福井県,136.737,35.4669,25598.0,542.0
84,84,2017-03-01,34813.0,211.0,29.0,11.0,45.0,31.0,21.0,57.0,92.0,161.0,74.0,317.0,214.0,4961.0,494.0,97.0,538.0,872.0,12623.0,44.0,310.0,1159.0,182.0,2462.0,512.0,1344.0,1249.0,4289.0,1034.0,418.0,117.0,8.0,6.0,82.0,79.0,31.0,48.0,96.0,20.0,15.0,65.0,20.0,0.0,9.0,5.0,5.0,16.0,8.0,221.0,211.0,194.0,6357.0,1817.0,16938.0,8451.0,206.0,179.0,120.0,8.0,2017,3,1264396,参考第2表(3月),福井県,136.8333,35.6349,34481.0,332.0
85,85,2017-02-01,30002.0,23.0,7.0,6.0,12.0,7.0,11.0,8.0,43.0,60.0,66.0,186.0,199.0,3770.0,286.0,75.0,319.0,1048.0,11757.0,73.0,128.0,670.0,228.0,2928.0,272.0,1280.0,1004.0,3365.0,896.0,363.0,146.0,2.0,9.0,56.0,19.0,10.0,14.0,34.0,37.0,5.0,46.0,15.0,0.0,29.0,4.0,12.0,4.0,11.0,355.0,23.0,51.0,4683.0,1570.0,15855.0,7054.0,96.0,90.0,110.0,11.0,2017,2,1264395,参考第2表(2月),福井県,136.7235,35.5957,29543.0,459.0
86,86,2017-01-01,29052.0,33.0,3.0,7.0,4.0,21.0,2.0,8.0,64.0,32.0,47.0,171.0,231.0,4415.0,349.0,58.0,919.0,994.0,10244.0,29.0,87.0,672.0,131.0,2860.0,298.0,1022.0,1362.0,3112.0,743.0,298.0,271.0,8.0,0.0,39.0,36.0,4.0,27.0,14.0,14.0,0.0,44.0,15.0,2.0,17.0,3.0,6.0,0.0,9.0,327.0,33.0,45.0,5338.0,2058.0,14205.0,6808.0,87.0,55.0,87.0,9.0,2017,1,1264394,参考第2表(1月),福井県,136.8421,35.6069,28725.0,327.0
87,87,2016-12-01,36465.0,16.0,6.0,148.0,30.0,7.0,2.0,15.0,51.0,78.0,75.0,170.0,119.0,4132.0,406.0,82.0,406.0,996.0,18416.0,57.0,158.0,752.0,176.0,3238.0,478.0,980.0,1148.0,2394.0,703.0,282.0,84.0,5.0,4.0,178.0,91.0,20.0,34.0,25.0,20.0,7.0,43.0,5.0,14.0,26.0,3.0,9.0,3.0,0.0,237.0,16.0,208.0,5088.0,1642.0,23060.0,5591.0,298.0,86.0,103.0,0.0,2016,12,1264393,参考第2表(12月),福井県,136.7173,35.7275,36092.0,373.0
88,88,2016-11-01,36774.0,155.0,43.0,11.0,164.0,29.0,61.0,168.0,174.0,372.0,171.0,465.0,356.0,5707.0,515.0,398.0,711.0,550.0,10858.0,282.0,614.0,1075.0,539.0,4873.0,737.0,762.0,782.0,2733.0,1348.0,381.0,272.0,2.0,12.0,115.0,185.0,121.0,56.0,134.0,24.0,85.0,108.0,70.0,43.0,43.0,14.0,84.0,14.0,27.0,240.0,155.0,476.0,8042.0,2273.0,18082.0,6278.0,435.0,299.0,376.0,27.0,2016,11,1264392,参考第2表(11月),福井県,137.0388,35.6218,36443.0,331.0
89,89,2016-10-01,22791.0,460.0,52.0,23.0,59.0,33.0,26.0,54.0,109.0,158.0,331.0,228.0,424.0,4910.0,357.0,507.0,354.0,273.0,4593.0,71.0,333.0,816.0,398.0,2168.0,331.0,273.0,748.0,2337.0,792.0,180.0,119.0,12.0,12.0,65.0,227.0,116.0,50.0,30.0,19.0,55.0,99.0,8.0,5.0,57.0,15.0,76.0,167.0,31.0,230.0,460.0,247.0,6588.0,1467.0,8306.0,4449.0,432.0,154.0,427.0,31.0,2016,10,1264391,参考第2表(10月),福井県,137.2613,35.6757,22561.0,230.0
90,90,2016-09-01,26629.0,917.0,38.0,69.0,121.0,11.0,35.0,84.0,118.0,63.0,98.0,324.0,503.0,5049.0,458.0,228.0,353.0,765.0,5107.0,45.0,277.0,816.0,658.0,2744.0,302.0,493.0,889.0,3609.0,924.0,224.0,97.0,26.0,127.0,97.0,142.0,45.0,20.0,416.0,39.0,2.0,55.0,10.0,16.0,17.0,2.0,5.0,52.0,4.0,135.0,917.0,358.0,6658.0,1623.0,9627.0,6236.0,437.0,477.0,157.0,4.0,2016,9,1264390,参考第2表(9月),福井県,137.2364,35.7607,26494.0,135.0
91,91,2016-08-01,43629.0,41.0,23.0,9.0,70.0,9.0,27.0,39.0,211.0,152.0,265.0,640.0,513.0,8485.0,722.0,210.0,765.0,346.0,5077.0,62.0,388.0,2427.0,442.0,4716.0,1134.0,1362.0,2925.0,7488.0,2964.0,925.0,427.0,31.0,8.0,210.0,88.0,36.0,53.0,123.0,60.0,13.0,35.0,6.0,7.0,14.0,1.0,6.0,25.0,7.0,42.0,41.0,177.0,11050.0,1709.0,13796.0,16091.0,373.0,249.0,94.0,7.0,2016,8,1264389,参考第2表(8月),福井県,136.9965,35.3323,43587.0,42.0
92,92,2016-07-01,30053.0,52.0,50.0,64.0,40.0,26.0,21.0,101.0,227.0,45.0,143.0,456.0,239.0,5397.0,454.0,218.0,534.0,467.0,6041.0,70.0,246.0,1787.0,278.0,2817.0,562.0,870.0,1360.0,4097.0,1635.0,590.0,160.0,18.0,36.0,82.0,136.0,25.0,95.0,294.0,17.0,21.0,31.0,24.0,19.0,17.0,6.0,2.0,6.0,3.0,174.0,52.0,302.0,7031.0,1465.0,11485.0,8712.0,297.0,427.0,105.0,3.0,2016,7,1264388,参考第2表(7月),福井県,136.9835,35.473,29879.0,174.0
93,93,2016-06-01,28071.0,83.0,9.0,62.0,70.0,40.0,40.0,419.0,116.0,190.0,92.0,511.0,230.0,4022.0,620.0,929.0,257.0,600.0,8298.0,41.0,322.0,748.0,262.0,2560.0,426.0,509.0,1037.0,2932.0,1156.0,136.0,199.0,6.0,33.0,148.0,159.0,51.0,132.0,100.0,71.0,10.0,97.0,2.0,27.0,5.0,0.0,147.0,14.0,1.0,152.0,83.0,640.0,5822.0,2108.0,12294.0,5969.0,397.0,313.0,292.0,1.0,2016,6,1264387,参考第2表(6月),福井県,137.006,35.6597,27919.0,152.0
94,94,2016-05-01,27832.0,109.0,50.0,63.0,87.0,14.0,27.0,87.0,115.0,186.0,177.0,530.0,329.0,5696.0,507.0,274.0,469.0,602.0,5501.0,58.0,440.0,1041.0,443.0,2461.0,288.0,428.0,1044.0,3263.0,1176.0,220.0,198.0,17.0,38.0,96.0,353.0,36.0,143.0,75.0,119.0,13.0,56.0,12.0,10.0,13.0,11.0,45.0,6.0,9.0,897.0,109.0,328.0,7598.0,1785.0,9734.0,6329.0,540.0,350.0,153.0,9.0,2016,5,1264386,参考第2表(5月),福井県,137.1732,35.5569,26935.0,897.0
95,95,2016-04-01,26433.0,86.0,8.0,11.0,40.0,198.0,8.0,104.0,70.0,48.0,171.0,380.0,325.0,4534.0,415.0,233.0,422.0,391.0,6218.0,25.0,245.0,849.0,365.0,2134.0,379.0,536.0,925.0,4765.0,610.0,273.0,244.0,21.0,17.0,325.0,105.0,22.0,75.0,78.0,17.0,12.0,43.0,17.0,2.0,11.0,6.0,35.0,15.0,4.0,616.0,86.0,369.0,5968.0,1291.0,9945.0,7353.0,490.0,182.0,129.0,4.0,2016,4,1264385,参考第2表(4月),福井県,136.9766,35.5224,25817.0,616.0
96,96,2016-03-01,21831.0,44.0,46.0,21.0,39.0,177.0,23.0,20.0,65.0,40.0,81.0,151.0,153.0,4272.0,339.0,61.0,320.0,482.0,6454.0,19.0,157.0,801.0,239.0,2082.0,477.0,848.0,745.0,2012.0,683.0,283.0,62.0,3.0,9.0,83.0,58.0,11.0,57.0,24.0,30.0,8.0,79.0,12.0,6.0,12.0,10.0,2.0,6.0,1.0,224.0,44.0,326.0,5120.0,1020.0,10053.0,4633.0,164.0,119.0,127.0,1.0,2016,3,1156998,参考第2表(3月),福井県,137.0655,35.6118,21607.0,224.0
97,97,2016-02-01,22102.0,15.0,3.0,13.0,14.0,17.0,7.0,8.0,43.0,17.0,66.0,104.0,110.0,3676.0,267.0,15.0,318.0,922.0,7768.0,142.0,179.0,764.0,185.0,2330.0,257.0,649.0,769.0,1766.0,411.0,309.0,85.0,0.0,6.0,25.0,35.0,9.0,41.0,33.0,10.0,9.0,28.0,9.0,35.0,11.0,3.0,2.0,15.0,3.0,599.0,15.0,62.0,4425.0,1434.0,11304.0,3989.0,75.0,93.0,103.0,3.0,2016,2,1129643,参考第2表(2月),福井県,136.9409,35.6291,21503.0,599.0
98,98,2016-01-01,31613.0,28.0,11.0,14.0,15.0,14.0,4.0,13.0,58.0,36.0,69.0,197.0,192.0,4249.0,359.0,77.0,447.0,1864.0,11279.0,3.0,142.0,796.0,247.0,3027.0,364.0,1139.0,1394.0,3353.0,853.0,480.0,122.0,14.0,8.0,25.0,105.0,18.0,6.0,59.0,2.0,0.0,34.0,7.0,3.0,18.0,2.0,8.0,26.0,6.0,426.0,28.0,71.0,5163.0,2530.0,15713.0,7341.0,170.0,67.0,98.0,6.0,2016,1,1125093,参考第2表(1月),福井県,136.7716,35.6143,31187.0,426.0
99,99,2015-12-01,39869.0,39.0,54.0,6.0,41.0,24.0,5.0,28.0,57.0,18.0,97.0,554.0,241.0,3872.0,380.0,69.0,329.0,1722.0,18556.0,234.0,233.0,774.0,189.0,4293.0,560.0,1085.0,1255.0,3015.0,872.0,293.0,255.0,2.0,1.0,71.0,68.0,19.0,43.0,54.0,10.0,10.0,58.0,10.0,1.0,16.0,7.0,5.0,7.0,3.0,334.0,39.0,158.0,5453.0,2353.0,24372.0,6775.0,161.0,117.0,104.0,3.0,2015,12,1121052,参考第2表(12月),福井県,136.7095,35.6972,39535.0,334.0
100,100,2015-11-01,31173.0,200.0,28.0,40.0,54.0,13.0,23.0,67.0,117.0,99.0,84.0,318.0,268.0,6024.0,467.0,374.0,687.0,871.0,8240.0,411.0,843.0,685.0,522.0,2839.0,381.0,572.0,893.0,2668.0,968.0,687.0,76.0,8.0,28.0,212.0,95.0,25.0,49.0,58.0,49.0,9.0,298.0,9.0,25.0,89.0,156.0,13.0,35.0,9.0,382.0,200.0,225.0,7788.0,2775.0,12667.0,5864.0,368.0,165.0,625.0,9.0,2015,11,1117488,参考第2表(11月),福井県,137.0953,35.6374,30686.0,487.0
101,101,2015-10-01,28316.0,388.0,11.0,28.0,60.0,17.0,35.0,88.0,146.0,87.0,134.0,534.0,224.0,6422.0,491.0,432.0,413.0,1221.0,7217.0,205.0,367.0,855.0,242.0,1505.0,569.0,939.0,906.0,2409.0,770.0,207.0,82.0,15.0,26.0,92.0,297.0,16.0,25.0,26.0,48.0,36.0,87.0,7.0,11.0,85.0,3.0,34.0,8.0,9.0,332.0,388.0,239.0,8243.0,2433.0,10388.0,5313.0,446.0,135.0,235.0,9.0,2015,10,1114691,参考第2表(10月),福井県,137.2791,35.7359,27829.0,487.0
102,102,2015-09-01,26275.0,66.0,19.0,7.0,154.0,13.0,17.0,105.0,103.0,59.0,162.0,350.0,274.0,6330.0,463.0,239.0,332.0,691.0,4330.0,26.0,306.0,915.0,275.0,2552.0,226.0,444.0,1089.0,3735.0,1265.0,335.0,72.0,25.0,27.0,90.0,207.0,30.0,33.0,431.0,23.0,15.0,57.0,2.0,31.0,8.0,0.0,5.0,6.0,1.0,330.0,66.0,315.0,7767.0,1568.0,8298.0,6940.0,379.0,502.0,109.0,1.0,2015,9,1111766,参考第2表(9月),福井県,137.1993,35.4968,25945.0,330.0
103,103,2015-08-01,38779.0,56.0,21.0,34.0,24.0,11.0,35.0,43.0,144.0,86.0,221.0,407.0,311.0,6729.0,551.0,247.0,501.0,726.0,4476.0,34.0,328.0,2633.0,416.0,4616.0,987.0,1293.0,2538.0,6575.0,2617.0,872.0,344.0,16.0,56.0,86.0,103.0,11.0,56.0,89.0,29.0,28.0,43.0,8.0,0.0,37.0,2.0,2.0,18.0,6.0,103.0,56.0,168.0,8483.0,1802.0,13128.0,14239.0,272.0,202.0,110.0,6.0,2015,8,1108117,参考第2表(8月),福井県,136.9052,35.3357,38466.0,313.0
104,104,2015-07-01,26925.0,51.0,17.0,92.0,36.0,39.0,13.0,44.0,78.0,29.0,103.0,240.0,183.0,5628.0,337.0,640.0,384.0,594.0,5928.0,23.0,194.0,1147.0,165.0,2303.0,378.0,1098.0,1168.0,3428.0,1184.0,394.0,204.0,9.0,63.0,73.0,33.0,11.0,42.0,60.0,39.0,8.0,47.0,0.0,21.0,15.0,0.0,2.0,10.0,3.0,177.0,51.0,241.0,6621.0,1812.0,9921.0,7476.0,189.0,149.0,95.0,3.0,2015,7,1105264,参考第2表(7月),福井県,137.0905,35.5593,26558.0,367.0
105,105,2015-06-01,22453.0,74.0,48.0,24.0,98.0,57.0,44.0,148.0,52.0,147.0,83.0,197.0,169.0,4547.0,241.0,249.0,419.0,584.0,5631.0,10.0,249.0,592.0,109.0,1904.0,177.0,553.0,398.0,2551.0,944.0,306.0,37.0,20.0,26.0,68.0,213.0,19.0,46.0,341.0,26.0,13.0,51.0,7.0,0.0,58.0,6.0,140.0,4.0,5.0,659.0,74.0,419.0,5446.0,1501.0,8413.0,4789.0,346.0,426.0,266.0,5.0,2015,6,1101807,参考第2表(6月),福井県,137.0402,35.5987,21685.0,768.0
106,106,2015-05-01,25627.0,95.0,19.0,22.0,189.0,14.0,20.0,157.0,107.0,54.0,135.0,295.0,240.0,5516.0,397.0,134.0,378.0,535.0,4796.0,129.0,246.0,736.0,209.0,2109.0,349.0,614.0,801.0,4028.0,815.0,210.0,55.0,7.0,12.0,160.0,64.0,16.0,54.0,52.0,10.0,6.0,96.0,6.0,11.0,20.0,2.0,126.0,119.0,3.0,1342.0,95.0,421.0,6873.0,1293.0,8199.0,6523.0,259.0,122.0,380.0,3.0,2015,5,1098944,参考第2表(5月),福井県,137.1383,35.5032,24168.0,1459.0
107,107,2015-04-01,18516.0,32.0,7.0,4.0,131.0,8.0,3.0,34.0,32.0,20.0,53.0,129.0,212.0,4431.0,281.0,47.0,128.0,349.0,1980.0,11.0,64.0,352.0,93.0,1078.0,159.0,266.0,361.0,6055.0,877.0,126.0,54.0,13.0,11.0,41.0,96.0,17.0,2.0,28.0,3.0,6.0,33.0,3.0,5.0,2.0,0.0,3.0,7.0,4.0,771.0,32.0,187.0,5169.0,588.0,3662.0,7739.0,178.0,39.0,53.0,4.0,2015,4,1094679,参考第2表(4月),福井県,137.0109,35.3053,17651.0,865.0
108,108,2015-03-01,18722.0,12.0,11.0,14.0,21.0,2.0,4.0,31.0,42.0,37.0,28.0,100.0,103.0,4334.0,248.0,107.0,180.0,644.0,3267.0,23.0,174.0,688.0,309.0,2645.0,273.0,868.0,1314.0,1877.0,471.0,186.0,113.0,8.0,5.0,39.0,62.0,17.0,10.0,57.0,11.0,4.0,33.0,6.0,2.0,10.0,3.0,0.0,8.0,4.0,212.0,12.0,83.0,4915.0,1105.0,7182.0,4829.0,131.0,82.0,62.0,4.0,2015,3,1094678,参考第2表(3月),福井県,137.1693,35.4766,18405.0,317.0
109,109,2015-02-01,16060.0,20.0,7.0,2.0,6.0,0.0,9.0,9.0,28.0,8.0,11.0,78.0,101.0,3032.0,234.0,52.0,118.0,914.0,2933.0,28.0,44.0,557.0,567.0,2499.0,248.0,846.0,919.0,1491.0,308.0,269.0,96.0,2.0,3.0,24.0,23.0,5.0,5.0,71.0,18.0,5.0,25.0,7.0,3.0,10.0,2.0,0.0,36.0,16.0,217.0,20.0,33.0,3520.0,1128.0,6804.0,3929.0,57.0,99.0,83.0,16.0,2015,2,1094678,参考第2表(2月),福井県,137.0533,35.4551,15689.0,371.0
110,110,2015-01-01,15826.0,26.0,0.0,5.0,17.0,2.0,6.0,6.0,22.0,14.0,10.0,92.0,114.0,2907.0,181.0,26.0,164.0,1115.0,3612.0,10.0,29.0,260.0,380.0,2520.0,291.0,912.0,459.0,1665.0,345.0,180.0,77.0,0.0,0.0,21.0,13.0,7.0,4.0,39.0,11.0,9.0,13.0,1.0,4.0,5.0,3.0,0.0,35.0,3.0,98.0,26.0,36.0,3350.0,1334.0,7063.0,3638.0,41.0,63.0,61.0,3.0,2015,1,1094678,参考第2表(1月),福井県,137.0228,35.5211,15615.0,211.0
111,111,2014-12-01,19204.0,23.0,9.0,4.0,26.0,6.0,41.0,48.0,29.0,15.0,10.0,80.0,127.0,2912.0,249.0,84.0,130.0,368.0,6111.0,1.0,74.0,481.0,274.0,2674.0,236.0,750.0,536.0,1479.0,342.0,160.0,35.0,1.0,5.0,1235.0,135.0,3.0,9.0,15.0,13.0,22.0,32.0,5.0,5.0,1.0,4.0,7.0,7.0,3.0,189.0,23.0,134.0,3423.0,656.0,9776.0,3302.0,1379.0,59.0,61.0,3.0,2014,12,1084376,参考第2表(12月),福井県,136.7531,35.5271,18816.0,388.0
112,112,2014-11-01,18213.0,90.0,11.0,4.0,24.0,25.0,16.0,8.0,34.0,104.0,32.0,95.0,116.0,3984.0,309.0,138.0,220.0,601.0,4524.0,20.0,138.0,398.0,211.0,1922.0,416.0,979.0,412.0,1542.0,721.0,167.0,75.0,15.0,10.0,98.0,61.0,51.0,32.0,41.0,63.0,1.0,47.0,9.0,3.0,9.0,3.0,0.0,13.0,5.0,269.0,90.0,88.0,4694.0,1097.0,7471.0,3896.0,235.0,137.0,84.0,5.0,2014,11,1084376,参考第2表(11月),福井県,137.1237,35.5793,17797.0,416.0
113,113,2014-10-01,14796.0,162.0,1.0,9.0,68.0,31.0,12.0,8.0,29.0,42.0,250.0,139.0,117.0,3799.0,216.0,157.0,127.0,462.0,3444.0,8.0,86.0,307.0,91.0,1220.0,316.0,423.0,334.0,1769.0,337.0,245.0,42.0,9.0,39.0,31.0,74.0,42.0,8.0,16.0,51.0,13.0,23.0,0.0,2.0,9.0,15.0,0.0,0.0,14.0,130.0,162.0,129.0,4600.0,832.0,5378.0,3150.0,195.0,88.0,49.0,14.0,2014,10,1084376,参考第2表(10月),福井県,137.3109,35.6502,14597.0,199.0
114,114,2014-09-01,11909.0,60.0,18.0,0.0,25.0,45.0,15.0,35.0,40.0,25.0,51.0,101.0,97.0,2685.0,223.0,103.0,139.0,206.0,1980.0,10.0,103.0,495.0,69.0,887.0,187.0,285.0,497.0,2472.0,461.0,155.0,22.0,10.0,6.0,92.0,32.0,13.0,12.0,22.0,9.0,0.0,34.0,4.0,2.0,2.0,2.0,0.0,1.0,0.0,141.0,60.0,138.0,3232.0,551.0,3618.0,3892.0,153.0,43.0,45.0,0.0,2014,9,1064055,参考第2表(9月),福井県,137.1028,35.4779,11732.0,177.0
115,115,2014-08-01,28057.0,27.0,4.0,7.0,9.0,12.0,8.0,20.0,42.0,34.0,88.0,191.0,200.0,5706.0,477.0,157.0,304.0,572.0,1398.0,51.0,156.0,1581.0,239.0,3447.0,559.0,894.0,3689.0,4987.0,1787.0,620.0,233.0,14.0,15.0,78.0,53.0,21.0,33.0,50.0,18.0,23.0,49.0,2.0,4.0,0.0,6.0,7.0,9.0,8.0,39.0,27.0,60.0,6789.0,1189.0,7224.0,12210.0,181.0,124.0,77.0,8.0,2014,8,1064055,参考第2表(8月),福井県,136.9233,35.2528,27889.0,168.0
116,116,2014-07-01,14215.0,25.0,0.0,6.0,13.0,6.0,25.0,9.0,45.0,22.0,22.0,115.0,122.0,3059.0,206.0,74.0,158.0,494.0,2249.0,14.0,145.0,858.0,102.0,1464.0,312.0,357.0,885.0,2038.0,675.0,261.0,89.0,0.0,3.0,53.0,26.0,11.0,32.0,23.0,3.0,9.0,42.0,2.0,7.0,8.0,3.0,8.0,12.0,4.0,63.0,25.0,59.0,3605.0,871.0,4985.0,4305.0,93.0,67.0,82.0,4.0,2014,7,1064055,参考第2表(7月),福井県,137.0463,35.4292,14096.0,119.0
117,117,2014-06-01,11338.0,18.0,15.0,18.0,35.0,34.0,10.0,34.0,27.0,33.0,15.0,79.0,119.0,1878.0,153.0,359.0,131.0,903.0,3429.0,6.0,56.0,176.0,79.0,856.0,101.0,236.0,400.0,912.0,334.0,88.0,55.0,18.0,35.0,40.0,26.0,15.0,0.0,54.0,6.0,6.0,43.0,0.0,133.0,5.0,2.0,2.0,76.0,6.0,194.0,18.0,146.0,2310.0,1449.0,4641.0,2025.0,134.0,66.0,261.0,6.0,2014,6,1055475,参考第2表(6月),福井県,136.9086,35.7024,11056.0,282.0
118,118,2014-05-01,12484.0,67.0,5.0,8.0,7.0,0.0,18.0,72.0,37.0,36.0,86.0,111.0,74.0,2966.0,206.0,102.0,203.0,269.0,2608.0,7.0,66.0,381.0,124.0,1141.0,177.0,278.0,538.0,1305.0,621.0,135.0,39.0,13.0,12.0,45.0,82.0,31.0,15.0,14.0,40.0,25.0,53.0,3.0,0.0,6.0,4.0,4.0,24.0,1.0,312.0,67.0,110.0,3523.0,640.0,4431.0,2916.0,183.0,94.0,94.0,1.0,2014,5,1055475,参考第2表(5月),福井県,137.1743,35.5479,12059.0,425.0
119,119,2014-04-01,14033.0,18.0,2.0,2.0,5.0,8.0,4.0,29.0,26.0,7.0,14.0,89.0,66.0,2804.0,161.0,71.0,302.0,292.0,1773.0,6.0,49.0,224.0,72.0,782.0,115.0,249.0,241.0,5196.0,420.0,107.0,54.0,12.0,9.0,30.0,46.0,6.0,7.0,165.0,5.0,2.0,20.0,3.0,9.0,6.0,8.0,2.0,74.0,0.0,348.0,18.0,50.0,3173.0,714.0,2966.0,6267.0,103.0,179.0,122.0,0.0,2014,4,1055475,参考第2表(4月),福井県,136.7327,35.2595,13592.0,441.0
120,120,2014-03-01,16653.0,10.0,3.0,4.0,23.0,26.0,6.0,41.0,32.0,14.0,44.0,89.0,91.0,3572.0,179.0,47.0,204.0,744.0,3186.0,9.0,188.0,547.0,111.0,2227.0,453.0,481.0,781.0,1600.0,425.0,271.0,94.0,11.0,50.0,71.0,239.0,9.0,18.0,173.0,101.0,43.0,19.0,45.0,4.0,1.0,9.0,5.0,34.0,6.0,143.0,10.0,103.0,4030.0,1183.0,6524.0,3652.0,380.0,335.0,117.0,6.0,2014,3,1046407,参考第2表(3月),福井県,136.9768,35.4633,16340.0,313.0
121,121,2014-02-01,15217.0,20.0,5.0,3.0,5.0,2.0,0.0,9.0,13.0,8.0,11.0,70.0,81.0,2145.0,249.0,46.0,96.0,1517.0,3513.0,9.0,14.0,340.0,224.0,2092.0,155.0,672.0,498.0,1608.0,325.0,198.0,99.0,1.0,235.0,104.0,96.0,5.0,30.0,227.0,72.0,4.0,27.0,2.0,0.0,2.0,6.0,1.0,1.0,6.0,183.0,20.0,24.0,2586.0,1673.0,6324.0,3400.0,441.0,333.0,39.0,6.0,2014,2,1046407,参考第2表(2月),福井県,136.7299,35.5289,14846.0,371.0
122,122,2014-01-01,16147.0,21.0,2.0,7.0,21.0,2.0,4.0,4.0,18.0,21.0,22.0,88.0,91.0,2488.0,178.0,39.0,147.0,1061.0,3394.0,10.0,40.0,502.0,159.0,2322.0,192.0,889.0,551.0,1533.0,297.0,98.0,42.0,949.0,412.0,27.0,118.0,2.0,18.0,67.0,23.0,4.0,6.0,1.0,6.0,2.0,0.0,0.0,7.0,0.0,142.0,21.0,40.0,2916.0,1287.0,6569.0,3410.0,1508.0,112.0,22.0,0.0,2014,1,1046407,参考第2表(1月),福井県,136.6759,35.5323,15885.0,262.0
123,123,2013-12-01,20120.0,24.0,3.0,9.0,13.0,39.0,5.0,5.0,56.0,15.0,30.0,78.0,72.0,2624.0,282.0,28.0,164.0,1712.0,6218.0,15.0,27.0,227.0,79.0,2935.0,251.0,718.0,679.0,1378.0,340.0,140.0,48.0,1082.0,108.0,21.0,45.0,6.0,22.0,120.0,7.0,5.0,34.0,2.0,7.0,0.0,0.0,1.0,2.0,6.0,262.0,24.0,74.0,3172.0,1931.0,9710.0,3303.0,1262.0,154.0,46.0,6.0,2013,12,1030332,参考第2表(12月),福井県,136.6967,35.6465,19682.0,438.0
124,124,2013-11-01,17460.0,32.0,4.0,40.0,16.0,30.0,6.0,82.0,26.0,27.0,29.0,102.0,122.0,5557.0,245.0,214.0,246.0,1153.0,3850.0,12.0,117.0,318.0,152.0,1489.0,219.0,522.0,404.0,1103.0,381.0,202.0,63.0,49.0,41.0,47.0,42.0,7.0,10.0,17.0,18.0,57.0,18.0,2.0,9.0,3.0,0.0,3.0,6.0,13.0,152.0,32.0,178.0,6120.0,1730.0,6028.0,2675.0,186.0,102.0,41.0,13.0,2013,11,1030332,参考第2表(11月),福井県,137.5295,35.6867,17105.0,355.0
125,125,2013-10-01,12489.0,32.0,9.0,14.0,17.0,11.0,8.0,16.0,110.0,22.0,22.0,101.0,96.0,2767.0,212.0,353.0,262.0,226.0,2716.0,6.0,112.0,216.0,138.0,1699.0,134.0,264.0,372.0,1104.0,298.0,133.0,32.0,2.0,127.0,34.0,83.0,24.0,4.0,41.0,13.0,28.0,17.0,5.0,14.0,2.0,7.0,5.0,1.0,19.0,351.0,32.0,75.0,3336.0,953.0,4903.0,2203.0,270.0,86.0,51.0,19.0,2013,10,1030332,参考第2表(10月),福井県,137.2438,35.6127,11928.0,561.0
126,126,2013-09-01,17242.0,99.0,28.0,4.0,17.0,10.0,34.0,14.0,67.0,43.0,69.0,168.0,128.0,2964.0,429.0,109.0,314.0,323.0,3351.0,109.0,262.0,459.0,262.0,2204.0,224.0,552.0,828.0,2130.0,715.0,232.0,63.0,6.0,36.0,55.0,108.0,38.0,30.0,49.0,19.0,12.0,66.0,4.0,4.0,5.0,3.0,10.0,4.0,6.0,242.0,99.0,107.0,3977.0,1008.0,6500.0,4520.0,243.0,110.0,96.0,6.0,2013,9,1021874,参考第2表(9月),福井県,137.0304,35.5091,16666.0,576.0
127,127,2013-08-01,37679.0,49.0,2.0,11.0,28.0,5.0,32.0,23.0,102.0,56.0,132.0,271.0,230.0,5156.0,468.0,201.0,754.0,574.0,2802.0,34.0,179.0,1363.0,295.0,4382.0,802.0,1082.0,7592.0,5990.0,2738.0,960.0,268.0,32.0,23.0,81.0,78.0,15.0,32.0,45.0,32.0,16.0,44.0,0.0,0.0,10.0,4.0,2.0,0.0,10.0,112.0,49.0,101.0,6449.0,1708.0,9644.0,18630.0,229.0,125.0,60.0,10.0,2013,8,1021874,参考第2表(8月),福井県,136.6597,35.2441,37005.0,674.0
128,128,2013-07-01,22060.0,49.0,47.0,50.0,84.0,23.0,117.0,55.0,129.0,36.0,141.0,223.0,169.0,3189.0,274.0,270.0,798.0,367.0,3801.0,48.0,252.0,871.0,137.0,3042.0,387.0,680.0,1321.0,2598.0,877.0,469.0,69.0,122.0,198.0,156.0,301.0,26.0,15.0,188.0,18.0,31.0,29.0,1.0,13.0,7.0,0.0,0.0,16.0,2.0,95.0,49.0,376.0,4209.0,1687.0,8238.0,6014.0,803.0,252.0,66.0,2.0,2013,7,1021874,参考第2表(7月),福井県,136.8707,35.5134,21696.0,364.0
129,129,2013-06-01,10577.0,11.0,2.0,4.0,15.0,7.0,9.0,5.0,83.0,25.0,21.0,143.0,100.0,1528.0,143.0,378.0,492.0,179.0,3556.0,25.0,22.0,174.0,74.0,679.0,204.0,211.0,237.0,678.0,180.0,89.0,27.0,4.0,99.0,152.0,311.0,3.0,5.0,10.0,7.0,0.0,30.0,4.0,13.0,0.0,6.0,2.0,4.0,0.0,332.0,11.0,42.0,2068.0,1071.0,4687.0,1422.0,569.0,22.0,59.0,0.0,2013,6,1011736,参考第2表(6月),福井県,136.8904,35.732,9951.0,626.0
130,130,2013-05-01,10887.0,67.0,56.0,41.0,14.0,1.0,7.0,7.0,73.0,81.0,22.0,117.0,87.0,2444.0,237.0,139.0,113.0,232.0,2095.0,40.0,133.0,327.0,92.0,924.0,147.0,212.0,540.0,1374.0,286.0,115.0,36.0,0.0,22.0,49.0,114.0,23.0,17.0,74.0,20.0,14.0,12.0,1.0,5.0,8.0,2.0,9.0,2.0,4.0,209.0,67.0,126.0,3101.0,617.0,3585.0,2563.0,208.0,125.0,39.0,4.0,2013,5,1011736,参考第2表(5月),福井県,137.2315,35.5897,10435.0,452.0
131,131,2013-04-01,13680.0,28.0,4.0,1.0,7.0,0.0,10.0,82.0,71.0,28.0,18.0,76.0,80.0,2625.0,125.0,36.0,69.0,364.0,1804.0,8.0,25.0,212.0,99.0,700.0,118.0,130.0,228.0,5198.0,181.0,128.0,22.0,6.0,0.0,43.0,7.0,10.0,23.0,10.0,24.0,1.0,78.0,0.0,3.0,8.0,9.0,4.0,3.0,2.0,560.0,28.0,104.0,3031.0,494.0,2933.0,5887.0,66.0,58.0,105.0,2.0,2013,4,1011736,参考第2表(4月),福井県,136.7904,35.2845,12708.0,972.0
132,132,2013-03-01,13041.0,17.0,11.0,19.0,6.0,2.0,4.0,12.0,16.0,9.0,17.0,72.0,99.0,2913.0,285.0,49.0,144.0,560.0,2990.0,59.0,78.0,314.0,86.0,1226.0,295.0,444.0,656.0,1300.0,273.0,213.0,51.0,3.0,10.0,35.0,123.0,4.0,13.0,60.0,6.0,5.0,13.0,15.0,3.0,7.0,0.0,0.0,4.0,3.0,234.0,17.0,54.0,3470.0,831.0,4911.0,2937.0,175.0,84.0,42.0,3.0,2013,3,1001820,参考第2表(3月),福井県,137.1262,35.5381,12524.0,517.0
133,133,2013-02-01,11970.0,3.0,0.0,21.0,11.0,0.0,2.0,8.0,35.0,15.0,33.0,74.0,59.0,1639.0,173.0,18.0,105.0,642.0,3542.0,5.0,136.0,327.0,140.0,1360.0,214.0,432.0,675.0,1194.0,204.0,181.0,62.0,2.0,0.0,37.0,28.0,5.0,10.0,71.0,11.0,4.0,23.0,5.0,3.0,7.0,0.0,3.0,3.0,0.0,204.0,3.0,42.0,2033.0,901.0,5583.0,2748.0,72.0,96.0,44.0,0.0,2013,2,1001820,参考第2表(2月),福井県,136.8314,35.5608,11522.0,448.0
134,134,2013-01-01,11771.0,8.0,4.0,2.0,15.0,8.0,4.0,16.0,24.0,21.0,27.0,69.0,91.0,1474.0,214.0,33.0,93.0,571.0,3742.0,41.0,31.0,233.0,331.0,1331.0,166.0,316.0,543.0,1228.0,238.0,160.0,34.0,1.0,0.0,36.0,71.0,0.0,4.0,83.0,2.0,47.0,44.0,0.0,20.0,7.0,0.0,0.0,0.0,7.0,148.0,8.0,49.0,1961.0,728.0,5803.0,2519.0,108.0,136.0,71.0,7.0,2013,1,1001820,参考第2表(1月),福井県,136.7941,35.5433,11390.0,381.0
135,135,2012-12-01,25161.0,13.0,4.0,1.0,16.0,2.0,19.0,32.0,11.0,29.0,14.0,32.0,87.0,1634.0,301.0,106.0,264.0,746.0,12805.0,10.0,82.0,452.0,122.0,2644.0,385.0,1056.0,734.0,1781.0,526.0,386.0,34.0,7.0,0.0,76.0,46.0,18.0,4.0,73.0,2.0,50.0,30.0,0.0,9.0,5.0,0.0,0.0,0.0,9.0,218.0,13.0,74.0,2118.0,1198.0,16408.0,4517.0,147.0,129.0,44.0,9.0,2012,12,990267,参考第2表(12月),福井県,136.5185,35.6833,24657.0,504.0
136,136,2012-11-01,24234.0,46.0,6.0,23.0,21.0,28.0,20.0,110.0,84.0,35.0,55.0,176.0,153.0,1567.0,322.0,751.0,442.0,745.0,9023.0,139.0,136.0,1074.0,443.0,2243.0,606.0,572.0,939.0,2284.0,728.0,349.0,148.0,2.0,32.0,67.0,54.0,20.0,44.0,90.0,17.0,17.0,38.0,12.0,16.0,31.0,9.0,37.0,17.0,2.0,164.0,46.0,208.0,2531.0,2074.0,13389.0,5020.0,175.0,168.0,160.0,2.0,2012,11,990267,参考第2表(11月),福井県,136.6775,35.6631,23773.0,461.0
137,137,2012-10-01,18828.0,26.0,0.0,26.0,28.0,6.0,6.0,185.0,83.0,57.0,23.0,186.0,179.0,1693.0,319.0,814.0,638.0,437.0,5741.0,75.0,117.0,459.0,480.0,1847.0,231.0,486.0,879.0,1819.0,551.0,144.0,59.0,12.0,11.0,72.0,89.0,29.0,29.0,340.0,22.0,5.0,40.0,8.0,10.0,4.0,6.0,7.0,6.0,2.0,236.0,26.0,251.0,2615.0,2006.0,8758.0,3938.0,213.0,396.0,81.0,2.0,2012,10,990267,参考第2表(10月),福井県,136.8486,35.6766,18286.0,542.0
138,138,2012-09-01,17717.0,26.0,26.0,54.0,61.0,26.0,72.0,104.0,51.0,42.0,48.0,143.0,164.0,1512.0,393.0,368.0,351.0,700.0,4405.0,28.0,104.0,411.0,182.0,1372.0,228.0,551.0,947.0,2542.0,618.0,365.0,46.0,10.0,8.0,62.0,37.0,14.0,8.0,1130.0,13.0,7.0,45.0,0.0,25.0,7.0,4.0,9.0,7.0,0.0,86.0,26.0,343.0,2381.0,1523.0,6598.0,5069.0,131.0,1158.0,97.0,0.0,2012,9,233100,参考第2表(9月),福井県,136.5934,35.5176,17326.0,391.0
139,139,2012-08-01,39905.0,59.0,9.0,163.0,20.0,27.0,60.0,20.0,171.0,152.0,42.0,280.0,155.0,3173.0,350.0,200.0,492.0,803.0,4654.0,103.0,153.0,1552.0,222.0,4521.0,1175.0,1466.0,6223.0,7831.0,2629.0,1024.0,379.0,19.0,91.0,116.0,96.0,16.0,29.0,121.0,16.0,18.0,17.0,111.0,56.0,97.0,11.0,98.0,3.0,44.0,210.0,59.0,299.0,4426.0,1648.0,12124.0,19552.0,338.0,184.0,393.0,44.0,2012,8,233100,参考第2表(8月),福井県,136.3903,35.2248,39067.0,838.0
140,140,2012-07-01,18468.0,13.0,11.0,53.0,39.0,7.0,57.0,98.0,53.0,28.0,51.0,154.0,92.0,1210.0,156.0,322.0,357.0,557.0,4509.0,34.0,130.0,776.0,108.0,1950.0,433.0,631.0,1293.0,2971.0,1140.0,413.0,145.0,8.0,13.0,55.0,31.0,16.0,24.0,46.0,22.0,12.0,26.0,21.0,5.0,13.0,3.0,10.0,3.0,10.0,101.0,13.0,265.0,1778.0,1366.0,7776.0,6593.0,123.0,104.0,81.0,10.0,2012,7,233100,参考第2表(7月),福井県,136.524,35.4659,18109.0,359.0
141,141,2012-06-01,15964.0,10.0,8.0,0.0,57.0,0.0,46.0,20.0,27.0,36.0,76.0,66.0,193.0,1200.0,195.0,328.0,619.0,446.0,6225.0,24.0,87.0,487.0,162.0,861.0,161.0,495.0,393.0,2545.0,342.0,130.0,95.0,10.0,26.0,43.0,23.0,13.0,12.0,53.0,6.0,10.0,21.0,7.0,30.0,5.0,9.0,5.0,3.0,2.0,152.0,10.0,131.0,1817.0,1480.0,7896.0,4000.0,115.0,81.0,80.0,2.0,2012,6,223996,参考第2表(6月),福井県,136.6246,35.6617,15612.0,352.0
142,142,2012-05-01,17518.0,40.0,5.0,0.0,13.0,34.0,28.0,25.0,59.0,19.0,31.0,103.0,147.0,1469.0,222.0,163.0,381.0,2234.0,5203.0,18.0,114.0,459.0,131.0,1352.0,271.0,502.0,1138.0,1473.0,471.0,180.0,38.0,19.0,14.0,65.0,441.0,9.0,8.0,47.0,66.0,7.0,48.0,6.0,8.0,12.0,12.0,6.0,3.0,2.0,199.0,40.0,105.0,2068.0,2892.0,7416.0,3802.0,548.0,128.0,95.0,2.0,2012,5,223996,参考第2表(5月),福井県,136.5741,35.6824,17096.0,422.0
143,143,2012-04-01,21141.0,36.0,0.0,25.0,7.0,10.0,582.0,101.0,18.0,9.0,6.0,101.0,88.0,1530.0,248.0,92.0,220.0,477.0,4373.0,4.0,75.0,325.0,130.0,1167.0,269.0,413.0,608.0,8210.0,718.0,191.0,48.0,9.0,29.0,61.0,83.0,28.0,32.0,5.0,68.0,3.0,50.0,1.0,2.0,7.0,5.0,11.0,0.0,0.0,372.0,36.0,725.0,2004.0,864.0,6264.0,10188.0,210.0,108.0,76.0,0.0,2012,4,223996,参考第2表(4月),福井県,136.3974,35.3534,20475.0,666.0
144,144,2012-03-01,22971.0,35.0,6.0,29.0,116.0,32.0,248.0,22.0,50.0,6.0,59.0,102.0,95.0,1768.0,395.0,149.0,301.0,977.0,8333.0,6.0,176.0,444.0,472.0,2080.0,429.0,801.0,1174.0,2686.0,655.0,292.0,168.0,20.0,12.0,109.0,68.0,16.0,22.0,27.0,10.0,14.0,56.0,5.0,0.0,12.0,6.0,3.0,2.0,0.0,182.0,35.0,453.0,2481.0,1603.0,11758.0,5776.0,225.0,73.0,84.0,0.0,2012,3,223964,参考第2表(3月),福井県,136.6595,35.6278,22488.0,483.0
145,145,2012-02-01,20360.0,5.0,13.0,21.0,4.0,3.0,86.0,5.0,96.0,8.0,64.0,106.0,111.0,1189.0,397.0,68.0,365.0,919.0,7604.0,16.0,62.0,336.0,1007.0,1555.0,294.0,585.0,1036.0,2518.0,630.0,374.0,106.0,4.0,21.0,29.0,111.0,10.0,16.0,44.0,12.0,6.0,42.0,4.0,10.0,6.0,1.0,14.0,5.0,2.0,227.0,5.0,132.0,1987.0,1414.0,10796.0,5249.0,175.0,78.0,82.0,2.0,2012,2,223964,参考第2表(2月),福井県,136.5901,35.5645,19920.0,440.0
146,146,2012-01-01,19993.0,20.0,12.0,3.0,37.0,6.0,8.0,19.0,79.0,43.0,86.0,139.0,137.0,1049.0,504.0,37.0,271.0,946.0,7569.0,12.0,36.0,393.0,459.0,1447.0,249.0,557.0,1146.0,2583.0,528.0,322.0,322.0,0.0,2.0,35.0,88.0,5.0,38.0,11.0,8.0,6.0,12.0,0.0,9.0,0.0,10.0,0.0,7.0,3.0,509.0,20.0,85.0,2049.0,1290.0,10117.0,5458.0,130.0,63.0,38.0,3.0,2012,1,223964,参考第2表(1月),福井県,136.5455,35.5676,19253.0,740.0
147,147,2011-12-01,27836.0,20.0,0.0,4.0,5.0,19.0,38.0,43.0,28.0,13.0,79.0,143.0,134.0,1330.0,393.0,44.0,262.0,751.0,12171.0,26.0,920.0,549.0,446.0,2326.0,883.0,913.0,1288.0,3012.0,787.0,266.0,49.0,5.0,79.0,226.0,97.0,12.0,17.0,44.0,12.0,2.0,24.0,5.0,1.0,5.0,9.0,0.0,1.0,0.0,91.0,20.0,109.0,2146.0,1977.0,16375.0,6315.0,419.0,75.0,45.0,0.0,2011,12,193873,参考第2表(12月),福井県,136.5061,35.6233,27481.0,355.0
148,148,2011-11-01,30100.0,155.0,2.0,13.0,57.0,20.0,20.0,240.0,45.0,46.0,110.0,251.0,165.0,1542.0,693.0,1227.0,862.0,592.0,7044.0,1018.0,360.0,1611.0,432.0,3346.0,1907.0,658.0,797.0,2852.0,889.0,479.0,91.0,8.0,814.0,301.0,229.0,141.0,62.0,244.0,59.0,6.0,94.0,11.0,4.0,2.0,17.0,6.0,6.0,0.0,201.0,155.0,352.0,3870.0,3041.0,14340.0,5766.0,1493.0,371.0,140.0,0.0,2011,11,193873,参考第2表(11月),福井県,136.6887,35.6057,29528.0,572.0
149,149,2011-10-01,21594.0,42.0,6.0,42.0,36.0,177.0,101.0,103.0,95.0,58.0,254.0,200.0,271.0,1167.0,342.0,1069.0,811.0,456.0,4734.0,484.0,471.0,717.0,854.0,2735.0,552.0,579.0,650.0,2249.0,678.0,195.0,71.0,30.0,100.0,118.0,83.0,97.0,94.0,96.0,38.0,8.0,77.0,4.0,10.0,27.0,16.0,5.0,11.0,0.0,76.0,42.0,465.0,2871.0,2807.0,9592.0,4422.0,428.0,236.0,150.0,0.0,2011,10,193873,参考第2表(10月),福井県,136.923,35.6827,21013.0,581.0
150,150,2011-09-01,26888.0,72.0,39.0,57.0,91.0,130.0,150.0,215.0,102.0,79.0,150.0,370.0,205.0,1677.0,584.0,432.0,898.0,619.0,5475.0,33.0,676.0,1137.0,643.0,4287.0,477.0,624.0,1250.0,3396.0,1401.0,373.0,88.0,11.0,93.0,181.0,107.0,33.0,16.0,59.0,36.0,10.0,40.0,44.0,0.0,10.0,0.0,5.0,54.0,19.0,52.0,72.0,682.0,3200.0,2625.0,12019.0,7132.0,425.0,121.0,153.0,19.0,2011,9,184889,参考第2表(9月),福井県,136.7983,35.56,26448.0,440.0
151,151,2011-08-01,49374.0,33.0,39.0,8.0,80.0,11.0,19.0,56.0,103.0,37.0,99.0,372.0,317.0,3019.0,486.0,325.0,1185.0,742.0,3882.0,95.0,464.0,2041.0,507.0,6909.0,1250.0,1936.0,7511.0,10504.0,3801.0,1426.0,569.0,8.0,21.0,435.0,124.0,28.0,76.0,72.0,41.0,14.0,40.0,3.0,10.0,7.0,8.0,4.0,4.0,2.0,183.0,33.0,213.0,4528.0,2716.0,14589.0,25747.0,616.0,203.0,76.0,2.0,2011,8,184889,参考第2表(8月),福井県,136.3806,35.1895,48723.0,651.0
152,152,2011-07-01,29985.0,31.0,54.0,4.0,125.0,32.0,2.0,79.0,85.0,33.0,84.0,178.0,140.0,1398.0,262.0,537.0,880.0,525.0,5799.0,145.0,562.0,1539.0,274.0,4519.0,713.0,1369.0,2014.0,4916.0,1634.0,748.0,173.0,8.0,58.0,108.0,71.0,237.0,17.0,155.0,39.0,16.0,30.0,4.0,4.0,10.0,16.0,1.0,26.0,1.0,62.0,31.0,296.0,2325.0,2504.0,12844.0,10854.0,482.0,227.0,91.0,1.0,2011,7,184889,参考第2表(7月),福井県,136.4769,35.4138,29655.0,330.0
153,153,2011-06-01,13988.0,18.0,0.0,52.0,83.0,11.0,11.0,28.0,50.0,16.0,17.0,83.0,60.0,618.0,174.0,331.0,415.0,582.0,4429.0,36.0,504.0,323.0,494.0,1263.0,183.0,324.0,586.0,1405.0,441.0,182.0,47.0,19.0,278.0,200.0,67.0,9.0,8.0,73.0,13.0,31.0,12.0,6.0,6.0,5.0,12.0,1.0,0.0,3.0,130.0,18.0,185.0,1054.0,1832.0,6692.0,2985.0,573.0,125.0,42.0,3.0,2011,6,170420,参考第2表(6月),福井県,136.5921,35.6784,13509.0,479.0
154,154,2011-05-01,14776.0,79.0,0.0,51.0,5.0,6.0,46.0,13.0,65.0,17.0,59.0,112.0,79.0,1629.0,219.0,336.0,357.0,375.0,3594.0,70.0,139.0,446.0,149.0,1648.0,310.0,546.0,578.0,1845.0,523.0,209.0,63.0,8.0,42.0,55.0,273.0,19.0,5.0,6.0,18.0,31.0,62.0,2.0,14.0,4.0,5.0,1.0,13.0,0.0,288.0,79.0,121.0,2250.0,1207.0,6147.0,3764.0,397.0,60.0,101.0,0.0,2011,5,170420,参考第2表(5月),福井県,136.7477,35.5705,14126.0,650.0
155,155,2011-04-01,17134.0,30.0,0.0,2.0,14.0,3.0,127.0,2.0,15.0,2.0,15.0,66.0,92.0,963.0,166.0,126.0,221.0,274.0,3309.0,26.0,175.0,306.0,164.0,1099.0,206.0,299.0,395.0,7848.0,415.0,175.0,56.0,0.0,13.0,82.0,21.0,12.0,3.0,63.0,16.0,2.0,7.0,0.0,5.0,0.0,10.0,2.0,3.0,0.0,47.0,30.0,148.0,1345.0,796.0,5084.0,9188.0,128.0,84.0,27.0,0.0,2011,4,170420,参考第2表(4月),福井県,136.2562,35.2405,16830.0,304.0
156,156,2011-03-01,13866.0,11.0,0.0,5.0,5.0,3.0,80.0,6.0,18.0,46.0,21.0,76.0,89.0,1656.0,200.0,43.0,178.0,524.0,3256.0,173.0,94.0,337.0,224.0,1988.0,299.0,425.0,808.0,1972.0,431.0,483.0,53.0,23.0,130.0,15.0,13.0,39.0,14.0,14.0,5.0,6.0,33.0,2.0,5.0,6.0,2.0,0.0,3.0,0.0,54.0,11.0,99.0,2279.0,839.0,6104.0,4172.0,220.0,39.0,51.0,0.0,2011,3,170419,参考第2表(3月),福井県,136.7443,35.4544,13814.0,52.0
157,157,2011-02-01,13685.0,28.0,6.0,0.0,4.0,4.0,12.0,3.0,6.0,10.0,55.0,71.0,71.0,1288.0,438.0,33.0,115.0,370.0,3726.0,158.0,47.0,242.0,221.0,1280.0,406.0,419.0,799.0,2348.0,394.0,697.0,121.0,8.0,3.0,51.0,56.0,7.0,10.0,34.0,5.0,2.0,25.0,8.0,36.0,6.0,2.0,1.0,5.0,2.0,51.0,28.0,29.0,2097.0,565.0,5875.0,4778.0,125.0,51.0,83.0,2.0,2011,2,170419,参考第2表(2月),福井県,136.6106,35.3992,13633.0,52.0
158,158,2011-01-01,13361.0,17.0,3.0,7.0,24.0,2.0,8.0,13.0,20.0,32.0,20.0,139.0,116.0,1241.0,214.0,36.0,142.0,418.0,3396.0,40.0,56.0,264.0,319.0,1448.0,217.0,284.0,739.0,2083.0,353.0,812.0,382.0,0.0,4.0,28.0,100.0,3.0,15.0,135.0,9.0,3.0,42.0,0.0,0.0,1.0,7.0,4.0,0.0,0.0,168.0,17.0,57.0,1822.0,652.0,5644.0,4653.0,135.0,162.0,54.0,0.0,2011,1,170419,参考第2表(1月),福井県,136.5892,35.3834,13196.0,165.0
159,159,2010-12-01,16686.0,38.0,5.0,8.0,10.0,19.0,70.0,39.0,32.0,12.0,23.0,70.0,95.0,1172.0,148.0,46.0,124.0,427.0,6583.0,41.0,36.0,331.0,173.0,1854.0,376.0,423.0,901.0,2153.0,423.0,239.0,71.0,8.0,38.0,82.0,129.0,11.0,77.0,94.0,7.0,12.0,49.0,16.0,9.0,8.0,5.0,5.0,10.0,12.0,172.0,38.0,151.0,1593.0,633.0,9317.0,4210.0,268.0,190.0,102.0,12.0,2010,12,136761,参考第2表(12月),福井県,136.4651,35.5409,16514.0,172.0
160,160,2010-11-01,16276.0,58.0,23.0,20.0,29.0,14.0,31.0,28.0,39.0,28.0,49.0,169.0,111.0,868.0,146.0,91.0,121.0,222.0,3615.0,60.0,70.0,257.0,142.0,1122.0,259.0,617.0,795.0,3027.0,1068.0,1000.0,164.0,21.0,110.0,206.0,575.0,37.0,447.0,142.0,172.0,29.0,83.0,15.0,22.0,31.0,12.0,11.0,62.0,10.0,55.0,58.0,145.0,1470.0,504.0,5395.0,6671.0,949.0,790.0,236.0,10.0,2010,11,136761,参考第2表(11月),福井県,136.0318,35.2268,16228.0,48.0
161,161,2010-10-01,11773.0,28.0,13.0,22.0,27.0,25.0,23.0,85.0,99.0,37.0,35.0,119.0,133.0,1066.0,181.0,318.0,192.0,414.0,2045.0,27.0,89.0,510.0,145.0,1291.0,322.0,311.0,681.0,1259.0,655.0,166.0,53.0,14.0,20.0,74.0,519.0,298.0,18.0,40.0,36.0,12.0,41.0,22.0,18.0,20.0,14.0,24.0,18.0,14.0,202.0,28.0,195.0,1697.0,1013.0,4313.0,3125.0,925.0,106.0,157.0,14.0,2010,10,136761,参考第2表(10月),福井県,136.4549,35.4274,11573.0,200.0
162,162,2010-09-01,10774.0,211.0,6.0,7.0,12.0,2.0,25.0,11.0,35.0,35.0,52.0,684.0,84.0,821.0,211.0,163.0,98.0,383.0,1507.0,13.0,56.0,200.0,134.0,1185.0,116.0,306.0,494.0,2001.0,414.0,225.0,20.0,12.0,45.0,17.0,113.0,127.0,10.0,220.0,10.0,7.0,32.0,2.0,6.0,5.0,2.0,2.0,0.0,0.0,208.0,211.0,63.0,1935.0,700.0,3142.0,3460.0,314.0,247.0,49.0,0.0,2010,9,130260,参考第2表(9月),福井県,136.7703,35.5312,10121.0,653.0
163,163,2010-08-01,25944.0,5.0,2.0,0.0,9.0,2.0,0.0,4.0,5.0,2.0,4.0,65.0,38.0,330.0,103.0,34.0,23.0,32.0,121.0,11.0,15.0,15.0,19.0,141.0,13.0,23.0,100.0,167.0,97.0,20.0,6.0,0.0,0.0,17.0,18.0,1.0,5.0,8.0,6.0,13.0,20.0,0.0,5.0,4.0,6.0,0.0,1.0,2.0,145.0,5.0,17.0,558.0,104.0,309.0,413.0,36.0,32.0,36.0,2.0,2010,8,130260,参考第2表(8月),福井県,137.2914,35.412,1512.0,24432.0
164,164,2010-07-01,12947.0,22.0,2.0,15.0,43.0,9.0,19.0,20.0,31.0,14.0,14.0,183.0,77.0,970.0,177.0,51.0,147.0,213.0,1540.0,5.0,45.0,623.0,65.0,1777.0,307.0,346.0,1308.0,2481.0,816.0,339.0,135.0,0.0,2.0,58.0,45.0,3.0,50.0,16.0,6.0,15.0,190.0,7.0,2.0,11.0,0.0,0.0,0.0,0.0,101.0,22.0,108.0,1471.0,456.0,4312.0,5425.0,108.0,87.0,210.0,0.0,2010,7,130260,参考第2表(7月),福井県,136.4274,35.2358,12199.0,748.0
165,165,2010-06-01,9131.0,42.0,5.0,38.0,28.0,5.0,2.0,29.0,16.0,5.0,13.0,685.0,58.0,626.0,139.0,78.0,31.0,116.0,1760.0,8.0,38.0,103.0,98.0,819.0,122.0,139.0,362.0,1211.0,162.0,95.0,20.0,4.0,42.0,55.0,47.0,6.0,8.0,9.0,9.0,15.0,62.0,3.0,2.0,3.0,4.0,1.0,0.0,0.0,160.0,42.0,107.0,1550.0,263.0,2902.0,1989.0,154.0,41.0,75.0,0.0,2010,6,124967,参考第2表(6月),福井県,136.9106,35.5357,7123.0,2008.0
166,166,2010-05-01,10957.0,30.0,12.0,2.0,11.0,3.0,10.0,11.0,69.0,22.0,28.0,217.0,88.0,1606.0,165.0,240.0,118.0,240.0,1109.0,21.0,119.0,222.0,86.0,713.0,128.0,239.0,459.0,1144.0,343.0,83.0,42.0,0.0,11.0,37.0,144.0,1.0,24.0,22.0,12.0,15.0,26.0,3.0,4.0,7.0,6.0,4.0,6.0,42.0,122.0,30.0,49.0,2216.0,717.0,2258.0,2310.0,193.0,73.0,56.0,42.0,2010,5,124967,参考第2表(5月),福井県,137.084,35.4672,7944.0,3013.0
167,167,2010-04-01,14118.0,19.0,0.0,2.0,14.0,5.0,16.0,5.0,32.0,27.0,9.0,285.0,97.0,1770.0,181.0,895.0,147.0,168.0,1777.0,11.0,35.0,197.0,84.0,1269.0,234.0,274.0,510.0,4703.0,318.0,150.0,76.0,7.0,3.0,31.0,61.0,18.0,16.0,30.0,25.0,19.0,29.0,2.0,6.0,12.0,2.0,0.0,2.0,8.0,233.0,19.0,42.0,2412.0,1245.0,3561.0,6031.0,120.0,90.0,53.0,8.0,2010,4,124967,参考第2表(4月),福井県,136.7653,35.3927,13581.0,537.0
168,168,2010-03-01,15115.0,15.0,3.0,1.0,9.0,2.0,1.0,3.0,12.0,5.0,3.0,105.0,77.0,389.0,125.0,17.0,25.0,60.0,173.0,3.0,18.0,13.0,33.0,148.0,17.0,16.0,65.0,149.0,53.0,22.0,1.0,0.0,1.0,7.0,11.0,4.0,8.0,3.0,24.0,5.0,8.0,0.0,1.0,1.0,2.0,1.0,5.0,0.0,55.0,15.0,19.0,719.0,120.0,384.0,306.0,23.0,40.0,18.0,0.0,2010,3,117733,参考第1表(3月),福井県,137.7264,35.5761,1644.0,13471.0
169,169,2010-02-01,15651.0,18.0,2.0,0.0,2.0,1.0,7.0,1.0,26.0,25.0,15.0,151.0,101.0,916.0,210.0,411.0,247.0,262.0,4345.0,7.0,49.0,681.0,1093.0,1389.0,379.0,438.0,824.0,2501.0,416.0,274.0,75.0,5.0,0.0,17.0,37.0,5.0,347.0,6.0,9.0,10.0,24.0,4.0,10.0,0.0,1.0,8.0,2.0,0.0,97.0,18.0,13.0,1451.0,969.0,7887.0,4528.0,64.0,372.0,49.0,0.0,2010,2,117733,参考第1表(2月),福井県,136.6403,35.4443,15351.0,300.0
170,170,2010-01-01,13900.0,20.0,5.0,2.0,8.0,2.0,3.0,5.0,11.0,10.0,13.0,139.0,85.0,550.0,129.0,21.0,52.0,129.0,1711.0,11.0,29.0,67.0,107.0,316.0,85.0,142.0,215.0,497.0,212.0,73.0,2.0,0.0,0.0,41.0,10.0,0.0,4.0,27.0,8.0,5.0,29.0,2.0,0.0,3.0,7.0,1.0,2.0,1.0,19.0,20.0,25.0,948.0,231.0,2286.0,1141.0,51.0,44.0,44.0,1.0,2010,1,117733,参考第1表(1月),福井県,136.8399,35.5897,4791.0,9109.0
171,171,2009-12-01,38725.0,24.0,5.0,14.0,3.0,3.0,6.0,8.0,42.0,21.0,48.0,147.0,113.0,1398.0,215.0,75.0,509.0,1027.0,19322.0,76.0,347.0,885.0,358.0,3744.0,724.0,1521.0,1774.0,3914.0,727.0,526.0,74.0,5.0,6.0,76.0,77.0,29.0,21.0,190.0,23.0,12.0,36.0,6.0,5.0,10.0,2.0,8.0,1.0,0.0,219.0,24.0,39.0,2060.0,1958.0,25033.0,8536.0,193.0,246.0,68.0,0.0,2009,12,59523,参考第1表（12月）,福井県,136.3883,35.6413,38157.0,568.0
172,172,2009-11-01,38701.0,52.0,13.0,22.0,60.0,40.0,59.0,407.0,84.0,102.0,222.0,284.0,250.0,1905.0,412.0,515.0,1342.0,780.0,10389.0,170.0,1654.0,1156.0,531.0,4338.0,1228.0,1410.0,1505.0,4819.0,1881.0,708.0,179.0,55.0,386.0,266.0,227.0,83.0,43.0,239.0,70.0,18.0,100.0,16.0,11.0,62.0,27.0,38.0,2.0,17.0,122.0,52.0,601.0,3429.0,4291.0,17642.0,10502.0,1017.0,370.0,256.0,17.0,2009,11,59523,参考第1表（11月）,福井県,136.5603,35.5534,38177.0,524.0
173,173,2009-10-01,29451.0,362.0,73.0,6.0,44.0,10.0,88.0,209.0,145.0,44.0,62.0,218.0,204.0,1430.0,299.0,1037.0,1084.0,789.0,7712.0,103.0,488.0,1000.0,316.0,2989.0,893.0,977.0,1180.0,3628.0,874.0,404.0,433.0,46.0,84.0,108.0,436.0,63.0,59.0,240.0,49.0,25.0,259.0,58.0,20.0,235.0,10.0,32.0,20.0,5.0,208.0,362.0,430.0,2505.0,3398.0,12910.0,7496.0,737.0,373.0,634.0,5.0,2009,10,59523,参考第1表（10月）,福井県,136.52,35.6374,28850.0,601.0
174,174,2009-09-01,18114.0,41.0,51.0,12.0,37.0,56.0,95.0,67.0,54.0,16.0,148.0,186.0,154.0,1162.0,423.0,263.0,423.0,442.0,3778.0,20.0,199.0,446.0,355.0,1568.0,373.0,583.0,1011.0,3350.0,978.0,384.0,81.0,33.0,21.0,120.0,127.0,29.0,48.0,110.0,101.0,6.0,58.0,13.0,0.0,50.0,1.0,4.0,4.0,0.0,200.0,41.0,318.0,2163.0,1327.0,6520.0,6387.0,330.0,265.0,130.0,0.0,2009,9,59524,参考第1表（9月）,福井県,136.5648,35.4517,17481.0,633.0
175,175,2009-08-01,38231.0,57.0,2.0,18.0,19.0,2.0,10.0,81.0,63.0,30.0,49.0,181.0,158.0,1744.0,369.0,203.0,388.0,858.0,3768.0,17.0,226.0,1518.0,298.0,4479.0,858.0,2031.0,3794.0,10775.0,2949.0,1395.0,422.0,6.0,26.0,625.0,80.0,10.0,38.0,57.0,43.0,34.0,24.0,9.0,8.0,1.0,3.0,0.0,3.0,1.0,96.0,57.0,132.0,2611.0,1675.0,10921.0,21366.0,747.0,172.0,48.0,1.0,2009,8,59524,参考第1表（8月）,福井県,136.2083,35.1429,37730.0,501.0
176,176,2009-07-01,25020.0,21.0,3.0,19.0,27.0,5.0,38.0,76.0,32.0,33.0,75.0,98.0,145.0,1155.0,210.0,269.0,429.0,299.0,5881.0,7.0,95.0,800.0,408.0,2386.0,428.0,975.0,2422.0,5458.0,1586.0,526.0,271.0,11.0,11.0,72.0,45.0,24.0,27.0,8.0,100.0,24.0,28.0,6.0,2.0,12.0,2.0,0.0,4.0,5.0,86.0,21.0,168.0,1755.0,1092.0,9903.0,11238.0,163.0,159.0,54.0,5.0,2009,7,59524,参考第1表（7月）,福井県,136.3247,35.3301,24558.0,462.0
177,177,2009-06-01,27060.0,26.0,5.0,37.0,73.0,55.0,122.0,403.0,45.0,294.0,71.0,165.0,120.0,1741.0,485.0,466.0,724.0,525.0,11952.0,77.0,387.0,718.0,504.0,1984.0,609.0,718.0,664.0,2348.0,600.0,213.0,143.0,76.0,83.0,77.0,226.0,32.0,20.0,49.0,88.0,9.0,29.0,5.0,13.0,0.0,10.0,2.0,0.0,0.0,63.0,26.0,695.0,2998.0,2102.0,15767.0,4686.0,494.0,166.0,59.0,0.0,2009,6,59525,参考第1表（6月）,福井県,136.7323,35.7597,26993.0,67.0
178,178,2009-05-01,26406.0,55.0,15.0,17.0,34.0,20.0,25.0,98.0,96.0,83.0,369.0,463.0,219.0,2286.0,432.0,425.0,695.0,702.0,6274.0,73.0,307.0,1116.0,441.0,2687.0,829.0,767.0,1088.0,3823.0,744.0,367.0,59.0,154.0,51.0,136.0,631.0,89.0,10.0,186.0,205.0,16.0,61.0,15.0,8.0,6.0,15.0,0.0,2.0,7.0,206.0,55.0,209.0,4021.0,2129.0,11347.0,6848.0,1061.0,417.0,107.0,7.0,2009,5,59525,参考第1表（5月）,福井県,136.6488,35.5001,26201.0,205.0
179,179,2009-04-01,26018.0,141.0,6.0,7.0,56.0,389.0,25.0,12.0,69.0,65.0,213.0,289.0,107.0,1197.0,306.0,177.0,338.0,562.0,6701.0,70.0,113.0,630.0,622.0,2308.0,766.0,763.0,972.0,5972.0,622.0,223.0,273.0,5.0,6.0,135.0,582.0,48.0,42.0,98.0,194.0,7.0,157.0,4.0,8.0,40.0,3.0,8.0,4.0,39.0,645.0,141.0,495.0,2316.0,1190.0,11027.0,8825.0,776.0,341.0,224.0,39.0,2009,4,59525,参考第1表（4月）,福井県,136.3669,35.437,25374.0,644.0
180,180,2009-03-01,34077.0,35.0,3.0,4.0,88.0,522.0,7.0,9.0,39.0,26.0,36.0,318.0,176.0,1188.0,267.0,202.0,935.0,959.0,11314.0,38.0,188.0,1030.0,410.0,3931.0,1048.0,1535.0,1788.0,4247.0,1121.0,621.0,170.0,7.0,7.0,291.0,231.0,20.0,106.0,113.0,313.0,17.0,44.0,31.0,13.0,2.0,2.0,5.0,4.0,0.0,89.0,35.0,633.0,2088.0,2284.0,17733.0,9482.0,556.0,549.0,101.0,0.0,2009,3,59526,参考第1表（3月）,福井県,136.418,35.5539,33461.0,616.0
181,181,2009-02-01,34317.0,15.0,16.0,29.0,21.0,26.0,45.0,49.0,71.0,44.0,64.0,192.0,232.0,934.0,293.0,148.0,1075.0,1218.0,14031.0,33.0,149.0,866.0,489.0,3234.0,947.0,1362.0,1467.0,4097.0,1049.0,460.0,240.0,6.0,0.0,89.0,53.0,13.0,14.0,117.0,600.0,12.0,23.0,2.0,2.0,2.0,1.0,3.0,0.0,4.0,79.0,15.0,186.0,1863.0,2590.0,19567.0,8675.0,161.0,743.0,33.0,4.0,2009,2,59526,参考第1表（2月）,福井県,136.364,35.572,33837.0,480.0
182,182,2009-01-01,30832.0,35.0,4.0,14.0,15.0,20.0,4.0,0.0,19.0,19.0,29.0,131.0,93.0,1202.0,191.0,94.0,723.0,1526.0,11743.0,24.0,101.0,653.0,371.0,3519.0,520.0,1344.0,1760.0,3824.0,868.0,477.0,166.0,6.0,6.0,85.0,52.0,23.0,30.0,126.0,209.0,16.0,25.0,4.0,2.0,7.0,0.0,1.0,9.0,6.0,315.0,35.0,57.0,1708.0,2444.0,16806.0,8439.0,172.0,381.0,48.0,6.0,2009,1,59526,参考第1表（1月）,福井県,136.3714,35.5572,30096.0,736.0
183,183,2008-12-01,47040.0,36.0,16.0,29.0,35.0,18.0,36.0,42.0,51.0,67.0,43.0,155.0,193.0,1545.0,363.0,126.0,766.0,2329.0,23233.0,63.0,212.0,941.0,532.0,4451.0,996.0,1749.0,1656.0,4234.0,992.0,561.0,192.0,13.0,454.0,61.0,56.0,15.0,23.0,213.0,63.0,12.0,35.0,9.0,12.0,29.0,5.0,267.0,19.0,0.0,88.0,36.0,176.0,2480.0,3433.0,30153.0,9384.0,599.0,311.0,376.0,0.0,2008,12,59528,参考第1表（12月）,福井県,136.3584,35.6604,46948.0,92.0
184,184,2008-11-01,48521.0,91.0,80.0,27.0,156.0,23.0,147.0,219.0,103.0,39.0,298.0,638.0,309.0,1826.0,537.0,938.0,1333.0,1718.0,15523.0,196.0,671.0,1312.0,730.0,4395.0,1692.0,1922.0,1974.0,6477.0,1664.0,597.0,288.0,13.0,950.0,178.0,253.0,72.0,323.0,240.0,172.0,19.0,87.0,5.0,39.0,20.0,15.0,30.0,29.0,4.0,151.0,91.0,652.0,3946.0,4660.0,23652.0,12922.0,1466.0,754.0,225.0,4.0,2008,11,59528,参考第1表（11月）,福井県,136.4662,35.5845,48372.0,149.0
185,185,2008-10-01,37865.0,193.0,37.0,199.0,63.0,48.0,89.0,250.0,129.0,47.0,537.0,273.0,298.0,1858.0,809.0,1076.0,1251.0,1037.0,9775.0,369.0,981.0,1255.0,836.0,3691.0,1613.0,1573.0,1339.0,4805.0,1189.0,361.0,243.0,117.0,113.0,164.0,338.0,36.0,60.0,168.0,48.0,29.0,92.0,16.0,18.0,6.0,15.0,42.0,15.0,56.0,301.0,193.0,686.0,4320.0,4345.0,17170.0,9510.0,768.0,305.0,204.0,56.0,2008,10,59528,参考第1表（10月）,福井県,136.7286,35.6272,37557.0,308.0
186,186,2008-09-01,29819.0,118.0,43.0,14.0,92.0,21.0,45.0,71.0,197.0,53.0,105.0,191.0,148.0,1360.0,464.0,399.0,665.0,1145.0,8230.0,120.0,276.0,675.0,620.0,3396.0,1587.0,1048.0,1231.0,3955.0,1363.0,427.0,145.0,45.0,19.0,219.0,131.0,76.0,39.0,161.0,83.0,18.0,64.0,4.0,24.0,15.0,13.0,14.0,29.0,46.0,76.0,118.0,286.0,2638.0,2485.0,14508.0,8169.0,490.0,301.0,163.0,46.0,2008,9,59530,参考第1表（9月）,福井県,136.5263,35.5023,29204.0,615.0
187,187,2008-08-01,57391.0,104.0,12.0,69.0,21.0,18.0,21.0,43.0,52.0,61.0,101.0,301.0,254.0,2396.0,547.0,312.0,1217.0,850.0,6407.0,79.0,368.0,2897.0,754.0,6911.0,2077.0,4055.0,5723.0,14265.0,3810.0,1621.0,608.0,10.0,18.0,241.0,207.0,35.0,85.0,85.0,32.0,24.0,45.0,7.0,24.0,38.0,84.0,4.0,6.0,2.0,168.0,104.0,184.0,3791.0,2747.0,19046.0,30082.0,511.0,226.0,208.0,2.0,2008,8,59530,参考第1表（8月）,福井県,136.2762,35.1839,56901.0,490.0
188,188,2008-07-01,34652.0,69.0,25.0,23.0,18.0,14.0,171.0,165.0,79.0,53.0,182.0,122.0,153.0,1270.0,307.0,392.0,710.0,951.0,8026.0,119.0,284.0,1451.0,350.0,3681.0,1509.0,1769.0,2983.0,5221.0,1741.0,913.0,397.0,29.0,30.0,162.0,223.0,25.0,23.0,126.0,38.0,10.0,25.0,16.0,10.0,19.0,1.0,16.0,10.0,1.0,174.0,69.0,416.0,2285.0,2337.0,15017.0,13024.0,469.0,197.0,97.0,1.0,2008,7,59530,参考第1表（7月）,福井県,136.3999,35.4159,33912.0,740.0
189,189,2008-06-01,31192.0,210.0,73.0,46.0,174.0,130.0,86.0,110.0,92.0,76.0,113.0,364.0,182.0,1418.0,315.0,825.0,1288.0,925.0,9809.0,66.0,773.0,627.0,422.0,3334.0,730.0,1194.0,918.0,3921.0,1002.0,383.0,129.0,75.0,80.0,181.0,251.0,22.0,29.0,57.0,107.0,4.0,58.0,5.0,15.0,4.0,2.0,5.0,19.0,0.0,218.0,210.0,619.0,2626.0,3811.0,14922.0,7547.0,609.0,197.0,108.0,0.0,2008,6,59532,参考第1表（6月）,福井県,136.668,35.7244,30649.0,543.0
190,190,2008-05-01,30038.0,169.0,18.0,15.0,117.0,28.0,37.0,72.0,42.0,40.0,102.0,318.0,280.0,2199.0,397.0,561.0,1139.0,1021.0,7826.0,195.0,489.0,734.0,548.0,2573.0,681.0,1302.0,1929.0,3367.0,1263.0,348.0,198.0,14.0,10.0,256.0,373.0,30.0,75.0,156.0,110.0,20.0,83.0,8.0,29.0,22.0,17.0,28.0,8.0,223.0,157.0,169.0,287.0,3573.0,3210.0,12362.0,8407.0,683.0,361.0,195.0,223.0,2008,5,59532,参考第1表（5月）,福井県,136.5589,35.5131,29470.0,568.0
191,191,2008-04-01,33075.0,303.0,9.0,20.0,55.0,51.0,18.0,86.0,43.0,29.0,121.0,301.0,97.0,2131.0,517.0,371.0,750.0,636.0,8954.0,95.0,319.0,902.0,276.0,3915.0,493.0,988.0,1315.0,6564.0,1407.0,379.0,93.0,13.0,37.0,266.0,277.0,414.0,37.0,41.0,88.0,27.0,55.0,5.0,17.0,12.0,8.0,10.0,3.0,45.0,125.0,303.0,239.0,3334.0,2076.0,14540.0,10746.0,1007.0,193.0,110.0,45.0,2008,4,59532,参考第1表（4月）,福井県,136.4524,35.4903,32593.0,482.0
192,192,2008-03-01,44758.0,22.0,28.0,65.0,68.0,14.0,46.0,96.0,154.0,56.0,64.0,167.0,137.0,1583.0,651.0,234.0,1201.0,1267.0,14973.0,48.0,308.0,1272.0,401.0,4613.0,1335.0,2123.0,2544.0,7002.0,1996.0,608.0,497.0,26.0,4.0,78.0,127.0,19.0,53.0,37.0,78.0,14.0,168.0,6.0,6.0,5.0,7.0,5.0,10.0,2.0,111.0,22.0,317.0,2860.0,3010.0,22594.0,14770.0,254.0,182.0,207.0,2.0,2008,3,59534,参考第1表（3月）,福井県,136.3814,35.4877,44218.0,540.0
193,193,2008-02-01,43659.0,29.0,6.0,3.0,6.0,2.0,9.0,1.0,61.0,27.0,21.0,108.0,109.0,1099.0,306.0,245.0,1010.0,1348.0,17782.0,57.0,296.0,1287.0,379.0,4515.0,1253.0,1826.0,2105.0,6126.0,1333.0,745.0,311.0,6.0,3.0,75.0,269.0,21.0,37.0,137.0,29.0,14.0,66.0,6.0,9.0,7.0,2.0,14.0,18.0,0.0,216.0,29.0,27.0,1788.0,2899.0,25216.0,12446.0,374.0,217.0,122.0,0.0,2008,2,59534,参考第1表（2月）,福井県,136.305,35.5376,43118.0,541.0
194,194,2008-01-01,40272.0,117.0,6.0,6.0,10.0,9.0,5.0,68.0,23.0,35.0,36.0,136.0,90.0,1367.0,276.0,119.0,743.0,1102.0,16451.0,25.0,112.0,1110.0,373.0,4152.0,945.0,1690.0,2671.0,5526.0,1252.0,895.0,336.0,2.0,4.0,56.0,44.0,13.0,17.0,34.0,33.0,22.0,26.0,10.0,24.0,3.0,2.0,8.0,4.0,5.0,104.0,117.0,104.0,1988.0,2076.0,23031.0,12370.0,119.0,106.0,77.0,5.0,2008,1,59534,参考第1表（1月）,福井県,136.3488,35.5428,39993.0,279.0
